ISO-10303-21;
HEADER;
FILE_DESCRIPTION(('ViewDefinition [CoordinationView]'),'2;1');
FILE_NAME('','2026-04-07T11:25:01',(''),(''),'IfcOpenShell 0.8.0','IfcOpenShell 0.8.0','');
FILE_SCHEMA(('IFC2X3'));
ENDSEC;
DATA;
#1=IFCOWNERHISTORY($,$,$,$,$,$,$,$);
#2=IFCPERSON('OsdagUser','User',$,$,$,$,$,$);
#3=IFCORGANIZATION('Osdag','Osdag',$,$,$);
#4=IFCPERSONANDORGANIZATION(#2,#3,$);
#5=IFCAPPLICATION(#3,'1.0','Osdag Structural Design','OSDAG');
#6=IFCOWNERHISTORY(#4,#5,$,.ADDED.,$,$,$,1775561101);
#7=IFCSIUNIT(*,.LENGTHUNIT.,.MILLI.,.METRE.);
#8=IFCSIUNIT(*,.AREAUNIT.,$,.SQUARE_METRE.);
#9=IFCSIUNIT(*,.VOLUMEUNIT.,$,.CUBIC_METRE.);
#10=IFCSIUNIT(*,.MASSUNIT.,.KILO.,.GRAM.);
#11=IFCSIUNIT(*,.PLANEANGLEUNIT.,$,.RADIAN.);
#12=IFCUNITASSIGNMENT((#7,#8,#9,#10,#11));
#13=IFCCARTESIANPOINT((0.,0.,0.));
#14=IFCDIRECTION((0.,0.,1.));
#15=IFCDIRECTION((1.,0.,0.));
#16=IFCAXIS2PLACEMENT3D(#13,#14,#15);
#17=IFCDIRECTION((0.,1.,0.));
#18=IFCGEOMETRICREPRESENTATIONCONTEXT($,'Model',3,1.E-05,#16,#17);
#19=IFCPROJECT('1RIDhNG$zI_PHO4xBqnrHO',#6,'Osdag Connection Design',$,$,$,$,(#18),#12);
#20=IFCSITE('0rkiksGLfQSwB2LfqbwtKG',#6,'Site',$,$,$,$,$,.COMPLEX.,$,$,$,$,$);
#21=IFCRELAGGREGATES('1CwteceVf74e14Uaex03ot',#6,$,$,#19,(#20));
#22=IFCBUILDING('24uyzAHTfJsxIQaaX2cD42',#6,'Building',$,$,$,$,$,.COMPLEX.,$,$,$);
#23=IFCRELAGGREGATES('3NidBvq5vCJxW1d7zTLHvw',#6,$,$,#20,(#22));
#24=IFCBUILDINGSTOREY('0ct$sI_tDUTuLtB_4Gsify',#6,'Level 1',$,$,#30,$,$,.COMPLEX.,0.);
#25=IFCRELAGGREGATES('22j$ta8HD8ABFUZ8zchGbT',#6,$,$,#22,(#24));
#26=IFCCARTESIANPOINT((0.,0.,0.));
#27=IFCDIRECTION((0.,0.,1.));
#28=IFCDIRECTION((1.,0.,0.));
#29=IFCAXIS2PLACEMENT3D(#26,#27,#28);
#30=IFCLOCALPLACEMENT($,#29);
#31=IFCCARTESIANPOINT((0.,0.,0.));
#32=IFCDIRECTION((0.,0.,1.));
#33=IFCDIRECTION((1.,0.,0.));
#34=IFCAXIS2PLACEMENT3D(#31,#32,#33);
#35=IFCCARTESIANPOINT((4.55,187.3));
#36=IFCCARTESIANPOINT((125.,187.3));
#37=IFCCARTESIANPOINT((125.,200.));
#38=IFCCARTESIANPOINT((-125.,200.));
#39=IFCCARTESIANPOINT((-125.,187.3));
#40=IFCCARTESIANPOINT((-4.55,187.3));
#41=IFCCARTESIANPOINT((-4.55,-187.3));
#42=IFCCARTESIANPOINT((-125.,-187.3));
#43=IFCCARTESIANPOINT((-125.,-200.));
#44=IFCCARTESIANPOINT((125.,-200.));
#45=IFCCARTESIANPOINT((125.,-187.3));
#46=IFCCARTESIANPOINT((4.55,-187.3));
#47=IFCCARTESIANPOINT((4.55,187.3));
#48=IFCPOLYLINE((#35,#36,#37,#38,#39,#40,#41,#42,#43,#44,#45,#46,#47));
#49=IFCARBITRARYCLOSEDPROFILEDEF(.AREA.,$,#48);
#50=IFCDIRECTION((0.,0.,1.));
#51=IFCEXTRUDEDAREASOLID(#49,#34,#50,1325.);
#52=IFCCARTESIANPOINT((0.,0.,0.));
#53=IFCDIRECTION((0.,0.,1.));
#54=IFCDIRECTION((1.,0.,0.));
#55=IFCAXIS2PLACEMENT3D(#52,#53,#54);
#56=IFCLOCALPLACEMENT(#30,#55);
#57=IFCSHAPEREPRESENTATION(#18,'Body','SweptSolid',(#51));
#58=IFCPRODUCTDEFINITIONSHAPE($,$,(#57));
#59=IFCCOLUMN('11Mp8u2YXE0fnr6SbHlp9f',#6,'Column',$,$,#56,#58,$);
#60=IFCCARTESIANPOINT((0.,0.));
#61=IFCDIRECTION((1.,0.));
#62=IFCAXIS2PLACEMENT2D(#60,#61);
#63=IFCCIRCLEPROFILEDEF(.AREA.,$,#62,4.5);
#64=IFCCARTESIANPOINT((0.,0.,0.));
#65=IFCDIRECTION((0.,0.,1.));
#66=IFCDIRECTION((1.,0.,0.));
#67=IFCAXIS2PLACEMENT3D(#64,#65,#66);
#68=IFCDIRECTION((0.,0.,1.));
#69=IFCEXTRUDEDAREASOLID(#63,#67,#68,127.8);
#70=IFCCARTESIANPOINT((0.,0.,0.));
#71=IFCAXIS2PLACEMENT3D(#70,$,$);
#72=IFCLOCALPLACEMENT(#56,#71);
#73=IFCSHAPEREPRESENTATION(#18,'Body','SweptSolid',(#69));
#74=IFCPRODUCTDEFINITIONSHAPE($,$,(#73));
#75=IFCOPENINGELEMENT('0ry$bKP8T138BrM_TqHQ$B',#6,'Bolt Hole',$,$,#72,#74,$);
#76=IFCRELVOIDSELEMENT('1WNLvwIeP1Lg2HeYDTWu9G',#6,$,$,#59,#75);
#77=IFCCARTESIANPOINT((0.,0.));
#78=IFCDIRECTION((1.,0.));
#79=IFCAXIS2PLACEMENT2D(#77,#78);
#80=IFCCIRCLEPROFILEDEF(.AREA.,$,#79,4.5);
#81=IFCCARTESIANPOINT((0.,0.,0.));
#82=IFCDIRECTION((0.,0.,1.));
#83=IFCDIRECTION((1.,0.,0.));
#84=IFCAXIS2PLACEMENT3D(#81,#82,#83);
#85=IFCDIRECTION((0.,0.,1.));
#86=IFCEXTRUDEDAREASOLID(#80,#84,#85,127.8);
#87=IFCCARTESIANPOINT((0.,0.,0.));
#88=IFCAXIS2PLACEMENT3D(#87,$,$);
#89=IFCLOCALPLACEMENT(#56,#88);
#90=IFCSHAPEREPRESENTATION(#18,'Body','SweptSolid',(#86));
#91=IFCPRODUCTDEFINITIONSHAPE($,$,(#90));
#92=IFCOPENINGELEMENT('3dwhSg8krFIB1bG6in5QOg',#6,'Bolt Hole',$,$,#89,#91,$);
#93=IFCRELVOIDSELEMENT('3p8KoX3M1F78NOJK1jbayZ',#6,$,$,#59,#92);
#94=IFCCARTESIANPOINT((0.,0.));
#95=IFCDIRECTION((1.,0.));
#96=IFCAXIS2PLACEMENT2D(#94,#95);
#97=IFCCIRCLEPROFILEDEF(.AREA.,$,#96,4.5);
#98=IFCCARTESIANPOINT((0.,0.,0.));
#99=IFCDIRECTION((0.,0.,1.));
#100=IFCDIRECTION((1.,0.,0.));
#101=IFCAXIS2PLACEMENT3D(#98,#99,#100);
#102=IFCDIRECTION((0.,0.,1.));
#103=IFCEXTRUDEDAREASOLID(#97,#101,#102,127.8);
#104=IFCCARTESIANPOINT((0.,0.,0.));
#105=IFCAXIS2PLACEMENT3D(#104,$,$);
#106=IFCLOCALPLACEMENT(#56,#105);
#107=IFCSHAPEREPRESENTATION(#18,'Body','SweptSolid',(#103));
#108=IFCPRODUCTDEFINITIONSHAPE($,$,(#107));
#109=IFCOPENINGELEMENT('1ZPrr13En3hRk0accFwAo3',#6,'Bolt Hole',$,$,#106,#108,$);
#110=IFCRELVOIDSELEMENT('3tJA1jBAH5EwOApaJKuliC',#6,$,$,#59,#109);
#111=IFCCARTESIANPOINT((0.,0.));
#112=IFCDIRECTION((1.,0.));
#113=IFCAXIS2PLACEMENT2D(#111,#112);
#114=IFCCIRCLEPROFILEDEF(.AREA.,$,#113,4.5);
#115=IFCCARTESIANPOINT((0.,0.,0.));
#116=IFCDIRECTION((0.,0.,1.));
#117=IFCDIRECTION((1.,0.,0.));
#118=IFCAXIS2PLACEMENT3D(#115,#116,#117);
#119=IFCDIRECTION((0.,0.,1.));
#120=IFCEXTRUDEDAREASOLID(#114,#118,#119,127.8);
#121=IFCCARTESIANPOINT((0.,0.,0.));
#122=IFCAXIS2PLACEMENT3D(#121,$,$);
#123=IFCLOCALPLACEMENT(#56,#122);
#124=IFCSHAPEREPRESENTATION(#18,'Body','SweptSolid',(#120));
#125=IFCPRODUCTDEFINITIONSHAPE($,$,(#124));
#126=IFCOPENINGELEMENT('33GA7qedn8HfS$Q2FQIRKZ',#6,'Bolt Hole',$,$,#123,#125,$);
#127=IFCRELVOIDSELEMENT('0IindQTyDFxhPdOuA0IHLJ',#6,$,$,#59,#126);
#128=IFCCARTESIANPOINT((0.,0.));
#129=IFCDIRECTION((1.,0.));
#130=IFCAXIS2PLACEMENT2D(#128,#129);
#131=IFCCIRCLEPROFILEDEF(.AREA.,$,#130,4.5);
#132=IFCCARTESIANPOINT((0.,0.,0.));
#133=IFCDIRECTION((0.,0.,1.));
#134=IFCDIRECTION((1.,0.,0.));
#135=IFCAXIS2PLACEMENT3D(#132,#133,#134);
#136=IFCDIRECTION((0.,0.,1.));
#137=IFCEXTRUDEDAREASOLID(#131,#135,#136,127.8);
#138=IFCCARTESIANPOINT((0.,0.,0.));
#139=IFCAXIS2PLACEMENT3D(#138,$,$);
#140=IFCLOCALPLACEMENT(#56,#139);
#141=IFCSHAPEREPRESENTATION(#18,'Body','SweptSolid',(#137));
#142=IFCPRODUCTDEFINITIONSHAPE($,$,(#141));
#143=IFCOPENINGELEMENT('3QRbEV6qP4zfSokE9i9ZZd',#6,'Bolt Hole',$,$,#140,#142,$);
#144=IFCRELVOIDSELEMENT('1RnYSzJXX1AQEGjiEdBe6t',#6,$,$,#59,#143);
#145=IFCCARTESIANPOINT((0.,0.));
#146=IFCDIRECTION((1.,0.));
#147=IFCAXIS2PLACEMENT2D(#145,#146);
#148=IFCCIRCLEPROFILEDEF(.AREA.,$,#147,4.5);
#149=IFCCARTESIANPOINT((0.,0.,0.));
#150=IFCDIRECTION((0.,0.,1.));
#151=IFCDIRECTION((1.,0.,0.));
#152=IFCAXIS2PLACEMENT3D(#149,#150,#151);
#153=IFCDIRECTION((0.,0.,1.));
#154=IFCEXTRUDEDAREASOLID(#148,#152,#153,127.8);
#155=IFCCARTESIANPOINT((0.,0.,0.));
#156=IFCAXIS2PLACEMENT3D(#155,$,$);
#157=IFCLOCALPLACEMENT(#56,#156);
#158=IFCSHAPEREPRESENTATION(#18,'Body','SweptSolid',(#154));
#159=IFCPRODUCTDEFINITIONSHAPE($,$,(#158));
#160=IFCOPENINGELEMENT('0aeYNeMa568fhI4zaczjFi',#6,'Bolt Hole',$,$,#157,#159,$);
#161=IFCRELVOIDSELEMENT('2MGRI6$Nr8fuDOZOL9T9lK',#6,$,$,#59,#160);
#162=IFCCARTESIANPOINT((0.,0.));
#163=IFCDIRECTION((1.,0.));
#164=IFCAXIS2PLACEMENT2D(#162,#163);
#165=IFCCIRCLEPROFILEDEF(.AREA.,$,#164,4.5);
#166=IFCCARTESIANPOINT((0.,0.,0.));
#167=IFCDIRECTION((0.,0.,1.));
#168=IFCDIRECTION((1.,0.,0.));
#169=IFCAXIS2PLACEMENT3D(#166,#167,#168);
#170=IFCDIRECTION((0.,0.,1.));
#171=IFCEXTRUDEDAREASOLID(#165,#169,#170,127.8);
#172=IFCCARTESIANPOINT((0.,0.,0.));
#173=IFCAXIS2PLACEMENT3D(#172,$,$);
#174=IFCLOCALPLACEMENT(#56,#173);
#175=IFCSHAPEREPRESENTATION(#18,'Body','SweptSolid',(#171));
#176=IFCPRODUCTDEFINITIONSHAPE($,$,(#175));
#177=IFCOPENINGELEMENT('3ZFU9KT8fC3v6wvc_ef0sz',#6,'Bolt Hole',$,$,#174,#176,$);
#178=IFCRELVOIDSELEMENT('3XPxlh8rDAnRKvFRJnISZx',#6,$,$,#59,#177);
#179=IFCCARTESIANPOINT((0.,0.));
#180=IFCDIRECTION((1.,0.));
#181=IFCAXIS2PLACEMENT2D(#179,#180);
#182=IFCCIRCLEPROFILEDEF(.AREA.,$,#181,4.5);
#183=IFCCARTESIANPOINT((0.,0.,0.));
#184=IFCDIRECTION((0.,0.,1.));
#185=IFCDIRECTION((1.,0.,0.));
#186=IFCAXIS2PLACEMENT3D(#183,#184,#185);
#187=IFCDIRECTION((0.,0.,1.));
#188=IFCEXTRUDEDAREASOLID(#182,#186,#187,127.8);
#189=IFCCARTESIANPOINT((0.,0.,0.));
#190=IFCAXIS2PLACEMENT3D(#189,$,$);
#191=IFCLOCALPLACEMENT(#56,#190);
#192=IFCSHAPEREPRESENTATION(#18,'Body','SweptSolid',(#188));
#193=IFCPRODUCTDEFINITIONSHAPE($,$,(#192));
#194=IFCOPENINGELEMENT('0kNt_Ivt1CXg1FdDxinZdU',#6,'Bolt Hole',$,$,#191,#193,$);
#195=IFCRELVOIDSELEMENT('23t4i3xWr8ogq75vXHLtJS',#6,$,$,#59,#194);
#196=IFCCARTESIANPOINT((0.,0.));
#197=IFCDIRECTION((1.,0.));
#198=IFCAXIS2PLACEMENT2D(#196,#197);
#199=IFCCIRCLEPROFILEDEF(.AREA.,$,#198,4.5);
#200=IFCCARTESIANPOINT((0.,0.,0.));
#201=IFCDIRECTION((0.,0.,1.));
#202=IFCDIRECTION((1.,0.,0.));
#203=IFCAXIS2PLACEMENT3D(#200,#201,#202);
#204=IFCDIRECTION((0.,0.,1.));
#205=IFCEXTRUDEDAREASOLID(#199,#203,#204,127.8);
#206=IFCCARTESIANPOINT((0.,0.,0.));
#207=IFCAXIS2PLACEMENT3D(#206,$,$);
#208=IFCLOCALPLACEMENT(#56,#207);
#209=IFCSHAPEREPRESENTATION(#18,'Body','SweptSolid',(#205));
#210=IFCPRODUCTDEFINITIONSHAPE($,$,(#209));
#211=IFCOPENINGELEMENT('2i$wMfhdv4iBNbiXekzLaU',#6,'Bolt Hole',$,$,#208,#210,$);
#212=IFCRELVOIDSELEMENT('0KM_FUbOfASfIBS6LOxyHG',#6,$,$,#59,#211);
#213=IFCCARTESIANPOINT((0.,0.));
#214=IFCDIRECTION((1.,0.));
#215=IFCAXIS2PLACEMENT2D(#213,#214);
#216=IFCCIRCLEPROFILEDEF(.AREA.,$,#215,4.5);
#217=IFCCARTESIANPOINT((0.,0.,0.));
#218=IFCDIRECTION((0.,0.,1.));
#219=IFCDIRECTION((1.,0.,0.));
#220=IFCAXIS2PLACEMENT3D(#217,#218,#219);
#221=IFCDIRECTION((0.,0.,1.));
#222=IFCEXTRUDEDAREASOLID(#216,#220,#221,127.8);
#223=IFCCARTESIANPOINT((0.,0.,0.));
#224=IFCAXIS2PLACEMENT3D(#223,$,$);
#225=IFCLOCALPLACEMENT(#56,#224);
#226=IFCSHAPEREPRESENTATION(#18,'Body','SweptSolid',(#222));
#227=IFCPRODUCTDEFINITIONSHAPE($,$,(#226));
#228=IFCOPENINGELEMENT('2_xRPJA9f4c9ytagUJPDCY',#6,'Bolt Hole',$,$,#225,#227,$);
#229=IFCRELVOIDSELEMENT('0glm0QVMX0_gpmOn548aui',#6,$,$,#59,#228);
#230=IFCCARTESIANPOINT((0.,0.));
#231=IFCDIRECTION((1.,0.));
#232=IFCAXIS2PLACEMENT2D(#230,#231);
#233=IFCCIRCLEPROFILEDEF(.AREA.,$,#232,4.5);
#234=IFCCARTESIANPOINT((0.,0.,0.));
#235=IFCDIRECTION((0.,0.,1.));
#236=IFCDIRECTION((1.,0.,0.));
#237=IFCAXIS2PLACEMENT3D(#234,#235,#236);
#238=IFCDIRECTION((0.,0.,1.));
#239=IFCEXTRUDEDAREASOLID(#233,#237,#238,127.8);
#240=IFCCARTESIANPOINT((0.,0.,0.));
#241=IFCAXIS2PLACEMENT3D(#240,$,$);
#242=IFCLOCALPLACEMENT(#56,#241);
#243=IFCSHAPEREPRESENTATION(#18,'Body','SweptSolid',(#239));
#244=IFCPRODUCTDEFINITIONSHAPE($,$,(#243));
#245=IFCOPENINGELEMENT('2TuFx4C8LECeEMgTOAcUl0',#6,'Bolt Hole',$,$,#242,#244,$);
#246=IFCRELVOIDSELEMENT('0hmWSXNLz9ju9k6nadD7Wo',#6,$,$,#59,#245);
#247=IFCCARTESIANPOINT((0.,0.));
#248=IFCDIRECTION((1.,0.));
#249=IFCAXIS2PLACEMENT2D(#247,#248);
#250=IFCCIRCLEPROFILEDEF(.AREA.,$,#249,4.5);
#251=IFCCARTESIANPOINT((0.,0.,0.));
#252=IFCDIRECTION((0.,0.,1.));
#253=IFCDIRECTION((1.,0.,0.));
#254=IFCAXIS2PLACEMENT3D(#251,#252,#253);
#255=IFCDIRECTION((0.,0.,1.));
#256=IFCEXTRUDEDAREASOLID(#250,#254,#255,127.8);
#257=IFCCARTESIANPOINT((0.,0.,0.));
#258=IFCAXIS2PLACEMENT3D(#257,$,$);
#259=IFCLOCALPLACEMENT(#56,#258);
#260=IFCSHAPEREPRESENTATION(#18,'Body','SweptSolid',(#256));
#261=IFCPRODUCTDEFINITIONSHAPE($,$,(#260));
#262=IFCOPENINGELEMENT('02epG92_X3_vUDiVMAJrvx',#6,'Bolt Hole',$,$,#259,#261,$);
#263=IFCRELVOIDSELEMENT('38c$r8Mf9A_hgy6TBK8OXW',#6,$,$,#59,#262);
#264=IFCCARTESIANPOINT((0.,0.));
#265=IFCDIRECTION((1.,0.));
#266=IFCAXIS2PLACEMENT2D(#264,#265);
#267=IFCCIRCLEPROFILEDEF(.AREA.,$,#266,4.5);
#268=IFCCARTESIANPOINT((0.,0.,0.));
#269=IFCDIRECTION((0.,0.,1.));
#270=IFCDIRECTION((1.,0.,0.));
#271=IFCAXIS2PLACEMENT3D(#268,#269,#270);
#272=IFCDIRECTION((0.,0.,1.));
#273=IFCEXTRUDEDAREASOLID(#267,#271,#272,127.8);
#274=IFCCARTESIANPOINT((0.,0.,0.));
#275=IFCAXIS2PLACEMENT3D(#274,$,$);
#276=IFCLOCALPLACEMENT(#56,#275);
#277=IFCSHAPEREPRESENTATION(#18,'Body','SweptSolid',(#273));
#278=IFCPRODUCTDEFINITIONSHAPE($,$,(#277));
#279=IFCOPENINGELEMENT('0Vnpx$EoX8UQniVL8j$sqh',#6,'Bolt Hole',$,$,#276,#278,$);
#280=IFCRELVOIDSELEMENT('093cBp64TF5fuCeVcRUKn8',#6,$,$,#59,#279);
#281=IFCCARTESIANPOINT((0.,0.));
#282=IFCDIRECTION((1.,0.));
#283=IFCAXIS2PLACEMENT2D(#281,#282);
#284=IFCCIRCLEPROFILEDEF(.AREA.,$,#283,4.5);
#285=IFCCARTESIANPOINT((0.,0.,0.));
#286=IFCDIRECTION((0.,0.,1.));
#287=IFCDIRECTION((1.,0.,0.));
#288=IFCAXIS2PLACEMENT3D(#285,#286,#287);
#289=IFCDIRECTION((0.,0.,1.));
#290=IFCEXTRUDEDAREASOLID(#284,#288,#289,127.8);
#291=IFCCARTESIANPOINT((0.,0.,0.));
#292=IFCAXIS2PLACEMENT3D(#291,$,$);
#293=IFCLOCALPLACEMENT(#56,#292);
#294=IFCSHAPEREPRESENTATION(#18,'Body','SweptSolid',(#290));
#295=IFCPRODUCTDEFINITIONSHAPE($,$,(#294));
#296=IFCOPENINGELEMENT('0W5cCa9kD85w3UOFRXJoZq',#6,'Bolt Hole',$,$,#293,#295,$);
#297=IFCRELVOIDSELEMENT('3aeFxIL7L22BtP2a0Pt5eQ',#6,$,$,#59,#296);
#298=IFCCARTESIANPOINT((0.,0.));
#299=IFCDIRECTION((1.,0.));
#300=IFCAXIS2PLACEMENT2D(#298,#299);
#301=IFCCIRCLEPROFILEDEF(.AREA.,$,#300,4.5);
#302=IFCCARTESIANPOINT((0.,0.,0.));
#303=IFCDIRECTION((0.,0.,1.));
#304=IFCDIRECTION((1.,0.,0.));
#305=IFCAXIS2PLACEMENT3D(#302,#303,#304);
#306=IFCDIRECTION((0.,0.,1.));
#307=IFCEXTRUDEDAREASOLID(#301,#305,#306,127.8);
#308=IFCCARTESIANPOINT((0.,0.,0.));
#309=IFCAXIS2PLACEMENT3D(#308,$,$);
#310=IFCLOCALPLACEMENT(#56,#309);
#311=IFCSHAPEREPRESENTATION(#18,'Body','SweptSolid',(#307));
#312=IFCPRODUCTDEFINITIONSHAPE($,$,(#311));
#313=IFCOPENINGELEMENT('3MvEiY8trDwRnoFLCCsKnh',#6,'Bolt Hole',$,$,#310,#312,$);
#314=IFCRELVOIDSELEMENT('0S_2rKlwP5EPvWUvneQAx2',#6,$,$,#59,#313);
#315=IFCCARTESIANPOINT((0.,0.));
#316=IFCDIRECTION((1.,0.));
#317=IFCAXIS2PLACEMENT2D(#315,#316);
#318=IFCCIRCLEPROFILEDEF(.AREA.,$,#317,4.5);
#319=IFCCARTESIANPOINT((0.,0.,0.));
#320=IFCDIRECTION((0.,0.,1.));
#321=IFCDIRECTION((1.,0.,0.));
#322=IFCAXIS2PLACEMENT3D(#319,#320,#321);
#323=IFCDIRECTION((0.,0.,1.));
#324=IFCEXTRUDEDAREASOLID(#318,#322,#323,127.8);
#325=IFCCARTESIANPOINT((0.,0.,0.));
#326=IFCAXIS2PLACEMENT3D(#325,$,$);
#327=IFCLOCALPLACEMENT(#56,#326);
#328=IFCSHAPEREPRESENTATION(#18,'Body','SweptSolid',(#324));
#329=IFCPRODUCTDEFINITIONSHAPE($,$,(#328));
#330=IFCOPENINGELEMENT('3PlE27dqvCyvaH6dVJrsM3',#6,'Bolt Hole',$,$,#327,#329,$);
#331=IFCRELVOIDSELEMENT('04w_vVTxv2yh$4JciQYLz3',#6,$,$,#59,#330);
#332=IFCCARTESIANPOINT((0.,0.));
#333=IFCDIRECTION((1.,0.));
#334=IFCAXIS2PLACEMENT2D(#332,#333);
#335=IFCCIRCLEPROFILEDEF(.AREA.,$,#334,4.5);
#336=IFCCARTESIANPOINT((0.,0.,0.));
#337=IFCDIRECTION((0.,0.,1.));
#338=IFCDIRECTION((1.,0.,0.));
#339=IFCAXIS2PLACEMENT3D(#336,#337,#338);
#340=IFCDIRECTION((0.,0.,1.));
#341=IFCEXTRUDEDAREASOLID(#335,#339,#340,127.8);
#342=IFCCARTESIANPOINT((0.,0.,0.));
#343=IFCAXIS2PLACEMENT3D(#342,$,$);
#344=IFCLOCALPLACEMENT(#56,#343);
#345=IFCSHAPEREPRESENTATION(#18,'Body','SweptSolid',(#341));
#346=IFCPRODUCTDEFINITIONSHAPE($,$,(#345));
#347=IFCOPENINGELEMENT('0NEEjM0TnBi9XyftqYdCSx',#6,'Bolt Hole',$,$,#344,#346,$);
#348=IFCRELVOIDSELEMENT('0cH2wjMhnB8vh0C0MHim1P',#6,$,$,#59,#347);
#349=IFCCARTESIANPOINT((0.,0.));
#350=IFCDIRECTION((1.,0.));
#351=IFCAXIS2PLACEMENT2D(#349,#350);
#352=IFCCIRCLEPROFILEDEF(.AREA.,$,#351,4.5);
#353=IFCCARTESIANPOINT((0.,0.,0.));
#354=IFCDIRECTION((0.,0.,1.));
#355=IFCDIRECTION((1.,0.,0.));
#356=IFCAXIS2PLACEMENT3D(#353,#354,#355);
#357=IFCDIRECTION((0.,0.,1.));
#358=IFCEXTRUDEDAREASOLID(#352,#356,#357,127.8);
#359=IFCCARTESIANPOINT((0.,0.,0.));
#360=IFCAXIS2PLACEMENT3D(#359,$,$);
#361=IFCLOCALPLACEMENT(#56,#360);
#362=IFCSHAPEREPRESENTATION(#18,'Body','SweptSolid',(#358));
#363=IFCPRODUCTDEFINITIONSHAPE($,$,(#362));
#364=IFCOPENINGELEMENT('186Y9aETz7qw3bZJR$yvtB',#6,'Bolt Hole',$,$,#361,#363,$);
#365=IFCRELVOIDSELEMENT('2zb8jLkuD4ZOnRmDYvjtyk',#6,$,$,#59,#364);
#366=IFCCARTESIANPOINT((0.,0.));
#367=IFCDIRECTION((1.,0.));
#368=IFCAXIS2PLACEMENT2D(#366,#367);
#369=IFCCIRCLEPROFILEDEF(.AREA.,$,#368,4.5);
#370=IFCCARTESIANPOINT((0.,0.,0.));
#371=IFCDIRECTION((0.,0.,1.));
#372=IFCDIRECTION((1.,0.,0.));
#373=IFCAXIS2PLACEMENT3D(#370,#371,#372);
#374=IFCDIRECTION((0.,0.,1.));
#375=IFCEXTRUDEDAREASOLID(#369,#373,#374,127.8);
#376=IFCCARTESIANPOINT((0.,0.,0.));
#377=IFCAXIS2PLACEMENT3D(#376,$,$);
#378=IFCLOCALPLACEMENT(#56,#377);
#379=IFCSHAPEREPRESENTATION(#18,'Body','SweptSolid',(#375));
#380=IFCPRODUCTDEFINITIONSHAPE($,$,(#379));
#381=IFCOPENINGELEMENT('2B9MGXtJD3exKJsZeygi2y',#6,'Bolt Hole',$,$,#378,#380,$);
#382=IFCRELVOIDSELEMENT('1E44F6sNn2IPPZP7$1274k',#6,$,$,#59,#381);
#383=IFCCARTESIANPOINT((0.,0.));
#384=IFCDIRECTION((1.,0.));
#385=IFCAXIS2PLACEMENT2D(#383,#384);
#386=IFCCIRCLEPROFILEDEF(.AREA.,$,#385,4.5);
#387=IFCCARTESIANPOINT((0.,0.,0.));
#388=IFCDIRECTION((0.,0.,1.));
#389=IFCDIRECTION((1.,0.,0.));
#390=IFCAXIS2PLACEMENT3D(#387,#388,#389);
#391=IFCDIRECTION((0.,0.,1.));
#392=IFCEXTRUDEDAREASOLID(#386,#390,#391,127.8);
#393=IFCCARTESIANPOINT((0.,0.,0.));
#394=IFCAXIS2PLACEMENT3D(#393,$,$);
#395=IFCLOCALPLACEMENT(#56,#394);
#396=IFCSHAPEREPRESENTATION(#18,'Body','SweptSolid',(#392));
#397=IFCPRODUCTDEFINITIONSHAPE($,$,(#396));
#398=IFCOPENINGELEMENT('24Qv76Yy13QOBZxn0wI3YG',#6,'Bolt Hole',$,$,#395,#397,$);
#399=IFCRELVOIDSELEMENT('0WHYUCW5r7_erMXZ0qHJ_L',#6,$,$,#59,#398);
#400=IFCCARTESIANPOINT((0.,0.));
#401=IFCDIRECTION((1.,0.));
#402=IFCAXIS2PLACEMENT2D(#400,#401);
#403=IFCCIRCLEPROFILEDEF(.AREA.,$,#402,4.5);
#404=IFCCARTESIANPOINT((0.,0.,0.));
#405=IFCDIRECTION((0.,0.,1.));
#406=IFCDIRECTION((1.,0.,0.));
#407=IFCAXIS2PLACEMENT3D(#404,#405,#406);
#408=IFCDIRECTION((0.,0.,1.));
#409=IFCEXTRUDEDAREASOLID(#403,#407,#408,127.8);
#410=IFCCARTESIANPOINT((0.,0.,0.));
#411=IFCAXIS2PLACEMENT3D(#410,$,$);
#412=IFCLOCALPLACEMENT(#56,#411);
#413=IFCSHAPEREPRESENTATION(#18,'Body','SweptSolid',(#409));
#414=IFCPRODUCTDEFINITIONSHAPE($,$,(#413));
#415=IFCOPENINGELEMENT('3YDEsB4gr1F8F2vyE_jKMA',#6,'Bolt Hole',$,$,#412,#414,$);
#416=IFCRELVOIDSELEMENT('29zlZc7kz7vPuEI0hXc1WB',#6,$,$,#59,#415);
#417=IFCCARTESIANPOINT((0.,0.));
#418=IFCDIRECTION((1.,0.));
#419=IFCAXIS2PLACEMENT2D(#417,#418);
#420=IFCCIRCLEPROFILEDEF(.AREA.,$,#419,4.5);
#421=IFCCARTESIANPOINT((0.,0.,0.));
#422=IFCDIRECTION((0.,0.,1.));
#423=IFCDIRECTION((1.,0.,0.));
#424=IFCAXIS2PLACEMENT3D(#421,#422,#423);
#425=IFCDIRECTION((0.,0.,1.));
#426=IFCEXTRUDEDAREASOLID(#420,#424,#425,127.8);
#427=IFCCARTESIANPOINT((0.,0.,0.));
#428=IFCAXIS2PLACEMENT3D(#427,$,$);
#429=IFCLOCALPLACEMENT(#56,#428);
#430=IFCSHAPEREPRESENTATION(#18,'Body','SweptSolid',(#426));
#431=IFCPRODUCTDEFINITIONSHAPE($,$,(#430));
#432=IFCOPENINGELEMENT('2c6PZO9i99zgVYz5nDzxmI',#6,'Bolt Hole',$,$,#429,#431,$);
#433=IFCRELVOIDSELEMENT('2sxzFKzn5BQ95aD0VYx8nl',#6,$,$,#59,#432);
#434=IFCCARTESIANPOINT((0.,0.));
#435=IFCDIRECTION((1.,0.));
#436=IFCAXIS2PLACEMENT2D(#434,#435);
#437=IFCCIRCLEPROFILEDEF(.AREA.,$,#436,4.5);
#438=IFCCARTESIANPOINT((0.,0.,0.));
#439=IFCDIRECTION((0.,0.,1.));
#440=IFCDIRECTION((1.,0.,0.));
#441=IFCAXIS2PLACEMENT3D(#438,#439,#440);
#442=IFCDIRECTION((0.,0.,1.));
#443=IFCEXTRUDEDAREASOLID(#437,#441,#442,127.8);
#444=IFCCARTESIANPOINT((0.,0.,0.));
#445=IFCAXIS2PLACEMENT3D(#444,$,$);
#446=IFCLOCALPLACEMENT(#56,#445);
#447=IFCSHAPEREPRESENTATION(#18,'Body','SweptSolid',(#443));
#448=IFCPRODUCTDEFINITIONSHAPE($,$,(#447));
#449=IFCOPENINGELEMENT('0X8D6Wi5nBrA_2zSi9iDgr',#6,'Bolt Hole',$,$,#446,#448,$);
#450=IFCRELVOIDSELEMENT('3KwqZk7cHFw9gD6zNozW1E',#6,$,$,#59,#449);
#451=IFCCARTESIANPOINT((0.,0.));
#452=IFCDIRECTION((1.,0.));
#453=IFCAXIS2PLACEMENT2D(#451,#452);
#454=IFCCIRCLEPROFILEDEF(.AREA.,$,#453,4.5);
#455=IFCCARTESIANPOINT((0.,0.,0.));
#456=IFCDIRECTION((0.,0.,1.));
#457=IFCDIRECTION((1.,0.,0.));
#458=IFCAXIS2PLACEMENT3D(#455,#456,#457);
#459=IFCDIRECTION((0.,0.,1.));
#460=IFCEXTRUDEDAREASOLID(#454,#458,#459,127.8);
#461=IFCCARTESIANPOINT((0.,0.,0.));
#462=IFCAXIS2PLACEMENT3D(#461,$,$);
#463=IFCLOCALPLACEMENT(#56,#462);
#464=IFCSHAPEREPRESENTATION(#18,'Body','SweptSolid',(#460));
#465=IFCPRODUCTDEFINITIONSHAPE($,$,(#464));
#466=IFCOPENINGELEMENT('0vcxYsymX6vxfhJDPrlNTj',#6,'Bolt Hole',$,$,#463,#465,$);
#467=IFCRELVOIDSELEMENT('3uz3z7pY95ceuRUHZ_fr1J',#6,$,$,#59,#466);
#468=IFCCARTESIANPOINT((0.,0.));
#469=IFCDIRECTION((1.,0.));
#470=IFCAXIS2PLACEMENT2D(#468,#469);
#471=IFCCIRCLEPROFILEDEF(.AREA.,$,#470,4.5);
#472=IFCCARTESIANPOINT((0.,0.,0.));
#473=IFCDIRECTION((0.,0.,1.));
#474=IFCDIRECTION((1.,0.,0.));
#475=IFCAXIS2PLACEMENT3D(#472,#473,#474);
#476=IFCDIRECTION((0.,0.,1.));
#477=IFCEXTRUDEDAREASOLID(#471,#475,#476,127.8);
#478=IFCCARTESIANPOINT((0.,0.,0.));
#479=IFCAXIS2PLACEMENT3D(#478,$,$);
#480=IFCLOCALPLACEMENT(#56,#479);
#481=IFCSHAPEREPRESENTATION(#18,'Body','SweptSolid',(#477));
#482=IFCPRODUCTDEFINITIONSHAPE($,$,(#481));
#483=IFCOPENINGELEMENT('1GXcZNRd93eP0GwI5n6ZYG',#6,'Bolt Hole',$,$,#480,#482,$);
#484=IFCRELVOIDSELEMENT('2euQQ8twP3N9lcV_OEaGZ1',#6,$,$,#59,#483);
#485=IFCCARTESIANPOINT((0.,0.));
#486=IFCDIRECTION((1.,0.));
#487=IFCAXIS2PLACEMENT2D(#485,#486);
#488=IFCCIRCLEPROFILEDEF(.AREA.,$,#487,4.5);
#489=IFCCARTESIANPOINT((0.,0.,0.));
#490=IFCDIRECTION((0.,0.,1.));
#491=IFCDIRECTION((1.,0.,0.));
#492=IFCAXIS2PLACEMENT3D(#489,#490,#491);
#493=IFCDIRECTION((0.,0.,1.));
#494=IFCEXTRUDEDAREASOLID(#488,#492,#493,127.8);
#495=IFCCARTESIANPOINT((0.,0.,0.));
#496=IFCAXIS2PLACEMENT3D(#495,$,$);
#497=IFCLOCALPLACEMENT(#56,#496);
#498=IFCSHAPEREPRESENTATION(#18,'Body','SweptSolid',(#494));
#499=IFCPRODUCTDEFINITIONSHAPE($,$,(#498));
#500=IFCOPENINGELEMENT('06rzplJNbFwQi8HLFargOb',#6,'Bolt Hole',$,$,#497,#499,$);
#501=IFCRELVOIDSELEMENT('3f3fNWohHDD8go1HRkOI0_',#6,$,$,#59,#500);
#502=IFCCARTESIANPOINT((0.,0.));
#503=IFCDIRECTION((1.,0.));
#504=IFCAXIS2PLACEMENT2D(#502,#503);
#505=IFCCIRCLEPROFILEDEF(.AREA.,$,#504,4.5);
#506=IFCCARTESIANPOINT((0.,0.,0.));
#507=IFCDIRECTION((0.,0.,1.));
#508=IFCDIRECTION((1.,0.,0.));
#509=IFCAXIS2PLACEMENT3D(#506,#507,#508);
#510=IFCDIRECTION((0.,0.,1.));
#511=IFCEXTRUDEDAREASOLID(#505,#509,#510,127.8);
#512=IFCCARTESIANPOINT((0.,0.,0.));
#513=IFCAXIS2PLACEMENT3D(#512,$,$);
#514=IFCLOCALPLACEMENT(#56,#513);
#515=IFCSHAPEREPRESENTATION(#18,'Body','SweptSolid',(#511));
#516=IFCPRODUCTDEFINITIONSHAPE($,$,(#515));
#517=IFCOPENINGELEMENT('13MeGQ00vBY9RHKprf2C6x',#6,'Bolt Hole',$,$,#514,#516,$);
#518=IFCRELVOIDSELEMENT('1HpMo7ShHFAR0$mckEcZSH',#6,$,$,#59,#517);
#519=IFCCARTESIANPOINT((0.,0.));
#520=IFCDIRECTION((1.,0.));
#521=IFCAXIS2PLACEMENT2D(#519,#520);
#522=IFCCIRCLEPROFILEDEF(.AREA.,$,#521,4.5);
#523=IFCCARTESIANPOINT((0.,0.,0.));
#524=IFCDIRECTION((0.,0.,1.));
#525=IFCDIRECTION((1.,0.,0.));
#526=IFCAXIS2PLACEMENT3D(#523,#524,#525);
#527=IFCDIRECTION((0.,0.,1.));
#528=IFCEXTRUDEDAREASOLID(#522,#526,#527,127.8);
#529=IFCCARTESIANPOINT((0.,0.,0.));
#530=IFCAXIS2PLACEMENT3D(#529,$,$);
#531=IFCLOCALPLACEMENT(#56,#530);
#532=IFCSHAPEREPRESENTATION(#18,'Body','SweptSolid',(#528));
#533=IFCPRODUCTDEFINITIONSHAPE($,$,(#532));
#534=IFCOPENINGELEMENT('0ZdFG7BHTE$w9UcEL4kX$L',#6,'Bolt Hole',$,$,#531,#533,$);
#535=IFCRELVOIDSELEMENT('2kfN4FaVv9Je0DSSt$6grz',#6,$,$,#59,#534);
#536=IFCCARTESIANPOINT((0.,0.));
#537=IFCDIRECTION((1.,0.));
#538=IFCAXIS2PLACEMENT2D(#536,#537);
#539=IFCCIRCLEPROFILEDEF(.AREA.,$,#538,4.5);
#540=IFCCARTESIANPOINT((0.,0.,0.));
#541=IFCDIRECTION((0.,0.,1.));
#542=IFCDIRECTION((1.,0.,0.));
#543=IFCAXIS2PLACEMENT3D(#540,#541,#542);
#544=IFCDIRECTION((0.,0.,1.));
#545=IFCEXTRUDEDAREASOLID(#539,#543,#544,127.8);
#546=IFCCARTESIANPOINT((0.,0.,0.));
#547=IFCAXIS2PLACEMENT3D(#546,$,$);
#548=IFCLOCALPLACEMENT(#56,#547);
#549=IFCSHAPEREPRESENTATION(#18,'Body','SweptSolid',(#545));
#550=IFCPRODUCTDEFINITIONSHAPE($,$,(#549));
#551=IFCOPENINGELEMENT('2_Pb2yt_L7expDVhB9uM5Z',#6,'Bolt Hole',$,$,#548,#550,$);
#552=IFCRELVOIDSELEMENT('0eS25oYgfCHu7shEuwt_PK',#6,$,$,#59,#551);
#553=IFCCARTESIANPOINT((0.,0.));
#554=IFCDIRECTION((1.,0.));
#555=IFCAXIS2PLACEMENT2D(#553,#554);
#556=IFCCIRCLEPROFILEDEF(.AREA.,$,#555,4.5);
#557=IFCCARTESIANPOINT((0.,0.,0.));
#558=IFCDIRECTION((0.,0.,1.));
#559=IFCDIRECTION((1.,0.,0.));
#560=IFCAXIS2PLACEMENT3D(#557,#558,#559);
#561=IFCDIRECTION((0.,0.,1.));
#562=IFCEXTRUDEDAREASOLID(#556,#560,#561,127.8);
#563=IFCCARTESIANPOINT((0.,0.,0.));
#564=IFCAXIS2PLACEMENT3D(#563,$,$);
#565=IFCLOCALPLACEMENT(#56,#564);
#566=IFCSHAPEREPRESENTATION(#18,'Body','SweptSolid',(#562));
#567=IFCPRODUCTDEFINITIONSHAPE($,$,(#566));
#568=IFCOPENINGELEMENT('3tNgHj$Ev45g0Qxau950YQ',#6,'Bolt Hole',$,$,#565,#567,$);
#569=IFCRELVOIDSELEMENT('1yQwgkp6f83hWB1EDd$dH$',#6,$,$,#59,#568);
#570=IFCCARTESIANPOINT((0.,0.));
#571=IFCDIRECTION((1.,0.));
#572=IFCAXIS2PLACEMENT2D(#570,#571);
#573=IFCCIRCLEPROFILEDEF(.AREA.,$,#572,4.5);
#574=IFCCARTESIANPOINT((0.,0.,0.));
#575=IFCDIRECTION((0.,0.,1.));
#576=IFCDIRECTION((1.,0.,0.));
#577=IFCAXIS2PLACEMENT3D(#574,#575,#576);
#578=IFCDIRECTION((0.,0.,1.));
#579=IFCEXTRUDEDAREASOLID(#573,#577,#578,127.8);
#580=IFCCARTESIANPOINT((0.,0.,0.));
#581=IFCAXIS2PLACEMENT3D(#580,$,$);
#582=IFCLOCALPLACEMENT(#56,#581);
#583=IFCSHAPEREPRESENTATION(#18,'Body','SweptSolid',(#579));
#584=IFCPRODUCTDEFINITIONSHAPE($,$,(#583));
#585=IFCOPENINGELEMENT('1qCHjLhaLBkfGhJGanZCyC',#6,'Bolt Hole',$,$,#582,#584,$);
#586=IFCRELVOIDSELEMENT('0y2OLRebf2we150ae_41dH',#6,$,$,#59,#585);
#587=IFCCARTESIANPOINT((0.,0.));
#588=IFCDIRECTION((1.,0.));
#589=IFCAXIS2PLACEMENT2D(#587,#588);
#590=IFCCIRCLEPROFILEDEF(.AREA.,$,#589,4.5);
#591=IFCCARTESIANPOINT((0.,0.,0.));
#592=IFCDIRECTION((0.,0.,1.));
#593=IFCDIRECTION((1.,0.,0.));
#594=IFCAXIS2PLACEMENT3D(#591,#592,#593);
#595=IFCDIRECTION((0.,0.,1.));
#596=IFCEXTRUDEDAREASOLID(#590,#594,#595,127.8);
#597=IFCCARTESIANPOINT((0.,0.,0.));
#598=IFCAXIS2PLACEMENT3D(#597,$,$);
#599=IFCLOCALPLACEMENT(#56,#598);
#600=IFCSHAPEREPRESENTATION(#18,'Body','SweptSolid',(#596));
#601=IFCPRODUCTDEFINITIONSHAPE($,$,(#600));
#602=IFCOPENINGELEMENT('0Ws7Ju8JvEChPvjq0l5tPk',#6,'Bolt Hole',$,$,#599,#601,$);
#603=IFCRELVOIDSELEMENT('25HKis8Pj0xPYgduH1isca',#6,$,$,#59,#602);
#604=IFCPROPERTYSINGLEVALUE('DesignCode','DesignCode',IFCLABEL('IS 800:2007'),$);
#605=IFCPROPERTYSINGLEVALUE('ExportTime','ExportTime',IFCLABEL('2026-04-07 11:25:01'),$);
#606=IFCPROPERTYSET('2e7v8eSlj0lfJZ27W9S7Hn',#6,'Pset_OsdagDesignData',$,(#604,#605));
#607=IFCRELDEFINESBYPROPERTIES('07BQqJhZj6tQz6z7j5FD0i',#6,$,$,(#59),#606);
#608=IFCPROPERTYSINGLEVALUE('Reference','Reference',IFCLABEL('HB 400'),$);
#609=IFCPROPERTYSET('3nedfR2Tj0VOZ5_6va157D',#6,'Pset_BeamCommon',$,(#608));
#610=IFCRELDEFINESBYPROPERTIES('1GCENISsLBKBR0fNmkr14y',#6,$,$,(#59),#609);
#611=IFCQUANTITYLENGTH('Length','Length',$,1325.);
#612=IFCQUANTITYLENGTH('Depth','Depth',$,400.);
#613=IFCQUANTITYLENGTH('Width','Width',$,250.);
#614=IFCQUANTITYAREA('CrossSectionArea','CrossSectionArea',$,0.00986);
#615=IFCQUANTITYVOLUME('NetVolume','NetVolume',$,0.0130645);
#616=IFCQUANTITYWEIGHT('NetWeight','NetWeight',$,102.59475);
#617=IFCELEMENTQUANTITY('15tAPlqJHCYPjFn9mYkQnt',#6,'Qto_BeamBaseQuantities',$,'Custom',(#611,#612,#613,#614,#615,#616));
#618=IFCRELDEFINESBYPROPERTIES('0ZZbMKV6n5iO4F8eQlP7aR',#6,$,$,(#59),#617);
#619=IFCMATERIAL('Steel');
#620=IFCRELASSOCIATESMATERIAL('0MpQ1GOBb71fuzILNRambl',#6,$,$,(#59),#619);
#621=IFCCARTESIANPOINT((0.,0.,0.));
#622=IFCDIRECTION((0.,0.,1.));
#623=IFCDIRECTION((1.,0.,0.));
#624=IFCAXIS2PLACEMENT3D(#621,#622,#623);
#625=IFCCARTESIANPOINT((3.7,140.));
#626=IFCCARTESIANPOINT((100.,140.));
#627=IFCCARTESIANPOINT((100.,150.));
#628=IFCCARTESIANPOINT((-100.,150.));
#629=IFCCARTESIANPOINT((-100.,140.));
#630=IFCCARTESIANPOINT((-3.7,140.));
#631=IFCCARTESIANPOINT((-3.7,-140.));
#632=IFCCARTESIANPOINT((-100.,-140.));
#633=IFCCARTESIANPOINT((-100.,-150.));
#634=IFCCARTESIANPOINT((100.,-150.));
#635=IFCCARTESIANPOINT((100.,-140.));
#636=IFCCARTESIANPOINT((3.7,-140.));
#637=IFCCARTESIANPOINT((3.7,140.));
#638=IFCPOLYLINE((#625,#626,#627,#628,#629,#630,#631,#632,#633,#634,#635,#636,#637));
#639=IFCARBITRARYCLOSEDPROFILEDEF(.AREA.,$,#638);
#640=IFCDIRECTION((0.,0.,1.));
#641=IFCEXTRUDEDAREASOLID(#639,#624,#640,717.6);
#642=IFCCARTESIANPOINT((0.,-221.4,662.5));
#643=IFCDIRECTION((0.,-1.,0.));
#644=IFCDIRECTION((1.,0.,0.));
#645=IFCAXIS2PLACEMENT3D(#642,#643,#644);
#646=IFCLOCALPLACEMENT(#30,#645);
#647=IFCSHAPEREPRESENTATION(#18,'Body','SweptSolid',(#641));
#648=IFCPRODUCTDEFINITIONSHAPE($,$,(#647));
#649=IFCBEAM('17T_7H5mr36QvmZ1pvHdGM',#6,'Beam',$,$,#646,#648,$);
#650=IFCCARTESIANPOINT((0.,0.));
#651=IFCDIRECTION((1.,0.));
#652=IFCAXIS2PLACEMENT2D(#650,#651);
#653=IFCCIRCLEPROFILEDEF(.AREA.,$,#652,4.5);
#654=IFCCARTESIANPOINT((0.,0.,0.));
#655=IFCDIRECTION((0.,0.,1.));
#656=IFCDIRECTION((1.,0.,0.));
#657=IFCAXIS2PLACEMENT3D(#654,#655,#656);
#658=IFCDIRECTION((0.,0.,1.));
#659=IFCEXTRUDEDAREASOLID(#653,#657,#658,127.8);
#660=IFCCARTESIANPOINT((0.,0.,0.));
#661=IFCAXIS2PLACEMENT3D(#660,$,$);
#662=IFCLOCALPLACEMENT(#646,#661);
#663=IFCSHAPEREPRESENTATION(#18,'Body','SweptSolid',(#659));
#664=IFCPRODUCTDEFINITIONSHAPE($,$,(#663));
#665=IFCOPENINGELEMENT('2PmdHUC7PAGPehZi2gppx$',#6,'Bolt Hole',$,$,#662,#664,$);
#666=IFCRELVOIDSELEMENT('2YCKL7hFH6_AhHFI6DKvzm',#6,$,$,#649,#665);
#667=IFCCARTESIANPOINT((0.,0.));
#668=IFCDIRECTION((1.,0.));
#669=IFCAXIS2PLACEMENT2D(#667,#668);
#670=IFCCIRCLEPROFILEDEF(.AREA.,$,#669,4.5);
#671=IFCCARTESIANPOINT((0.,0.,0.));
#672=IFCDIRECTION((0.,0.,1.));
#673=IFCDIRECTION((1.,0.,0.));
#674=IFCAXIS2PLACEMENT3D(#671,#672,#673);
#675=IFCDIRECTION((0.,0.,1.));
#676=IFCEXTRUDEDAREASOLID(#670,#674,#675,127.8);
#677=IFCCARTESIANPOINT((0.,0.,0.));
#678=IFCAXIS2PLACEMENT3D(#677,$,$);
#679=IFCLOCALPLACEMENT(#646,#678);
#680=IFCSHAPEREPRESENTATION(#18,'Body','SweptSolid',(#676));
#681=IFCPRODUCTDEFINITIONSHAPE($,$,(#680));
#682=IFCOPENINGELEMENT('2cKIWnOF10vuB_8y$QEll9',#6,'Bolt Hole',$,$,#679,#681,$);
#683=IFCRELVOIDSELEMENT('2Vfwt2I798lv6smoy0KhgY',#6,$,$,#649,#682);
#684=IFCCARTESIANPOINT((0.,0.));
#685=IFCDIRECTION((1.,0.));
#686=IFCAXIS2PLACEMENT2D(#684,#685);
#687=IFCCIRCLEPROFILEDEF(.AREA.,$,#686,4.5);
#688=IFCCARTESIANPOINT((0.,0.,0.));
#689=IFCDIRECTION((0.,0.,1.));
#690=IFCDIRECTION((1.,0.,0.));
#691=IFCAXIS2PLACEMENT3D(#688,#689,#690);
#692=IFCDIRECTION((0.,0.,1.));
#693=IFCEXTRUDEDAREASOLID(#687,#691,#692,127.8);
#694=IFCCARTESIANPOINT((0.,0.,0.));
#695=IFCAXIS2PLACEMENT3D(#694,$,$);
#696=IFCLOCALPLACEMENT(#646,#695);
#697=IFCSHAPEREPRESENTATION(#18,'Body','SweptSolid',(#693));
#698=IFCPRODUCTDEFINITIONSHAPE($,$,(#697));
#699=IFCOPENINGELEMENT('2mYSlGnU93yhDSWcrTQLSR',#6,'Bolt Hole',$,$,#696,#698,$);
#700=IFCRELVOIDSELEMENT('1ORXmXl_XC9uJ8QD1EXUeR',#6,$,$,#649,#699);
#701=IFCCARTESIANPOINT((0.,0.));
#702=IFCDIRECTION((1.,0.));
#703=IFCAXIS2PLACEMENT2D(#701,#702);
#704=IFCCIRCLEPROFILEDEF(.AREA.,$,#703,4.5);
#705=IFCCARTESIANPOINT((0.,0.,0.));
#706=IFCDIRECTION((0.,0.,1.));
#707=IFCDIRECTION((1.,0.,0.));
#708=IFCAXIS2PLACEMENT3D(#705,#706,#707);
#709=IFCDIRECTION((0.,0.,1.));
#710=IFCEXTRUDEDAREASOLID(#704,#708,#709,127.8);
#711=IFCCARTESIANPOINT((0.,0.,0.));
#712=IFCAXIS2PLACEMENT3D(#711,$,$);
#713=IFCLOCALPLACEMENT(#646,#712);
#714=IFCSHAPEREPRESENTATION(#18,'Body','SweptSolid',(#710));
#715=IFCPRODUCTDEFINITIONSHAPE($,$,(#714));
#716=IFCOPENINGELEMENT('0dDs14oZX0OvYbPN_uA$TY',#6,'Bolt Hole',$,$,#713,#715,$);
#717=IFCRELVOIDSELEMENT('1XEW5FPUX5SxsP8L6BGZzI',#6,$,$,#649,#716);
#718=IFCCARTESIANPOINT((0.,0.));
#719=IFCDIRECTION((1.,0.));
#720=IFCAXIS2PLACEMENT2D(#718,#719);
#721=IFCCIRCLEPROFILEDEF(.AREA.,$,#720,4.5);
#722=IFCCARTESIANPOINT((0.,0.,0.));
#723=IFCDIRECTION((0.,0.,1.));
#724=IFCDIRECTION((1.,0.,0.));
#725=IFCAXIS2PLACEMENT3D(#722,#723,#724);
#726=IFCDIRECTION((0.,0.,1.));
#727=IFCEXTRUDEDAREASOLID(#721,#725,#726,127.8);
#728=IFCCARTESIANPOINT((0.,0.,0.));
#729=IFCAXIS2PLACEMENT3D(#728,$,$);
#730=IFCLOCALPLACEMENT(#646,#729);
#731=IFCSHAPEREPRESENTATION(#18,'Body','SweptSolid',(#727));
#732=IFCPRODUCTDEFINITIONSHAPE($,$,(#731));
#733=IFCOPENINGELEMENT('189LFg$L529QsTtjDB9x2B',#6,'Bolt Hole',$,$,#730,#732,$);
#734=IFCRELVOIDSELEMENT('2pVsxHNu9BufknaeCe6LUl',#6,$,$,#649,#733);
#735=IFCCARTESIANPOINT((0.,0.));
#736=IFCDIRECTION((1.,0.));
#737=IFCAXIS2PLACEMENT2D(#735,#736);
#738=IFCCIRCLEPROFILEDEF(.AREA.,$,#737,4.5);
#739=IFCCARTESIANPOINT((0.,0.,0.));
#740=IFCDIRECTION((0.,0.,1.));
#741=IFCDIRECTION((1.,0.,0.));
#742=IFCAXIS2PLACEMENT3D(#739,#740,#741);
#743=IFCDIRECTION((0.,0.,1.));
#744=IFCEXTRUDEDAREASOLID(#738,#742,#743,127.8);
#745=IFCCARTESIANPOINT((0.,0.,0.));
#746=IFCAXIS2PLACEMENT3D(#745,$,$);
#747=IFCLOCALPLACEMENT(#646,#746);
#748=IFCSHAPEREPRESENTATION(#18,'Body','SweptSolid',(#744));
#749=IFCPRODUCTDEFINITIONSHAPE($,$,(#748));
#750=IFCOPENINGELEMENT('2C3XdlDcD1auoIgpDqzQKS',#6,'Bolt Hole',$,$,#747,#749,$);
#751=IFCRELVOIDSELEMENT('3zfrCWIsz4CO2pUdZPzbda',#6,$,$,#649,#750);
#752=IFCCARTESIANPOINT((0.,0.));
#753=IFCDIRECTION((1.,0.));
#754=IFCAXIS2PLACEMENT2D(#752,#753);
#755=IFCCIRCLEPROFILEDEF(.AREA.,$,#754,4.5);
#756=IFCCARTESIANPOINT((0.,0.,0.));
#757=IFCDIRECTION((0.,0.,1.));
#758=IFCDIRECTION((1.,0.,0.));
#759=IFCAXIS2PLACEMENT3D(#756,#757,#758);
#760=IFCDIRECTION((0.,0.,1.));
#761=IFCEXTRUDEDAREASOLID(#755,#759,#760,127.8);
#762=IFCCARTESIANPOINT((0.,0.,0.));
#763=IFCAXIS2PLACEMENT3D(#762,$,$);
#764=IFCLOCALPLACEMENT(#646,#763);
#765=IFCSHAPEREPRESENTATION(#18,'Body','SweptSolid',(#761));
#766=IFCPRODUCTDEFINITIONSHAPE($,$,(#765));
#767=IFCOPENINGELEMENT('2zTr6$jNv3UwfqXmqZ1RHC',#6,'Bolt Hole',$,$,#764,#766,$);
#768=IFCRELVOIDSELEMENT('0h_YQ6m2vEN832_FI1E0Gd',#6,$,$,#649,#767);
#769=IFCCARTESIANPOINT((0.,0.));
#770=IFCDIRECTION((1.,0.));
#771=IFCAXIS2PLACEMENT2D(#769,#770);
#772=IFCCIRCLEPROFILEDEF(.AREA.,$,#771,4.5);
#773=IFCCARTESIANPOINT((0.,0.,0.));
#774=IFCDIRECTION((0.,0.,1.));
#775=IFCDIRECTION((1.,0.,0.));
#776=IFCAXIS2PLACEMENT3D(#773,#774,#775);
#777=IFCDIRECTION((0.,0.,1.));
#778=IFCEXTRUDEDAREASOLID(#772,#776,#777,127.8);
#779=IFCCARTESIANPOINT((0.,0.,0.));
#780=IFCAXIS2PLACEMENT3D(#779,$,$);
#781=IFCLOCALPLACEMENT(#646,#780);
#782=IFCSHAPEREPRESENTATION(#18,'Body','SweptSolid',(#778));
#783=IFCPRODUCTDEFINITIONSHAPE($,$,(#782));
#784=IFCOPENINGELEMENT('0RA_tNQmr3lOBZyt4X9FLA',#6,'Bolt Hole',$,$,#781,#783,$);
#785=IFCRELVOIDSELEMENT('0P3DrJZNn5pOT9JIT51kGM',#6,$,$,#649,#784);
#786=IFCCARTESIANPOINT((0.,0.));
#787=IFCDIRECTION((1.,0.));
#788=IFCAXIS2PLACEMENT2D(#786,#787);
#789=IFCCIRCLEPROFILEDEF(.AREA.,$,#788,4.5);
#790=IFCCARTESIANPOINT((0.,0.,0.));
#791=IFCDIRECTION((0.,0.,1.));
#792=IFCDIRECTION((1.,0.,0.));
#793=IFCAXIS2PLACEMENT3D(#790,#791,#792);
#794=IFCDIRECTION((0.,0.,1.));
#795=IFCEXTRUDEDAREASOLID(#789,#793,#794,127.8);
#796=IFCCARTESIANPOINT((0.,0.,0.));
#797=IFCAXIS2PLACEMENT3D(#796,$,$);
#798=IFCLOCALPLACEMENT(#646,#797);
#799=IFCSHAPEREPRESENTATION(#18,'Body','SweptSolid',(#795));
#800=IFCPRODUCTDEFINITIONSHAPE($,$,(#799));
#801=IFCOPENINGELEMENT('1ItpmrNAP9Cvhc51PePMIy',#6,'Bolt Hole',$,$,#798,#800,$);
#802=IFCRELVOIDSELEMENT('3CkFHG5brC0fs$AcV5jcZ0',#6,$,$,#649,#801);
#803=IFCCARTESIANPOINT((0.,0.));
#804=IFCDIRECTION((1.,0.));
#805=IFCAXIS2PLACEMENT2D(#803,#804);
#806=IFCCIRCLEPROFILEDEF(.AREA.,$,#805,4.5);
#807=IFCCARTESIANPOINT((0.,0.,0.));
#808=IFCDIRECTION((0.,0.,1.));
#809=IFCDIRECTION((1.,0.,0.));
#810=IFCAXIS2PLACEMENT3D(#807,#808,#809);
#811=IFCDIRECTION((0.,0.,1.));
#812=IFCEXTRUDEDAREASOLID(#806,#810,#811,127.8);
#813=IFCCARTESIANPOINT((0.,0.,0.));
#814=IFCAXIS2PLACEMENT3D(#813,$,$);
#815=IFCLOCALPLACEMENT(#646,#814);
#816=IFCSHAPEREPRESENTATION(#18,'Body','SweptSolid',(#812));
#817=IFCPRODUCTDEFINITIONSHAPE($,$,(#816));
#818=IFCOPENINGELEMENT('2BQc2iyPjAo9X2i4PAy5KH',#6,'Bolt Hole',$,$,#815,#817,$);
#819=IFCRELVOIDSELEMENT('1HX96O9bXFxhZw0eclCZM0',#6,$,$,#649,#818);
#820=IFCCARTESIANPOINT((0.,0.));
#821=IFCDIRECTION((1.,0.));
#822=IFCAXIS2PLACEMENT2D(#820,#821);
#823=IFCCIRCLEPROFILEDEF(.AREA.,$,#822,4.5);
#824=IFCCARTESIANPOINT((0.,0.,0.));
#825=IFCDIRECTION((0.,0.,1.));
#826=IFCDIRECTION((1.,0.,0.));
#827=IFCAXIS2PLACEMENT3D(#824,#825,#826);
#828=IFCDIRECTION((0.,0.,1.));
#829=IFCEXTRUDEDAREASOLID(#823,#827,#828,127.8);
#830=IFCCARTESIANPOINT((0.,0.,0.));
#831=IFCAXIS2PLACEMENT3D(#830,$,$);
#832=IFCLOCALPLACEMENT(#646,#831);
#833=IFCSHAPEREPRESENTATION(#18,'Body','SweptSolid',(#829));
#834=IFCPRODUCTDEFINITIONSHAPE($,$,(#833));
#835=IFCOPENINGELEMENT('0opaYkxLvBIRR4BkmWAPhf',#6,'Bolt Hole',$,$,#832,#834,$);
#836=IFCRELVOIDSELEMENT('3cehReRcHA9AsxRtPoHnbY',#6,$,$,#649,#835);
#837=IFCCARTESIANPOINT((0.,0.));
#838=IFCDIRECTION((1.,0.));
#839=IFCAXIS2PLACEMENT2D(#837,#838);
#840=IFCCIRCLEPROFILEDEF(.AREA.,$,#839,4.5);
#841=IFCCARTESIANPOINT((0.,0.,0.));
#842=IFCDIRECTION((0.,0.,1.));
#843=IFCDIRECTION((1.,0.,0.));
#844=IFCAXIS2PLACEMENT3D(#841,#842,#843);
#845=IFCDIRECTION((0.,0.,1.));
#846=IFCEXTRUDEDAREASOLID(#840,#844,#845,127.8);
#847=IFCCARTESIANPOINT((0.,0.,0.));
#848=IFCAXIS2PLACEMENT3D(#847,$,$);
#849=IFCLOCALPLACEMENT(#646,#848);
#850=IFCSHAPEREPRESENTATION(#18,'Body','SweptSolid',(#846));
#851=IFCPRODUCTDEFINITIONSHAPE($,$,(#850));
#852=IFCOPENINGELEMENT('07Bs$$5yr0sO3elkijxUOg',#6,'Bolt Hole',$,$,#849,#851,$);
#853=IFCRELVOIDSELEMENT('3wlxRArCT1RwnCP$TMJDxa',#6,$,$,#649,#852);
#854=IFCCARTESIANPOINT((0.,0.));
#855=IFCDIRECTION((1.,0.));
#856=IFCAXIS2PLACEMENT2D(#854,#855);
#857=IFCCIRCLEPROFILEDEF(.AREA.,$,#856,4.5);
#858=IFCCARTESIANPOINT((0.,0.,0.));
#859=IFCDIRECTION((0.,0.,1.));
#860=IFCDIRECTION((1.,0.,0.));
#861=IFCAXIS2PLACEMENT3D(#858,#859,#860);
#862=IFCDIRECTION((0.,0.,1.));
#863=IFCEXTRUDEDAREASOLID(#857,#861,#862,127.8);
#864=IFCCARTESIANPOINT((0.,0.,0.));
#865=IFCAXIS2PLACEMENT3D(#864,$,$);
#866=IFCLOCALPLACEMENT(#646,#865);
#867=IFCSHAPEREPRESENTATION(#18,'Body','SweptSolid',(#863));
#868=IFCPRODUCTDEFINITIONSHAPE($,$,(#867));
#869=IFCOPENINGELEMENT('2Fmwos0xXFyhtE2_7xCUSB',#6,'Bolt Hole',$,$,#866,#868,$);
#870=IFCRELVOIDSELEMENT('0$QpI4FEfCQOBfUl7n3fQb',#6,$,$,#649,#869);
#871=IFCCARTESIANPOINT((0.,0.));
#872=IFCDIRECTION((1.,0.));
#873=IFCAXIS2PLACEMENT2D(#871,#872);
#874=IFCCIRCLEPROFILEDEF(.AREA.,$,#873,4.5);
#875=IFCCARTESIANPOINT((0.,0.,0.));
#876=IFCDIRECTION((0.,0.,1.));
#877=IFCDIRECTION((1.,0.,0.));
#878=IFCAXIS2PLACEMENT3D(#875,#876,#877);
#879=IFCDIRECTION((0.,0.,1.));
#880=IFCEXTRUDEDAREASOLID(#874,#878,#879,127.8);
#881=IFCCARTESIANPOINT((0.,0.,0.));
#882=IFCAXIS2PLACEMENT3D(#881,$,$);
#883=IFCLOCALPLACEMENT(#646,#882);
#884=IFCSHAPEREPRESENTATION(#18,'Body','SweptSolid',(#880));
#885=IFCPRODUCTDEFINITIONSHAPE($,$,(#884));
#886=IFCOPENINGELEMENT('0b6VipOyz94Qr2hhTPXM3B',#6,'Bolt Hole',$,$,#883,#885,$);
#887=IFCRELVOIDSELEMENT('3qqW_OfVb12BDWVYL2bKXs',#6,$,$,#649,#886);
#888=IFCCARTESIANPOINT((0.,0.));
#889=IFCDIRECTION((1.,0.));
#890=IFCAXIS2PLACEMENT2D(#888,#889);
#891=IFCCIRCLEPROFILEDEF(.AREA.,$,#890,4.5);
#892=IFCCARTESIANPOINT((0.,0.,0.));
#893=IFCDIRECTION((0.,0.,1.));
#894=IFCDIRECTION((1.,0.,0.));
#895=IFCAXIS2PLACEMENT3D(#892,#893,#894);
#896=IFCDIRECTION((0.,0.,1.));
#897=IFCEXTRUDEDAREASOLID(#891,#895,#896,127.8);
#898=IFCCARTESIANPOINT((0.,0.,0.));
#899=IFCAXIS2PLACEMENT3D(#898,$,$);
#900=IFCLOCALPLACEMENT(#646,#899);
#901=IFCSHAPEREPRESENTATION(#18,'Body','SweptSolid',(#897));
#902=IFCPRODUCTDEFINITIONSHAPE($,$,(#901));
#903=IFCOPENINGELEMENT('11RGY_LyPBqxg53rmqR7nJ',#6,'Bolt Hole',$,$,#900,#902,$);
#904=IFCRELVOIDSELEMENT('1qfZ67EDn0RhO3vKhquCuK',#6,$,$,#649,#903);
#905=IFCCARTESIANPOINT((0.,0.));
#906=IFCDIRECTION((1.,0.));
#907=IFCAXIS2PLACEMENT2D(#905,#906);
#908=IFCCIRCLEPROFILEDEF(.AREA.,$,#907,4.5);
#909=IFCCARTESIANPOINT((0.,0.,0.));
#910=IFCDIRECTION((0.,0.,1.));
#911=IFCDIRECTION((1.,0.,0.));
#912=IFCAXIS2PLACEMENT3D(#909,#910,#911);
#913=IFCDIRECTION((0.,0.,1.));
#914=IFCEXTRUDEDAREASOLID(#908,#912,#913,127.8);
#915=IFCCARTESIANPOINT((0.,0.,0.));
#916=IFCAXIS2PLACEMENT3D(#915,$,$);
#917=IFCLOCALPLACEMENT(#646,#916);
#918=IFCSHAPEREPRESENTATION(#18,'Body','SweptSolid',(#914));
#919=IFCPRODUCTDEFINITIONSHAPE($,$,(#918));
#920=IFCOPENINGELEMENT('1kih4_4ujF0xBpvs8RoDRp',#6,'Bolt Hole',$,$,#917,#919,$);
#921=IFCRELVOIDSELEMENT('3wANO4oL1AROb4lqNpKBmT',#6,$,$,#649,#920);
#922=IFCCARTESIANPOINT((0.,0.));
#923=IFCDIRECTION((1.,0.));
#924=IFCAXIS2PLACEMENT2D(#922,#923);
#925=IFCCIRCLEPROFILEDEF(.AREA.,$,#924,4.5);
#926=IFCCARTESIANPOINT((0.,0.,0.));
#927=IFCDIRECTION((0.,0.,1.));
#928=IFCDIRECTION((1.,0.,0.));
#929=IFCAXIS2PLACEMENT3D(#926,#927,#928);
#930=IFCDIRECTION((0.,0.,1.));
#931=IFCEXTRUDEDAREASOLID(#925,#929,#930,127.8);
#932=IFCCARTESIANPOINT((0.,0.,0.));
#933=IFCAXIS2PLACEMENT3D(#932,$,$);
#934=IFCLOCALPLACEMENT(#646,#933);
#935=IFCSHAPEREPRESENTATION(#18,'Body','SweptSolid',(#931));
#936=IFCPRODUCTDEFINITIONSHAPE($,$,(#935));
#937=IFCOPENINGELEMENT('2NmT_JEffAQugJ1UfxeuOs',#6,'Bolt Hole',$,$,#934,#936,$);
#938=IFCRELVOIDSELEMENT('1R8iGNez18bfkmhv1uMxRy',#6,$,$,#649,#937);
#939=IFCCARTESIANPOINT((0.,0.));
#940=IFCDIRECTION((1.,0.));
#941=IFCAXIS2PLACEMENT2D(#939,#940);
#942=IFCCIRCLEPROFILEDEF(.AREA.,$,#941,4.5);
#943=IFCCARTESIANPOINT((0.,0.,0.));
#944=IFCDIRECTION((0.,0.,1.));
#945=IFCDIRECTION((1.,0.,0.));
#946=IFCAXIS2PLACEMENT3D(#943,#944,#945);
#947=IFCDIRECTION((0.,0.,1.));
#948=IFCEXTRUDEDAREASOLID(#942,#946,#947,127.8);
#949=IFCCARTESIANPOINT((0.,0.,0.));
#950=IFCAXIS2PLACEMENT3D(#949,$,$);
#951=IFCLOCALPLACEMENT(#646,#950);
#952=IFCSHAPEREPRESENTATION(#18,'Body','SweptSolid',(#948));
#953=IFCPRODUCTDEFINITIONSHAPE($,$,(#952));
#954=IFCOPENINGELEMENT('2XJM1UJknD2P1IFR7ArduA',#6,'Bolt Hole',$,$,#951,#953,$);
#955=IFCRELVOIDSELEMENT('2obRtBop5B5ONFKP882OAz',#6,$,$,#649,#954);
#956=IFCCARTESIANPOINT((0.,0.));
#957=IFCDIRECTION((1.,0.));
#958=IFCAXIS2PLACEMENT2D(#956,#957);
#959=IFCCIRCLEPROFILEDEF(.AREA.,$,#958,4.5);
#960=IFCCARTESIANPOINT((0.,0.,0.));
#961=IFCDIRECTION((0.,0.,1.));
#962=IFCDIRECTION((1.,0.,0.));
#963=IFCAXIS2PLACEMENT3D(#960,#961,#962);
#964=IFCDIRECTION((0.,0.,1.));
#965=IFCEXTRUDEDAREASOLID(#959,#963,#964,127.8);
#966=IFCCARTESIANPOINT((0.,0.,0.));
#967=IFCAXIS2PLACEMENT3D(#966,$,$);
#968=IFCLOCALPLACEMENT(#646,#967);
#969=IFCSHAPEREPRESENTATION(#18,'Body','SweptSolid',(#965));
#970=IFCPRODUCTDEFINITIONSHAPE($,$,(#969));
#971=IFCOPENINGELEMENT('1P3oJYXiX0RPhybbnVc9tw',#6,'Bolt Hole',$,$,#968,#970,$);
#972=IFCRELVOIDSELEMENT('3M4swZLDr2DhTQPAYnsd9f',#6,$,$,#649,#971);
#973=IFCCARTESIANPOINT((0.,0.));
#974=IFCDIRECTION((1.,0.));
#975=IFCAXIS2PLACEMENT2D(#973,#974);
#976=IFCCIRCLEPROFILEDEF(.AREA.,$,#975,4.5);
#977=IFCCARTESIANPOINT((0.,0.,0.));
#978=IFCDIRECTION((0.,0.,1.));
#979=IFCDIRECTION((1.,0.,0.));
#980=IFCAXIS2PLACEMENT3D(#977,#978,#979);
#981=IFCDIRECTION((0.,0.,1.));
#982=IFCEXTRUDEDAREASOLID(#976,#980,#981,127.8);
#983=IFCCARTESIANPOINT((0.,0.,0.));
#984=IFCAXIS2PLACEMENT3D(#983,$,$);
#985=IFCLOCALPLACEMENT(#646,#984);
#986=IFCSHAPEREPRESENTATION(#18,'Body','SweptSolid',(#982));
#987=IFCPRODUCTDEFINITIONSHAPE($,$,(#986));
#988=IFCOPENINGELEMENT('3QBNhO3Cv8RQpaZNrSadiG',#6,'Bolt Hole',$,$,#985,#987,$);
#989=IFCRELVOIDSELEMENT('1hcuXZenD8cPTaS5I79$mB',#6,$,$,#649,#988);
#990=IFCCARTESIANPOINT((0.,0.));
#991=IFCDIRECTION((1.,0.));
#992=IFCAXIS2PLACEMENT2D(#990,#991);
#993=IFCCIRCLEPROFILEDEF(.AREA.,$,#992,4.5);
#994=IFCCARTESIANPOINT((0.,0.,0.));
#995=IFCDIRECTION((0.,0.,1.));
#996=IFCDIRECTION((1.,0.,0.));
#997=IFCAXIS2PLACEMENT3D(#994,#995,#996);
#998=IFCDIRECTION((0.,0.,1.));
#999=IFCEXTRUDEDAREASOLID(#993,#997,#998,127.8);
#1000=IFCCARTESIANPOINT((0.,0.,0.));
#1001=IFCAXIS2PLACEMENT3D(#1000,$,$);
#1002=IFCLOCALPLACEMENT(#646,#1001);
#1003=IFCSHAPEREPRESENTATION(#18,'Body','SweptSolid',(#999));
#1004=IFCPRODUCTDEFINITIONSHAPE($,$,(#1003));
#1005=IFCOPENINGELEMENT('0JwppmXOb7qucWGIQS8T2E',#6,'Bolt Hole',$,$,#1002,#1004,$);
#1006=IFCRELVOIDSELEMENT('0ixFw4KArBNgPIm_GsG2ol',#6,$,$,#649,#1005);
#1007=IFCCARTESIANPOINT((0.,0.));
#1008=IFCDIRECTION((1.,0.));
#1009=IFCAXIS2PLACEMENT2D(#1007,#1008);
#1010=IFCCIRCLEPROFILEDEF(.AREA.,$,#1009,4.5);
#1011=IFCCARTESIANPOINT((0.,0.,0.));
#1012=IFCDIRECTION((0.,0.,1.));
#1013=IFCDIRECTION((1.,0.,0.));
#1014=IFCAXIS2PLACEMENT3D(#1011,#1012,#1013);
#1015=IFCDIRECTION((0.,0.,1.));
#1016=IFCEXTRUDEDAREASOLID(#1010,#1014,#1015,127.8);
#1017=IFCCARTESIANPOINT((0.,0.,0.));
#1018=IFCAXIS2PLACEMENT3D(#1017,$,$);
#1019=IFCLOCALPLACEMENT(#646,#1018);
#1020=IFCSHAPEREPRESENTATION(#18,'Body','SweptSolid',(#1016));
#1021=IFCPRODUCTDEFINITIONSHAPE($,$,(#1020));
#1022=IFCOPENINGELEMENT('0dk$BzyMf4q9f9xdNPeBTL',#6,'Bolt Hole',$,$,#1019,#1021,$);
#1023=IFCRELVOIDSELEMENT('2gQHrUGv5E7gBLioPigA09',#6,$,$,#649,#1022);
#1024=IFCCARTESIANPOINT((0.,0.));
#1025=IFCDIRECTION((1.,0.));
#1026=IFCAXIS2PLACEMENT2D(#1024,#1025);
#1027=IFCCIRCLEPROFILEDEF(.AREA.,$,#1026,4.5);
#1028=IFCCARTESIANPOINT((0.,0.,0.));
#1029=IFCDIRECTION((0.,0.,1.));
#1030=IFCDIRECTION((1.,0.,0.));
#1031=IFCAXIS2PLACEMENT3D(#1028,#1029,#1030);
#1032=IFCDIRECTION((0.,0.,1.));
#1033=IFCEXTRUDEDAREASOLID(#1027,#1031,#1032,127.8);
#1034=IFCCARTESIANPOINT((0.,0.,0.));
#1035=IFCAXIS2PLACEMENT3D(#1034,$,$);
#1036=IFCLOCALPLACEMENT(#646,#1035);
#1037=IFCSHAPEREPRESENTATION(#18,'Body','SweptSolid',(#1033));
#1038=IFCPRODUCTDEFINITIONSHAPE($,$,(#1037));
#1039=IFCOPENINGELEMENT('2QmHueYnr4$PuBdXokESGg',#6,'Bolt Hole',$,$,#1036,#1038,$);
#1040=IFCRELVOIDSELEMENT('1mLqGfhlPBy9J4zY7aMHYH',#6,$,$,#649,#1039);
#1041=IFCCARTESIANPOINT((0.,0.));
#1042=IFCDIRECTION((1.,0.));
#1043=IFCAXIS2PLACEMENT2D(#1041,#1042);
#1044=IFCCIRCLEPROFILEDEF(.AREA.,$,#1043,4.5);
#1045=IFCCARTESIANPOINT((0.,0.,0.));
#1046=IFCDIRECTION((0.,0.,1.));
#1047=IFCDIRECTION((1.,0.,0.));
#1048=IFCAXIS2PLACEMENT3D(#1045,#1046,#1047);
#1049=IFCDIRECTION((0.,0.,1.));
#1050=IFCEXTRUDEDAREASOLID(#1044,#1048,#1049,127.8);
#1051=IFCCARTESIANPOINT((0.,0.,0.));
#1052=IFCAXIS2PLACEMENT3D(#1051,$,$);
#1053=IFCLOCALPLACEMENT(#646,#1052);
#1054=IFCSHAPEREPRESENTATION(#18,'Body','SweptSolid',(#1050));
#1055=IFCPRODUCTDEFINITIONSHAPE($,$,(#1054));
#1056=IFCOPENINGELEMENT('0U0$k5nNnCGQCe9nEkVuCK',#6,'Bolt Hole',$,$,#1053,#1055,$);
#1057=IFCRELVOIDSELEMENT('0mQ3j4Jxv5nwfNFbYpJgHN',#6,$,$,#649,#1056);
#1058=IFCCARTESIANPOINT((0.,0.));
#1059=IFCDIRECTION((1.,0.));
#1060=IFCAXIS2PLACEMENT2D(#1058,#1059);
#1061=IFCCIRCLEPROFILEDEF(.AREA.,$,#1060,4.5);
#1062=IFCCARTESIANPOINT((0.,0.,0.));
#1063=IFCDIRECTION((0.,0.,1.));
#1064=IFCDIRECTION((1.,0.,0.));
#1065=IFCAXIS2PLACEMENT3D(#1062,#1063,#1064);
#1066=IFCDIRECTION((0.,0.,1.));
#1067=IFCEXTRUDEDAREASOLID(#1061,#1065,#1066,127.8);
#1068=IFCCARTESIANPOINT((0.,0.,0.));
#1069=IFCAXIS2PLACEMENT3D(#1068,$,$);
#1070=IFCLOCALPLACEMENT(#646,#1069);
#1071=IFCSHAPEREPRESENTATION(#18,'Body','SweptSolid',(#1067));
#1072=IFCPRODUCTDEFINITIONSHAPE($,$,(#1071));
#1073=IFCOPENINGELEMENT('3dMAQjuhH9yQphYGjxt9gG',#6,'Bolt Hole',$,$,#1070,#1072,$);
#1074=IFCRELVOIDSELEMENT('1cUijn27v1xBKk0w3DrEdr',#6,$,$,#649,#1073);
#1075=IFCCARTESIANPOINT((0.,0.));
#1076=IFCDIRECTION((1.,0.));
#1077=IFCAXIS2PLACEMENT2D(#1075,#1076);
#1078=IFCCIRCLEPROFILEDEF(.AREA.,$,#1077,4.5);
#1079=IFCCARTESIANPOINT((0.,0.,0.));
#1080=IFCDIRECTION((0.,0.,1.));
#1081=IFCDIRECTION((1.,0.,0.));
#1082=IFCAXIS2PLACEMENT3D(#1079,#1080,#1081);
#1083=IFCDIRECTION((0.,0.,1.));
#1084=IFCEXTRUDEDAREASOLID(#1078,#1082,#1083,127.8);
#1085=IFCCARTESIANPOINT((0.,0.,0.));
#1086=IFCAXIS2PLACEMENT3D(#1085,$,$);
#1087=IFCLOCALPLACEMENT(#646,#1086);
#1088=IFCSHAPEREPRESENTATION(#18,'Body','SweptSolid',(#1084));
#1089=IFCPRODUCTDEFINITIONSHAPE($,$,(#1088));
#1090=IFCOPENINGELEMENT('2V1LbWV$jFpvq0lwqu$1cj',#6,'Bolt Hole',$,$,#1087,#1089,$);
#1091=IFCRELVOIDSELEMENT('3h$5W6jdL5nAvIvMaPji$I',#6,$,$,#649,#1090);
#1092=IFCCARTESIANPOINT((0.,0.));
#1093=IFCDIRECTION((1.,0.));
#1094=IFCAXIS2PLACEMENT2D(#1092,#1093);
#1095=IFCCIRCLEPROFILEDEF(.AREA.,$,#1094,4.5);
#1096=IFCCARTESIANPOINT((0.,0.,0.));
#1097=IFCDIRECTION((0.,0.,1.));
#1098=IFCDIRECTION((1.,0.,0.));
#1099=IFCAXIS2PLACEMENT3D(#1096,#1097,#1098);
#1100=IFCDIRECTION((0.,0.,1.));
#1101=IFCEXTRUDEDAREASOLID(#1095,#1099,#1100,127.8);
#1102=IFCCARTESIANPOINT((0.,0.,0.));
#1103=IFCAXIS2PLACEMENT3D(#1102,$,$);
#1104=IFCLOCALPLACEMENT(#646,#1103);
#1105=IFCSHAPEREPRESENTATION(#18,'Body','SweptSolid',(#1101));
#1106=IFCPRODUCTDEFINITIONSHAPE($,$,(#1105));
#1107=IFCOPENINGELEMENT('08VeREkWH4cxzztHZDGNnr',#6,'Bolt Hole',$,$,#1104,#1106,$);
#1108=IFCRELVOIDSELEMENT('30tkxRwFXEBuHfyMX8wg5$',#6,$,$,#649,#1107);
#1109=IFCCARTESIANPOINT((0.,0.));
#1110=IFCDIRECTION((1.,0.));
#1111=IFCAXIS2PLACEMENT2D(#1109,#1110);
#1112=IFCCIRCLEPROFILEDEF(.AREA.,$,#1111,4.5);
#1113=IFCCARTESIANPOINT((0.,0.,0.));
#1114=IFCDIRECTION((0.,0.,1.));
#1115=IFCDIRECTION((1.,0.,0.));
#1116=IFCAXIS2PLACEMENT3D(#1113,#1114,#1115);
#1117=IFCDIRECTION((0.,0.,1.));
#1118=IFCEXTRUDEDAREASOLID(#1112,#1116,#1117,127.8);
#1119=IFCCARTESIANPOINT((0.,0.,0.));
#1120=IFCAXIS2PLACEMENT3D(#1119,$,$);
#1121=IFCLOCALPLACEMENT(#646,#1120);
#1122=IFCSHAPEREPRESENTATION(#18,'Body','SweptSolid',(#1118));
#1123=IFCPRODUCTDEFINITIONSHAPE($,$,(#1122));
#1124=IFCOPENINGELEMENT('0syq_5_CnEUglvEDzWgf1a',#6,'Bolt Hole',$,$,#1121,#1123,$);
#1125=IFCRELVOIDSELEMENT('1yTAHqZpD0nBxKzcwMm7Yc',#6,$,$,#649,#1124);
#1126=IFCCARTESIANPOINT((0.,0.));
#1127=IFCDIRECTION((1.,0.));
#1128=IFCAXIS2PLACEMENT2D(#1126,#1127);
#1129=IFCCIRCLEPROFILEDEF(.AREA.,$,#1128,4.5);
#1130=IFCCARTESIANPOINT((0.,0.,0.));
#1131=IFCDIRECTION((0.,0.,1.));
#1132=IFCDIRECTION((1.,0.,0.));
#1133=IFCAXIS2PLACEMENT3D(#1130,#1131,#1132);
#1134=IFCDIRECTION((0.,0.,1.));
#1135=IFCEXTRUDEDAREASOLID(#1129,#1133,#1134,127.8);
#1136=IFCCARTESIANPOINT((0.,0.,0.));
#1137=IFCAXIS2PLACEMENT3D(#1136,$,$);
#1138=IFCLOCALPLACEMENT(#646,#1137);
#1139=IFCSHAPEREPRESENTATION(#18,'Body','SweptSolid',(#1135));
#1140=IFCPRODUCTDEFINITIONSHAPE($,$,(#1139));
#1141=IFCOPENINGELEMENT('3Xf2hcBLb1pePqrtkiRWgf',#6,'Bolt Hole',$,$,#1138,#1140,$);
#1142=IFCRELVOIDSELEMENT('1KzUtTid94xftHq90y8s$_',#6,$,$,#649,#1141);
#1143=IFCCARTESIANPOINT((0.,0.));
#1144=IFCDIRECTION((1.,0.));
#1145=IFCAXIS2PLACEMENT2D(#1143,#1144);
#1146=IFCCIRCLEPROFILEDEF(.AREA.,$,#1145,4.5);
#1147=IFCCARTESIANPOINT((0.,0.,0.));
#1148=IFCDIRECTION((0.,0.,1.));
#1149=IFCDIRECTION((1.,0.,0.));
#1150=IFCAXIS2PLACEMENT3D(#1147,#1148,#1149);
#1151=IFCDIRECTION((0.,0.,1.));
#1152=IFCEXTRUDEDAREASOLID(#1146,#1150,#1151,127.8);
#1153=IFCCARTESIANPOINT((0.,0.,0.));
#1154=IFCAXIS2PLACEMENT3D(#1153,$,$);
#1155=IFCLOCALPLACEMENT(#646,#1154);
#1156=IFCSHAPEREPRESENTATION(#18,'Body','SweptSolid',(#1152));
#1157=IFCPRODUCTDEFINITIONSHAPE($,$,(#1156));
#1158=IFCOPENINGELEMENT('3nuEZsMlTFDQyaha1IeS7U',#6,'Bolt Hole',$,$,#1155,#1157,$);
#1159=IFCRELVOIDSELEMENT('0gcFp36qjD6hsLSwcB_MlH',#6,$,$,#649,#1158);
#1160=IFCCARTESIANPOINT((0.,0.));
#1161=IFCDIRECTION((1.,0.));
#1162=IFCAXIS2PLACEMENT2D(#1160,#1161);
#1163=IFCCIRCLEPROFILEDEF(.AREA.,$,#1162,4.5);
#1164=IFCCARTESIANPOINT((0.,0.,0.));
#1165=IFCDIRECTION((0.,0.,1.));
#1166=IFCDIRECTION((1.,0.,0.));
#1167=IFCAXIS2PLACEMENT3D(#1164,#1165,#1166);
#1168=IFCDIRECTION((0.,0.,1.));
#1169=IFCEXTRUDEDAREASOLID(#1163,#1167,#1168,127.8);
#1170=IFCCARTESIANPOINT((0.,0.,0.));
#1171=IFCAXIS2PLACEMENT3D(#1170,$,$);
#1172=IFCLOCALPLACEMENT(#646,#1171);
#1173=IFCSHAPEREPRESENTATION(#18,'Body','SweptSolid',(#1169));
#1174=IFCPRODUCTDEFINITIONSHAPE($,$,(#1173));
#1175=IFCOPENINGELEMENT('3SABBHjAzDtgu_SpHBGilo',#6,'Bolt Hole',$,$,#1172,#1174,$);
#1176=IFCRELVOIDSELEMENT('0rycSWUM51LwyqtN8V_P_K',#6,$,$,#649,#1175);
#1177=IFCCARTESIANPOINT((0.,0.));
#1178=IFCDIRECTION((1.,0.));
#1179=IFCAXIS2PLACEMENT2D(#1177,#1178);
#1180=IFCCIRCLEPROFILEDEF(.AREA.,$,#1179,4.5);
#1181=IFCCARTESIANPOINT((0.,0.,0.));
#1182=IFCDIRECTION((0.,0.,1.));
#1183=IFCDIRECTION((1.,0.,0.));
#1184=IFCAXIS2PLACEMENT3D(#1181,#1182,#1183);
#1185=IFCDIRECTION((0.,0.,1.));
#1186=IFCEXTRUDEDAREASOLID(#1180,#1184,#1185,127.8);
#1187=IFCCARTESIANPOINT((0.,0.,0.));
#1188=IFCAXIS2PLACEMENT3D(#1187,$,$);
#1189=IFCLOCALPLACEMENT(#646,#1188);
#1190=IFCSHAPEREPRESENTATION(#18,'Body','SweptSolid',(#1186));
#1191=IFCPRODUCTDEFINITIONSHAPE($,$,(#1190));
#1192=IFCOPENINGELEMENT('2XRVXyxVn4d8FqPjT8bl7D',#6,'Bolt Hole',$,$,#1189,#1191,$);
#1193=IFCRELVOIDSELEMENT('3K$ZcZwi528uYhGmj$Stu8',#6,$,$,#649,#1192);
#1194=IFCPROPERTYSINGLEVALUE('DesignCode','DesignCode',IFCLABEL('IS 800:2007'),$);
#1195=IFCPROPERTYSINGLEVALUE('ExportTime','ExportTime',IFCLABEL('2026-04-07 11:25:01'),$);
#1196=IFCPROPERTYSET('0oRQ9QC95FxwUXWCGmU5aY',#6,'Pset_OsdagDesignData',$,(#1194,#1195));
#1197=IFCRELDEFINESBYPROPERTIES('3vOVPYQGHDxeGSOBIVkvPu',#6,$,$,(#649),#1196);
#1198=IFCPROPERTYSINGLEVALUE('Reference','Reference',IFCLABEL('WB 300'),$);
#1199=IFCPROPERTYSET('3Em964Xmr3xB4hDNrB22g4',#6,'Pset_BeamCommon',$,(#1198));
#1200=IFCRELDEFINESBYPROPERTIES('1omINBS0zF79GFXfPFc5wz',#6,$,$,(#649),#1199);
#1201=IFCQUANTITYLENGTH('Length','Length',$,717.6);
#1202=IFCQUANTITYLENGTH('Depth','Depth',$,300.);
#1203=IFCQUANTITYLENGTH('Width','Width',$,200.);
#1204=IFCQUANTITYAREA('CrossSectionArea','CrossSectionArea',$,0.00613);
#1205=IFCQUANTITYVOLUME('NetVolume','NetVolume',$,0.004398888);
#1206=IFCQUANTITYWEIGHT('NetWeight','NetWeight',$,34.530912);
#1207=IFCELEMENTQUANTITY('0nWXt5eUXEmvmyqiUOCAsR',#6,'Qto_BeamBaseQuantities',$,'Custom',(#1201,#1202,#1203,#1204,#1205,#1206));
#1208=IFCRELDEFINESBYPROPERTIES('0HlMCNIYj2Dwk8xw3F_Pyn',#6,$,$,(#649),#1207);
#1209=IFCRELASSOCIATESMATERIAL('0t_0IWKIrAtOlftevGNpWJ',#6,$,$,(#649),#619);
#1210=IFCCARTESIANPOINT((0.,0.,0.));
#1211=IFCDIRECTION((0.,0.,1.));
#1212=IFCDIRECTION((1.,0.,0.));
#1213=IFCAXIS2PLACEMENT3D(#1210,#1211,#1212);
#1214=IFCCARTESIANPOINT((0.,0.));
#1215=IFCDIRECTION((1.,0.));
#1216=IFCAXIS2PLACEMENT2D(#1214,#1215);
#1217=IFCRECTANGLEPROFILEDEF(.AREA.,$,#1216,14.,325.);
#1218=IFCDIRECTION((0.,0.,1.));
#1219=IFCEXTRUDEDAREASOLID(#1217,#1213,#1218,225.);
#1220=IFCCARTESIANPOINT((-112.5,-207.,662.5));
#1221=IFCDIRECTION((1.,0.,0.));
#1222=IFCDIRECTION((0.,-1.,0.));
#1223=IFCAXIS2PLACEMENT3D(#1220,#1221,#1222);
#1224=IFCLOCALPLACEMENT(#30,#1223);
#1225=IFCSHAPEREPRESENTATION(#18,'Body','SweptSolid',(#1219));
#1226=IFCPRODUCTDEFINITIONSHAPE($,$,(#1225));
#1227=IFCPLATE('31SB6GggH0lgPk2eUNiSWy',#6,'Connection Plate',$,$,#1224,#1226,$);
#1228=IFCCARTESIANPOINT((0.,0.));
#1229=IFCDIRECTION((1.,0.));
#1230=IFCAXIS2PLACEMENT2D(#1228,#1229);
#1231=IFCCIRCLEPROFILEDEF(.AREA.,$,#1230,4.5);
#1232=IFCCARTESIANPOINT((0.,0.,0.));
#1233=IFCDIRECTION((0.,0.,1.));
#1234=IFCDIRECTION((1.,0.,0.));
#1235=IFCAXIS2PLACEMENT3D(#1232,#1233,#1234);
#1236=IFCDIRECTION((0.,0.,1.));
#1237=IFCEXTRUDEDAREASOLID(#1231,#1235,#1236,127.8);
#1238=IFCCARTESIANPOINT((0.,0.,0.));
#1239=IFCAXIS2PLACEMENT3D(#1238,$,$);
#1240=IFCLOCALPLACEMENT(#1224,#1239);
#1241=IFCSHAPEREPRESENTATION(#18,'Body','SweptSolid',(#1237));
#1242=IFCPRODUCTDEFINITIONSHAPE($,$,(#1241));
#1243=IFCOPENINGELEMENT('0mfBOQuT9Acxr5GkTjMpph',#6,'Bolt Hole',$,$,#1240,#1242,$);
#1244=IFCRELVOIDSELEMENT('3BdaaL1AnF5uVf6Cycu3Ov',#6,$,$,#1227,#1243);
#1245=IFCCARTESIANPOINT((0.,0.));
#1246=IFCDIRECTION((1.,0.));
#1247=IFCAXIS2PLACEMENT2D(#1245,#1246);
#1248=IFCCIRCLEPROFILEDEF(.AREA.,$,#1247,4.5);
#1249=IFCCARTESIANPOINT((0.,0.,0.));
#1250=IFCDIRECTION((0.,0.,1.));
#1251=IFCDIRECTION((1.,0.,0.));
#1252=IFCAXIS2PLACEMENT3D(#1249,#1250,#1251);
#1253=IFCDIRECTION((0.,0.,1.));
#1254=IFCEXTRUDEDAREASOLID(#1248,#1252,#1253,127.8);
#1255=IFCCARTESIANPOINT((0.,0.,0.));
#1256=IFCAXIS2PLACEMENT3D(#1255,$,$);
#1257=IFCLOCALPLACEMENT(#1224,#1256);
#1258=IFCSHAPEREPRESENTATION(#18,'Body','SweptSolid',(#1254));
#1259=IFCPRODUCTDEFINITIONSHAPE($,$,(#1258));
#1260=IFCOPENINGELEMENT('3PngBecjPFIv311gGhqLot',#6,'Bolt Hole',$,$,#1257,#1259,$);
#1261=IFCRELVOIDSELEMENT('1VGpyNhOz66f9v2JWLYzPp',#6,$,$,#1227,#1260);
#1262=IFCCARTESIANPOINT((0.,0.));
#1263=IFCDIRECTION((1.,0.));
#1264=IFCAXIS2PLACEMENT2D(#1262,#1263);
#1265=IFCCIRCLEPROFILEDEF(.AREA.,$,#1264,4.5);
#1266=IFCCARTESIANPOINT((0.,0.,0.));
#1267=IFCDIRECTION((0.,0.,1.));
#1268=IFCDIRECTION((1.,0.,0.));
#1269=IFCAXIS2PLACEMENT3D(#1266,#1267,#1268);
#1270=IFCDIRECTION((0.,0.,1.));
#1271=IFCEXTRUDEDAREASOLID(#1265,#1269,#1270,127.8);
#1272=IFCCARTESIANPOINT((0.,0.,0.));
#1273=IFCAXIS2PLACEMENT3D(#1272,$,$);
#1274=IFCLOCALPLACEMENT(#1224,#1273);
#1275=IFCSHAPEREPRESENTATION(#18,'Body','SweptSolid',(#1271));
#1276=IFCPRODUCTDEFINITIONSHAPE($,$,(#1275));
#1277=IFCOPENINGELEMENT('3oiEa1Ra5CUQ3wpW23nKGy',#6,'Bolt Hole',$,$,#1274,#1276,$);
#1278=IFCRELVOIDSELEMENT('11wSe2Gnz2K9RbvK0hyenr',#6,$,$,#1227,#1277);
#1279=IFCCARTESIANPOINT((0.,0.));
#1280=IFCDIRECTION((1.,0.));
#1281=IFCAXIS2PLACEMENT2D(#1279,#1280);
#1282=IFCCIRCLEPROFILEDEF(.AREA.,$,#1281,4.5);
#1283=IFCCARTESIANPOINT((0.,0.,0.));
#1284=IFCDIRECTION((0.,0.,1.));
#1285=IFCDIRECTION((1.,0.,0.));
#1286=IFCAXIS2PLACEMENT3D(#1283,#1284,#1285);
#1287=IFCDIRECTION((0.,0.,1.));
#1288=IFCEXTRUDEDAREASOLID(#1282,#1286,#1287,127.8);
#1289=IFCCARTESIANPOINT((0.,0.,0.));
#1290=IFCAXIS2PLACEMENT3D(#1289,$,$);
#1291=IFCLOCALPLACEMENT(#1224,#1290);
#1292=IFCSHAPEREPRESENTATION(#18,'Body','SweptSolid',(#1288));
#1293=IFCPRODUCTDEFINITIONSHAPE($,$,(#1292));
#1294=IFCOPENINGELEMENT('35Kd4xujzDb9e5_pjuAu5n',#6,'Bolt Hole',$,$,#1291,#1293,$);
#1295=IFCRELVOIDSELEMENT('20A1Ro5_91KwO0sf8bOoMg',#6,$,$,#1227,#1294);
#1296=IFCCARTESIANPOINT((0.,0.));
#1297=IFCDIRECTION((1.,0.));
#1298=IFCAXIS2PLACEMENT2D(#1296,#1297);
#1299=IFCCIRCLEPROFILEDEF(.AREA.,$,#1298,4.5);
#1300=IFCCARTESIANPOINT((0.,0.,0.));
#1301=IFCDIRECTION((0.,0.,1.));
#1302=IFCDIRECTION((1.,0.,0.));
#1303=IFCAXIS2PLACEMENT3D(#1300,#1301,#1302);
#1304=IFCDIRECTION((0.,0.,1.));
#1305=IFCEXTRUDEDAREASOLID(#1299,#1303,#1304,127.8);
#1306=IFCCARTESIANPOINT((0.,0.,0.));
#1307=IFCAXIS2PLACEMENT3D(#1306,$,$);
#1308=IFCLOCALPLACEMENT(#1224,#1307);
#1309=IFCSHAPEREPRESENTATION(#18,'Body','SweptSolid',(#1305));
#1310=IFCPRODUCTDEFINITIONSHAPE($,$,(#1309));
#1311=IFCOPENINGELEMENT('2PbNCyWCbFSwfIxRiAu9cx',#6,'Bolt Hole',$,$,#1308,#1310,$);
#1312=IFCRELVOIDSELEMENT('2wR4m5CEbBKRE3$LQ1CM6H',#6,$,$,#1227,#1311);
#1313=IFCCARTESIANPOINT((0.,0.));
#1314=IFCDIRECTION((1.,0.));
#1315=IFCAXIS2PLACEMENT2D(#1313,#1314);
#1316=IFCCIRCLEPROFILEDEF(.AREA.,$,#1315,4.5);
#1317=IFCCARTESIANPOINT((0.,0.,0.));
#1318=IFCDIRECTION((0.,0.,1.));
#1319=IFCDIRECTION((1.,0.,0.));
#1320=IFCAXIS2PLACEMENT3D(#1317,#1318,#1319);
#1321=IFCDIRECTION((0.,0.,1.));
#1322=IFCEXTRUDEDAREASOLID(#1316,#1320,#1321,127.8);
#1323=IFCCARTESIANPOINT((0.,0.,0.));
#1324=IFCAXIS2PLACEMENT3D(#1323,$,$);
#1325=IFCLOCALPLACEMENT(#1224,#1324);
#1326=IFCSHAPEREPRESENTATION(#18,'Body','SweptSolid',(#1322));
#1327=IFCPRODUCTDEFINITIONSHAPE($,$,(#1326));
#1328=IFCOPENINGELEMENT('0oG5pjybf7GxdhipPjkafN',#6,'Bolt Hole',$,$,#1325,#1327,$);
#1329=IFCRELVOIDSELEMENT('1wvnN2j_9FJRoTY915d970',#6,$,$,#1227,#1328);
#1330=IFCCARTESIANPOINT((0.,0.));
#1331=IFCDIRECTION((1.,0.));
#1332=IFCAXIS2PLACEMENT2D(#1330,#1331);
#1333=IFCCIRCLEPROFILEDEF(.AREA.,$,#1332,4.5);
#1334=IFCCARTESIANPOINT((0.,0.,0.));
#1335=IFCDIRECTION((0.,0.,1.));
#1336=IFCDIRECTION((1.,0.,0.));
#1337=IFCAXIS2PLACEMENT3D(#1334,#1335,#1336);
#1338=IFCDIRECTION((0.,0.,1.));
#1339=IFCEXTRUDEDAREASOLID(#1333,#1337,#1338,127.8);
#1340=IFCCARTESIANPOINT((0.,0.,0.));
#1341=IFCAXIS2PLACEMENT3D(#1340,$,$);
#1342=IFCLOCALPLACEMENT(#1224,#1341);
#1343=IFCSHAPEREPRESENTATION(#18,'Body','SweptSolid',(#1339));
#1344=IFCPRODUCTDEFINITIONSHAPE($,$,(#1343));
#1345=IFCOPENINGELEMENT('0uK9GHN5nCVQcjYOyLdnSV',#6,'Bolt Hole',$,$,#1342,#1344,$);
#1346=IFCRELVOIDSELEMENT('19_ST$hLL3rfK$B5bBEnXU',#6,$,$,#1227,#1345);
#1347=IFCCARTESIANPOINT((0.,0.));
#1348=IFCDIRECTION((1.,0.));
#1349=IFCAXIS2PLACEMENT2D(#1347,#1348);
#1350=IFCCIRCLEPROFILEDEF(.AREA.,$,#1349,4.5);
#1351=IFCCARTESIANPOINT((0.,0.,0.));
#1352=IFCDIRECTION((0.,0.,1.));
#1353=IFCDIRECTION((1.,0.,0.));
#1354=IFCAXIS2PLACEMENT3D(#1351,#1352,#1353);
#1355=IFCDIRECTION((0.,0.,1.));
#1356=IFCEXTRUDEDAREASOLID(#1350,#1354,#1355,127.8);
#1357=IFCCARTESIANPOINT((0.,0.,0.));
#1358=IFCAXIS2PLACEMENT3D(#1357,$,$);
#1359=IFCLOCALPLACEMENT(#1224,#1358);
#1360=IFCSHAPEREPRESENTATION(#18,'Body','SweptSolid',(#1356));
#1361=IFCPRODUCTDEFINITIONSHAPE($,$,(#1360));
#1362=IFCOPENINGELEMENT('31saST6uj8qREgX5n5zX2b',#6,'Bolt Hole',$,$,#1359,#1361,$);
#1363=IFCRELVOIDSELEMENT('1h_MrlJqb8wQsWiyETE1hs',#6,$,$,#1227,#1362);
#1364=IFCCARTESIANPOINT((0.,0.));
#1365=IFCDIRECTION((1.,0.));
#1366=IFCAXIS2PLACEMENT2D(#1364,#1365);
#1367=IFCCIRCLEPROFILEDEF(.AREA.,$,#1366,4.5);
#1368=IFCCARTESIANPOINT((0.,0.,0.));
#1369=IFCDIRECTION((0.,0.,1.));
#1370=IFCDIRECTION((1.,0.,0.));
#1371=IFCAXIS2PLACEMENT3D(#1368,#1369,#1370);
#1372=IFCDIRECTION((0.,0.,1.));
#1373=IFCEXTRUDEDAREASOLID(#1367,#1371,#1372,127.8);
#1374=IFCCARTESIANPOINT((0.,0.,0.));
#1375=IFCAXIS2PLACEMENT3D(#1374,$,$);
#1376=IFCLOCALPLACEMENT(#1224,#1375);
#1377=IFCSHAPEREPRESENTATION(#18,'Body','SweptSolid',(#1373));
#1378=IFCPRODUCTDEFINITIONSHAPE($,$,(#1377));
#1379=IFCOPENINGELEMENT('1gNCPZKzz3oQUXUoJkpzZA',#6,'Bolt Hole',$,$,#1376,#1378,$);
#1380=IFCRELVOIDSELEMENT('3g_6O6Y9b9bA_c8QJ1Mhuw',#6,$,$,#1227,#1379);
#1381=IFCCARTESIANPOINT((0.,0.));
#1382=IFCDIRECTION((1.,0.));
#1383=IFCAXIS2PLACEMENT2D(#1381,#1382);
#1384=IFCCIRCLEPROFILEDEF(.AREA.,$,#1383,4.5);
#1385=IFCCARTESIANPOINT((0.,0.,0.));
#1386=IFCDIRECTION((0.,0.,1.));
#1387=IFCDIRECTION((1.,0.,0.));
#1388=IFCAXIS2PLACEMENT3D(#1385,#1386,#1387);
#1389=IFCDIRECTION((0.,0.,1.));
#1390=IFCEXTRUDEDAREASOLID(#1384,#1388,#1389,127.8);
#1391=IFCCARTESIANPOINT((0.,0.,0.));
#1392=IFCAXIS2PLACEMENT3D(#1391,$,$);
#1393=IFCLOCALPLACEMENT(#1224,#1392);
#1394=IFCSHAPEREPRESENTATION(#18,'Body','SweptSolid',(#1390));
#1395=IFCPRODUCTDEFINITIONSHAPE($,$,(#1394));
#1396=IFCOPENINGELEMENT('3mIJAY5Kz9tQYOLCk64nTE',#6,'Bolt Hole',$,$,#1393,#1395,$);
#1397=IFCRELVOIDSELEMENT('1NEq5zbxP45PbQcGs1foq8',#6,$,$,#1227,#1396);
#1398=IFCCARTESIANPOINT((0.,0.));
#1399=IFCDIRECTION((1.,0.));
#1400=IFCAXIS2PLACEMENT2D(#1398,#1399);
#1401=IFCCIRCLEPROFILEDEF(.AREA.,$,#1400,4.5);
#1402=IFCCARTESIANPOINT((0.,0.,0.));
#1403=IFCDIRECTION((0.,0.,1.));
#1404=IFCDIRECTION((1.,0.,0.));
#1405=IFCAXIS2PLACEMENT3D(#1402,#1403,#1404);
#1406=IFCDIRECTION((0.,0.,1.));
#1407=IFCEXTRUDEDAREASOLID(#1401,#1405,#1406,127.8);
#1408=IFCCARTESIANPOINT((0.,0.,0.));
#1409=IFCAXIS2PLACEMENT3D(#1408,$,$);
#1410=IFCLOCALPLACEMENT(#1224,#1409);
#1411=IFCSHAPEREPRESENTATION(#18,'Body','SweptSolid',(#1407));
#1412=IFCPRODUCTDEFINITIONSHAPE($,$,(#1411));
#1413=IFCOPENINGELEMENT('0IhekAIR94chP5CTu6cI6d',#6,'Bolt Hole',$,$,#1410,#1412,$);
#1414=IFCRELVOIDSELEMENT('2vVvcivJL7bf$o8tI9Pg_w',#6,$,$,#1227,#1413);
#1415=IFCCARTESIANPOINT((0.,0.));
#1416=IFCDIRECTION((1.,0.));
#1417=IFCAXIS2PLACEMENT2D(#1415,#1416);
#1418=IFCCIRCLEPROFILEDEF(.AREA.,$,#1417,4.5);
#1419=IFCCARTESIANPOINT((0.,0.,0.));
#1420=IFCDIRECTION((0.,0.,1.));
#1421=IFCDIRECTION((1.,0.,0.));
#1422=IFCAXIS2PLACEMENT3D(#1419,#1420,#1421);
#1423=IFCDIRECTION((0.,0.,1.));
#1424=IFCEXTRUDEDAREASOLID(#1418,#1422,#1423,127.8);
#1425=IFCCARTESIANPOINT((0.,0.,0.));
#1426=IFCAXIS2PLACEMENT3D(#1425,$,$);
#1427=IFCLOCALPLACEMENT(#1224,#1426);
#1428=IFCSHAPEREPRESENTATION(#18,'Body','SweptSolid',(#1424));
#1429=IFCPRODUCTDEFINITIONSHAPE($,$,(#1428));
#1430=IFCOPENINGELEMENT('3PLSfEqvX3agWAtEqDaDiX',#6,'Bolt Hole',$,$,#1427,#1429,$);
#1431=IFCRELVOIDSELEMENT('03xbxdxYzFLgotOAf4sC3G',#6,$,$,#1227,#1430);
#1432=IFCCARTESIANPOINT((0.,0.));
#1433=IFCDIRECTION((1.,0.));
#1434=IFCAXIS2PLACEMENT2D(#1432,#1433);
#1435=IFCCIRCLEPROFILEDEF(.AREA.,$,#1434,4.5);
#1436=IFCCARTESIANPOINT((0.,0.,0.));
#1437=IFCDIRECTION((0.,0.,1.));
#1438=IFCDIRECTION((1.,0.,0.));
#1439=IFCAXIS2PLACEMENT3D(#1436,#1437,#1438);
#1440=IFCDIRECTION((0.,0.,1.));
#1441=IFCEXTRUDEDAREASOLID(#1435,#1439,#1440,127.8);
#1442=IFCCARTESIANPOINT((0.,0.,0.));
#1443=IFCAXIS2PLACEMENT3D(#1442,$,$);
#1444=IFCLOCALPLACEMENT(#1224,#1443);
#1445=IFCSHAPEREPRESENTATION(#18,'Body','SweptSolid',(#1441));
#1446=IFCPRODUCTDEFINITIONSHAPE($,$,(#1445));
#1447=IFCOPENINGELEMENT('3kmWDkNlH5XOnrY5Eu0lxd',#6,'Bolt Hole',$,$,#1444,#1446,$);
#1448=IFCRELVOIDSELEMENT('0AcHqsMqjBSx99PkxCPPiC',#6,$,$,#1227,#1447);
#1449=IFCCARTESIANPOINT((0.,0.));
#1450=IFCDIRECTION((1.,0.));
#1451=IFCAXIS2PLACEMENT2D(#1449,#1450);
#1452=IFCCIRCLEPROFILEDEF(.AREA.,$,#1451,4.5);
#1453=IFCCARTESIANPOINT((0.,0.,0.));
#1454=IFCDIRECTION((0.,0.,1.));
#1455=IFCDIRECTION((1.,0.,0.));
#1456=IFCAXIS2PLACEMENT3D(#1453,#1454,#1455);
#1457=IFCDIRECTION((0.,0.,1.));
#1458=IFCEXTRUDEDAREASOLID(#1452,#1456,#1457,127.8);
#1459=IFCCARTESIANPOINT((0.,0.,0.));
#1460=IFCAXIS2PLACEMENT3D(#1459,$,$);
#1461=IFCLOCALPLACEMENT(#1224,#1460);
#1462=IFCSHAPEREPRESENTATION(#18,'Body','SweptSolid',(#1458));
#1463=IFCPRODUCTDEFINITIONSHAPE($,$,(#1462));
#1464=IFCOPENINGELEMENT('2RZXeAz694feevNy3QIGgV',#6,'Bolt Hole',$,$,#1461,#1463,$);
#1465=IFCRELVOIDSELEMENT('2rXhM3Adv48BLxEyxNzXWF',#6,$,$,#1227,#1464);
#1466=IFCCARTESIANPOINT((0.,0.));
#1467=IFCDIRECTION((1.,0.));
#1468=IFCAXIS2PLACEMENT2D(#1466,#1467);
#1469=IFCCIRCLEPROFILEDEF(.AREA.,$,#1468,4.5);
#1470=IFCCARTESIANPOINT((0.,0.,0.));
#1471=IFCDIRECTION((0.,0.,1.));
#1472=IFCDIRECTION((1.,0.,0.));
#1473=IFCAXIS2PLACEMENT3D(#1470,#1471,#1472);
#1474=IFCDIRECTION((0.,0.,1.));
#1475=IFCEXTRUDEDAREASOLID(#1469,#1473,#1474,127.8);
#1476=IFCCARTESIANPOINT((0.,0.,0.));
#1477=IFCAXIS2PLACEMENT3D(#1476,$,$);
#1478=IFCLOCALPLACEMENT(#1224,#1477);
#1479=IFCSHAPEREPRESENTATION(#18,'Body','SweptSolid',(#1475));
#1480=IFCPRODUCTDEFINITIONSHAPE($,$,(#1479));
#1481=IFCOPENINGELEMENT('06PPuk$hH2MOW7uM4ufVzv',#6,'Bolt Hole',$,$,#1478,#1480,$);
#1482=IFCRELVOIDSELEMENT('2daRO9l8v6uO4wlOONUhka',#6,$,$,#1227,#1481);
#1483=IFCCARTESIANPOINT((0.,0.));
#1484=IFCDIRECTION((1.,0.));
#1485=IFCAXIS2PLACEMENT2D(#1483,#1484);
#1486=IFCCIRCLEPROFILEDEF(.AREA.,$,#1485,4.5);
#1487=IFCCARTESIANPOINT((0.,0.,0.));
#1488=IFCDIRECTION((0.,0.,1.));
#1489=IFCDIRECTION((1.,0.,0.));
#1490=IFCAXIS2PLACEMENT3D(#1487,#1488,#1489);
#1491=IFCDIRECTION((0.,0.,1.));
#1492=IFCEXTRUDEDAREASOLID(#1486,#1490,#1491,127.8);
#1493=IFCCARTESIANPOINT((0.,0.,0.));
#1494=IFCAXIS2PLACEMENT3D(#1493,$,$);
#1495=IFCLOCALPLACEMENT(#1224,#1494);
#1496=IFCSHAPEREPRESENTATION(#18,'Body','SweptSolid',(#1492));
#1497=IFCPRODUCTDEFINITIONSHAPE($,$,(#1496));
#1498=IFCOPENINGELEMENT('3gJB0l_gb9Le3Gl_d4uUv$',#6,'Bolt Hole',$,$,#1495,#1497,$);
#1499=IFCRELVOIDSELEMENT('1GkWed0Er6LP9nnXgQjQTC',#6,$,$,#1227,#1498);
#1500=IFCCARTESIANPOINT((0.,0.));
#1501=IFCDIRECTION((1.,0.));
#1502=IFCAXIS2PLACEMENT2D(#1500,#1501);
#1503=IFCCIRCLEPROFILEDEF(.AREA.,$,#1502,4.5);
#1504=IFCCARTESIANPOINT((0.,0.,0.));
#1505=IFCDIRECTION((0.,0.,1.));
#1506=IFCDIRECTION((1.,0.,0.));
#1507=IFCAXIS2PLACEMENT3D(#1504,#1505,#1506);
#1508=IFCDIRECTION((0.,0.,1.));
#1509=IFCEXTRUDEDAREASOLID(#1503,#1507,#1508,127.8);
#1510=IFCCARTESIANPOINT((0.,0.,0.));
#1511=IFCAXIS2PLACEMENT3D(#1510,$,$);
#1512=IFCLOCALPLACEMENT(#1224,#1511);
#1513=IFCSHAPEREPRESENTATION(#18,'Body','SweptSolid',(#1509));
#1514=IFCPRODUCTDEFINITIONSHAPE($,$,(#1513));
#1515=IFCOPENINGELEMENT('3yCNN$DaD6xfR3sNzXU5cQ',#6,'Bolt Hole',$,$,#1512,#1514,$);
#1516=IFCRELVOIDSELEMENT('2k_LR_ZHPE2eYG6CZcCOn8',#6,$,$,#1227,#1515);
#1517=IFCCARTESIANPOINT((0.,0.));
#1518=IFCDIRECTION((1.,0.));
#1519=IFCAXIS2PLACEMENT2D(#1517,#1518);
#1520=IFCCIRCLEPROFILEDEF(.AREA.,$,#1519,4.5);
#1521=IFCCARTESIANPOINT((0.,0.,0.));
#1522=IFCDIRECTION((0.,0.,1.));
#1523=IFCDIRECTION((1.,0.,0.));
#1524=IFCAXIS2PLACEMENT3D(#1521,#1522,#1523);
#1525=IFCDIRECTION((0.,0.,1.));
#1526=IFCEXTRUDEDAREASOLID(#1520,#1524,#1525,127.8);
#1527=IFCCARTESIANPOINT((0.,0.,0.));
#1528=IFCAXIS2PLACEMENT3D(#1527,$,$);
#1529=IFCLOCALPLACEMENT(#1224,#1528);
#1530=IFCSHAPEREPRESENTATION(#18,'Body','SweptSolid',(#1526));
#1531=IFCPRODUCTDEFINITIONSHAPE($,$,(#1530));
#1532=IFCOPENINGELEMENT('35WVNuEv93n9G9pTS2SSeK',#6,'Bolt Hole',$,$,#1529,#1531,$);
#1533=IFCRELVOIDSELEMENT('2Bpd1k1SfERvw6be_qPq9i',#6,$,$,#1227,#1532);
#1534=IFCCARTESIANPOINT((0.,0.));
#1535=IFCDIRECTION((1.,0.));
#1536=IFCAXIS2PLACEMENT2D(#1534,#1535);
#1537=IFCCIRCLEPROFILEDEF(.AREA.,$,#1536,4.5);
#1538=IFCCARTESIANPOINT((0.,0.,0.));
#1539=IFCDIRECTION((0.,0.,1.));
#1540=IFCDIRECTION((1.,0.,0.));
#1541=IFCAXIS2PLACEMENT3D(#1538,#1539,#1540);
#1542=IFCDIRECTION((0.,0.,1.));
#1543=IFCEXTRUDEDAREASOLID(#1537,#1541,#1542,127.8);
#1544=IFCCARTESIANPOINT((0.,0.,0.));
#1545=IFCAXIS2PLACEMENT3D(#1544,$,$);
#1546=IFCLOCALPLACEMENT(#1224,#1545);
#1547=IFCSHAPEREPRESENTATION(#18,'Body','SweptSolid',(#1543));
#1548=IFCPRODUCTDEFINITIONSHAPE($,$,(#1547));
#1549=IFCOPENINGELEMENT('2YgAv_kq53SQyLOzgSMZYU',#6,'Bolt Hole',$,$,#1546,#1548,$);
#1550=IFCRELVOIDSELEMENT('38kqFTjFn9SwEQMEWk_76V',#6,$,$,#1227,#1549);
#1551=IFCCARTESIANPOINT((0.,0.));
#1552=IFCDIRECTION((1.,0.));
#1553=IFCAXIS2PLACEMENT2D(#1551,#1552);
#1554=IFCCIRCLEPROFILEDEF(.AREA.,$,#1553,4.5);
#1555=IFCCARTESIANPOINT((0.,0.,0.));
#1556=IFCDIRECTION((0.,0.,1.));
#1557=IFCDIRECTION((1.,0.,0.));
#1558=IFCAXIS2PLACEMENT3D(#1555,#1556,#1557);
#1559=IFCDIRECTION((0.,0.,1.));
#1560=IFCEXTRUDEDAREASOLID(#1554,#1558,#1559,127.8);
#1561=IFCCARTESIANPOINT((0.,0.,0.));
#1562=IFCAXIS2PLACEMENT3D(#1561,$,$);
#1563=IFCLOCALPLACEMENT(#1224,#1562);
#1564=IFCSHAPEREPRESENTATION(#18,'Body','SweptSolid',(#1560));
#1565=IFCPRODUCTDEFINITIONSHAPE($,$,(#1564));
#1566=IFCOPENINGELEMENT('1yh$rOcIX6GxQHXXESxAFD',#6,'Bolt Hole',$,$,#1563,#1565,$);
#1567=IFCRELVOIDSELEMENT('1CGjc9SKT8fuvO24qR5SYU',#6,$,$,#1227,#1566);
#1568=IFCCARTESIANPOINT((0.,0.));
#1569=IFCDIRECTION((1.,0.));
#1570=IFCAXIS2PLACEMENT2D(#1568,#1569);
#1571=IFCCIRCLEPROFILEDEF(.AREA.,$,#1570,4.5);
#1572=IFCCARTESIANPOINT((0.,0.,0.));
#1573=IFCDIRECTION((0.,0.,1.));
#1574=IFCDIRECTION((1.,0.,0.));
#1575=IFCAXIS2PLACEMENT3D(#1572,#1573,#1574);
#1576=IFCDIRECTION((0.,0.,1.));
#1577=IFCEXTRUDEDAREASOLID(#1571,#1575,#1576,127.8);
#1578=IFCCARTESIANPOINT((0.,0.,0.));
#1579=IFCAXIS2PLACEMENT3D(#1578,$,$);
#1580=IFCLOCALPLACEMENT(#1224,#1579);
#1581=IFCSHAPEREPRESENTATION(#18,'Body','SweptSolid',(#1577));
#1582=IFCPRODUCTDEFINITIONSHAPE($,$,(#1581));
#1583=IFCOPENINGELEMENT('167LqFMT95KwzgLwuVozGa',#6,'Bolt Hole',$,$,#1580,#1582,$);
#1584=IFCRELVOIDSELEMENT('0QtQaiPbv23gocVw9pjjDJ',#6,$,$,#1227,#1583);
#1585=IFCCARTESIANPOINT((0.,0.));
#1586=IFCDIRECTION((1.,0.));
#1587=IFCAXIS2PLACEMENT2D(#1585,#1586);
#1588=IFCCIRCLEPROFILEDEF(.AREA.,$,#1587,4.5);
#1589=IFCCARTESIANPOINT((0.,0.,0.));
#1590=IFCDIRECTION((0.,0.,1.));
#1591=IFCDIRECTION((1.,0.,0.));
#1592=IFCAXIS2PLACEMENT3D(#1589,#1590,#1591);
#1593=IFCDIRECTION((0.,0.,1.));
#1594=IFCEXTRUDEDAREASOLID(#1588,#1592,#1593,127.8);
#1595=IFCCARTESIANPOINT((0.,0.,0.));
#1596=IFCAXIS2PLACEMENT3D(#1595,$,$);
#1597=IFCLOCALPLACEMENT(#1224,#1596);
#1598=IFCSHAPEREPRESENTATION(#18,'Body','SweptSolid',(#1594));
#1599=IFCPRODUCTDEFINITIONSHAPE($,$,(#1598));
#1600=IFCOPENINGELEMENT('0DPSYSakX6HxeFRtQt$xEN',#6,'Bolt Hole',$,$,#1597,#1599,$);
#1601=IFCRELVOIDSELEMENT('2w6l2OPrL55QrRLFX0ByFq',#6,$,$,#1227,#1600);
#1602=IFCCARTESIANPOINT((0.,0.));
#1603=IFCDIRECTION((1.,0.));
#1604=IFCAXIS2PLACEMENT2D(#1602,#1603);
#1605=IFCCIRCLEPROFILEDEF(.AREA.,$,#1604,4.5);
#1606=IFCCARTESIANPOINT((0.,0.,0.));
#1607=IFCDIRECTION((0.,0.,1.));
#1608=IFCDIRECTION((1.,0.,0.));
#1609=IFCAXIS2PLACEMENT3D(#1606,#1607,#1608);
#1610=IFCDIRECTION((0.,0.,1.));
#1611=IFCEXTRUDEDAREASOLID(#1605,#1609,#1610,127.8);
#1612=IFCCARTESIANPOINT((0.,0.,0.));
#1613=IFCAXIS2PLACEMENT3D(#1612,$,$);
#1614=IFCLOCALPLACEMENT(#1224,#1613);
#1615=IFCSHAPEREPRESENTATION(#18,'Body','SweptSolid',(#1611));
#1616=IFCPRODUCTDEFINITIONSHAPE($,$,(#1615));
#1617=IFCOPENINGELEMENT('3tvZwwlz98w9wc3h5i2pjk',#6,'Bolt Hole',$,$,#1614,#1616,$);
#1618=IFCRELVOIDSELEMENT('19zuVnWvH4cAKlWbepe6_M',#6,$,$,#1227,#1617);
#1619=IFCCARTESIANPOINT((0.,0.));
#1620=IFCDIRECTION((1.,0.));
#1621=IFCAXIS2PLACEMENT2D(#1619,#1620);
#1622=IFCCIRCLEPROFILEDEF(.AREA.,$,#1621,4.5);
#1623=IFCCARTESIANPOINT((0.,0.,0.));
#1624=IFCDIRECTION((0.,0.,1.));
#1625=IFCDIRECTION((1.,0.,0.));
#1626=IFCAXIS2PLACEMENT3D(#1623,#1624,#1625);
#1627=IFCDIRECTION((0.,0.,1.));
#1628=IFCEXTRUDEDAREASOLID(#1622,#1626,#1627,127.8);
#1629=IFCCARTESIANPOINT((0.,0.,0.));
#1630=IFCAXIS2PLACEMENT3D(#1629,$,$);
#1631=IFCLOCALPLACEMENT(#1224,#1630);
#1632=IFCSHAPEREPRESENTATION(#18,'Body','SweptSolid',(#1628));
#1633=IFCPRODUCTDEFINITIONSHAPE($,$,(#1632));
#1634=IFCOPENINGELEMENT('2T$lSaKtf8bxcmlm8nZNiK',#6,'Bolt Hole',$,$,#1631,#1633,$);
#1635=IFCRELVOIDSELEMENT('3cfiG8emj8eQnV1OW6p_cy',#6,$,$,#1227,#1634);
#1636=IFCCARTESIANPOINT((0.,0.));
#1637=IFCDIRECTION((1.,0.));
#1638=IFCAXIS2PLACEMENT2D(#1636,#1637);
#1639=IFCCIRCLEPROFILEDEF(.AREA.,$,#1638,4.5);
#1640=IFCCARTESIANPOINT((0.,0.,0.));
#1641=IFCDIRECTION((0.,0.,1.));
#1642=IFCDIRECTION((1.,0.,0.));
#1643=IFCAXIS2PLACEMENT3D(#1640,#1641,#1642);
#1644=IFCDIRECTION((0.,0.,1.));
#1645=IFCEXTRUDEDAREASOLID(#1639,#1643,#1644,127.8);
#1646=IFCCARTESIANPOINT((0.,0.,0.));
#1647=IFCAXIS2PLACEMENT3D(#1646,$,$);
#1648=IFCLOCALPLACEMENT(#1224,#1647);
#1649=IFCSHAPEREPRESENTATION(#18,'Body','SweptSolid',(#1645));
#1650=IFCPRODUCTDEFINITIONSHAPE($,$,(#1649));
#1651=IFCOPENINGELEMENT('1hk4vSllTFYxESAAQ2eRdH',#6,'Bolt Hole',$,$,#1648,#1650,$);
#1652=IFCRELVOIDSELEMENT('0tO93OdOX4ReJ_sEnwakTr',#6,$,$,#1227,#1651);
#1653=IFCCARTESIANPOINT((0.,0.));
#1654=IFCDIRECTION((1.,0.));
#1655=IFCAXIS2PLACEMENT2D(#1653,#1654);
#1656=IFCCIRCLEPROFILEDEF(.AREA.,$,#1655,4.5);
#1657=IFCCARTESIANPOINT((0.,0.,0.));
#1658=IFCDIRECTION((0.,0.,1.));
#1659=IFCDIRECTION((1.,0.,0.));
#1660=IFCAXIS2PLACEMENT3D(#1657,#1658,#1659);
#1661=IFCDIRECTION((0.,0.,1.));
#1662=IFCEXTRUDEDAREASOLID(#1656,#1660,#1661,127.8);
#1663=IFCCARTESIANPOINT((0.,0.,0.));
#1664=IFCAXIS2PLACEMENT3D(#1663,$,$);
#1665=IFCLOCALPLACEMENT(#1224,#1664);
#1666=IFCSHAPEREPRESENTATION(#18,'Body','SweptSolid',(#1662));
#1667=IFCPRODUCTDEFINITIONSHAPE($,$,(#1666));
#1668=IFCOPENINGELEMENT('06NZ9rXl1BrfkUfx8XTec8',#6,'Bolt Hole',$,$,#1665,#1667,$);
#1669=IFCRELVOIDSELEMENT('3CFR16jz5D8flN27hEHz4Z',#6,$,$,#1227,#1668);
#1670=IFCCARTESIANPOINT((0.,0.));
#1671=IFCDIRECTION((1.,0.));
#1672=IFCAXIS2PLACEMENT2D(#1670,#1671);
#1673=IFCCIRCLEPROFILEDEF(.AREA.,$,#1672,4.5);
#1674=IFCCARTESIANPOINT((0.,0.,0.));
#1675=IFCDIRECTION((0.,0.,1.));
#1676=IFCDIRECTION((1.,0.,0.));
#1677=IFCAXIS2PLACEMENT3D(#1674,#1675,#1676);
#1678=IFCDIRECTION((0.,0.,1.));
#1679=IFCEXTRUDEDAREASOLID(#1673,#1677,#1678,127.8);
#1680=IFCCARTESIANPOINT((0.,0.,0.));
#1681=IFCAXIS2PLACEMENT3D(#1680,$,$);
#1682=IFCLOCALPLACEMENT(#1224,#1681);
#1683=IFCSHAPEREPRESENTATION(#18,'Body','SweptSolid',(#1679));
#1684=IFCPRODUCTDEFINITIONSHAPE($,$,(#1683));
#1685=IFCOPENINGELEMENT('30UAcNq3f2AhMCrdxaOpsK',#6,'Bolt Hole',$,$,#1682,#1684,$);
#1686=IFCRELVOIDSELEMENT('1kH0_VoyrAPfmo44V7SbyM',#6,$,$,#1227,#1685);
#1687=IFCCARTESIANPOINT((0.,0.));
#1688=IFCDIRECTION((1.,0.));
#1689=IFCAXIS2PLACEMENT2D(#1687,#1688);
#1690=IFCCIRCLEPROFILEDEF(.AREA.,$,#1689,4.5);
#1691=IFCCARTESIANPOINT((0.,0.,0.));
#1692=IFCDIRECTION((0.,0.,1.));
#1693=IFCDIRECTION((1.,0.,0.));
#1694=IFCAXIS2PLACEMENT3D(#1691,#1692,#1693);
#1695=IFCDIRECTION((0.,0.,1.));
#1696=IFCEXTRUDEDAREASOLID(#1690,#1694,#1695,127.8);
#1697=IFCCARTESIANPOINT((0.,0.,0.));
#1698=IFCAXIS2PLACEMENT3D(#1697,$,$);
#1699=IFCLOCALPLACEMENT(#1224,#1698);
#1700=IFCSHAPEREPRESENTATION(#18,'Body','SweptSolid',(#1696));
#1701=IFCPRODUCTDEFINITIONSHAPE($,$,(#1700));
#1702=IFCOPENINGELEMENT('3g73ZF7OT6Iu$IPwaWzDiU',#6,'Bolt Hole',$,$,#1699,#1701,$);
#1703=IFCRELVOIDSELEMENT('0iEsw5gVTFB9LI7bEeiocp',#6,$,$,#1227,#1702);
#1704=IFCCARTESIANPOINT((0.,0.));
#1705=IFCDIRECTION((1.,0.));
#1706=IFCAXIS2PLACEMENT2D(#1704,#1705);
#1707=IFCCIRCLEPROFILEDEF(.AREA.,$,#1706,4.5);
#1708=IFCCARTESIANPOINT((0.,0.,0.));
#1709=IFCDIRECTION((0.,0.,1.));
#1710=IFCDIRECTION((1.,0.,0.));
#1711=IFCAXIS2PLACEMENT3D(#1708,#1709,#1710);
#1712=IFCDIRECTION((0.,0.,1.));
#1713=IFCEXTRUDEDAREASOLID(#1707,#1711,#1712,127.8);
#1714=IFCCARTESIANPOINT((0.,0.,0.));
#1715=IFCAXIS2PLACEMENT3D(#1714,$,$);
#1716=IFCLOCALPLACEMENT(#1224,#1715);
#1717=IFCSHAPEREPRESENTATION(#18,'Body','SweptSolid',(#1713));
#1718=IFCPRODUCTDEFINITIONSHAPE($,$,(#1717));
#1719=IFCOPENINGELEMENT('2kWai9XSnBeQEDbjuK4ZuV',#6,'Bolt Hole',$,$,#1716,#1718,$);
#1720=IFCRELVOIDSELEMENT('1AisrXR6n0WAeTvWY5nfXF',#6,$,$,#1227,#1719);
#1721=IFCCARTESIANPOINT((0.,0.));
#1722=IFCDIRECTION((1.,0.));
#1723=IFCAXIS2PLACEMENT2D(#1721,#1722);
#1724=IFCCIRCLEPROFILEDEF(.AREA.,$,#1723,4.5);
#1725=IFCCARTESIANPOINT((0.,0.,0.));
#1726=IFCDIRECTION((0.,0.,1.));
#1727=IFCDIRECTION((1.,0.,0.));
#1728=IFCAXIS2PLACEMENT3D(#1725,#1726,#1727);
#1729=IFCDIRECTION((0.,0.,1.));
#1730=IFCEXTRUDEDAREASOLID(#1724,#1728,#1729,127.8);
#1731=IFCCARTESIANPOINT((0.,0.,0.));
#1732=IFCAXIS2PLACEMENT3D(#1731,$,$);
#1733=IFCLOCALPLACEMENT(#1224,#1732);
#1734=IFCSHAPEREPRESENTATION(#18,'Body','SweptSolid',(#1730));
#1735=IFCPRODUCTDEFINITIONSHAPE($,$,(#1734));
#1736=IFCOPENINGELEMENT('2rFntMwxfAfuey1XkdQ_Mh',#6,'Bolt Hole',$,$,#1733,#1735,$);
#1737=IFCRELVOIDSELEMENT('0$qktXSuP2hfYWhEib6i6e',#6,$,$,#1227,#1736);
#1738=IFCCARTESIANPOINT((0.,0.));
#1739=IFCDIRECTION((1.,0.));
#1740=IFCAXIS2PLACEMENT2D(#1738,#1739);
#1741=IFCCIRCLEPROFILEDEF(.AREA.,$,#1740,4.5);
#1742=IFCCARTESIANPOINT((0.,0.,0.));
#1743=IFCDIRECTION((0.,0.,1.));
#1744=IFCDIRECTION((1.,0.,0.));
#1745=IFCAXIS2PLACEMENT3D(#1742,#1743,#1744);
#1746=IFCDIRECTION((0.,0.,1.));
#1747=IFCEXTRUDEDAREASOLID(#1741,#1745,#1746,127.8);
#1748=IFCCARTESIANPOINT((0.,0.,0.));
#1749=IFCAXIS2PLACEMENT3D(#1748,$,$);
#1750=IFCLOCALPLACEMENT(#1224,#1749);
#1751=IFCSHAPEREPRESENTATION(#18,'Body','SweptSolid',(#1747));
#1752=IFCPRODUCTDEFINITIONSHAPE($,$,(#1751));
#1753=IFCOPENINGELEMENT('2O$w_WEKrDIAc0MUqYuaSA',#6,'Bolt Hole',$,$,#1750,#1752,$);
#1754=IFCRELVOIDSELEMENT('3AZExpiTH68fXRU3uBUcXq',#6,$,$,#1227,#1753);
#1755=IFCCARTESIANPOINT((0.,0.));
#1756=IFCDIRECTION((1.,0.));
#1757=IFCAXIS2PLACEMENT2D(#1755,#1756);
#1758=IFCCIRCLEPROFILEDEF(.AREA.,$,#1757,4.5);
#1759=IFCCARTESIANPOINT((0.,0.,0.));
#1760=IFCDIRECTION((0.,0.,1.));
#1761=IFCDIRECTION((1.,0.,0.));
#1762=IFCAXIS2PLACEMENT3D(#1759,#1760,#1761);
#1763=IFCDIRECTION((0.,0.,1.));
#1764=IFCEXTRUDEDAREASOLID(#1758,#1762,#1763,127.8);
#1765=IFCCARTESIANPOINT((0.,0.,0.));
#1766=IFCAXIS2PLACEMENT3D(#1765,$,$);
#1767=IFCLOCALPLACEMENT(#1224,#1766);
#1768=IFCSHAPEREPRESENTATION(#18,'Body','SweptSolid',(#1764));
#1769=IFCPRODUCTDEFINITIONSHAPE($,$,(#1768));
#1770=IFCOPENINGELEMENT('3mFlc8Pn9F580irRpcSMve',#6,'Bolt Hole',$,$,#1767,#1769,$);
#1771=IFCRELVOIDSELEMENT('05Oe_ptSL7OuKQh64H0oPI',#6,$,$,#1227,#1770);
#1772=IFCPROPERTYSINGLEVALUE('DesignCode','DesignCode',IFCLABEL('IS 800:2007'),$);
#1773=IFCPROPERTYSINGLEVALUE('ExportTime','ExportTime',IFCLABEL('2026-04-07 11:25:01'),$);
#1774=IFCPROPERTYSET('0QHoLAMB1FsxAfuG3lbi_6',#6,'Pset_OsdagDesignData',$,(#1772,#1773));
#1775=IFCRELDEFINESBYPROPERTIES('3T1jfhC0XDlB_SwqqPefYF',#6,$,$,(#1227),#1774);
#1776=IFCQUANTITYLENGTH('Length','Length',$,325.);
#1777=IFCQUANTITYLENGTH('Width','Width',$,225.);
#1778=IFCQUANTITYLENGTH('Depth','Depth',$,14.);
#1779=IFCQUANTITYAREA('GrossArea','GrossArea',$,0.073125);
#1780=IFCQUANTITYVOLUME('NetVolume','NetVolume',$,0.00102375);
#1781=IFCQUANTITYWEIGHT('NetWeight','NetWeight',$,8.0364375);
#1782=IFCELEMENTQUANTITY('0MC5_ssFb0Qhp3XQIZAa1w',#6,'Qto_PlateBaseQuantities',$,'Custom',(#1776,#1777,#1778,#1779,#1780,#1781));
#1783=IFCRELDEFINESBYPROPERTIES('2A9DVinX59YvMGMy_2$w19',#6,$,$,(#1227),#1782);
#1784=IFCRELASSOCIATESMATERIAL('2z5Cc$aIr0ow8qqcfMLdOP',#6,$,$,(#1227),#619);
#1785=IFCCARTESIANPOINT((0.,0.,0.));
#1786=IFCDIRECTION((0.,0.,1.));
#1787=IFCDIRECTION((1.,0.,0.));
#1788=IFCAXIS2PLACEMENT3D(#1785,#1786,#1787);
#1789=IFCCARTESIANPOINT((-187.29,60.225));
#1790=IFCCARTESIANPOINT((187.29,60.225));
#1791=IFCCARTESIANPOINT((187.3,60.225));
#1792=IFCCARTESIANPOINT((187.3,-38.225));
#1793=IFCCARTESIANPOINT((165.3,-60.225));
#1794=IFCCARTESIANPOINT((-165.3,-60.225));
#1795=IFCCARTESIANPOINT((-187.3,-38.225));
#1796=IFCCARTESIANPOINT((-187.3,60.225));
#1797=IFCCARTESIANPOINT((-187.29,60.225));
#1798=IFCPOLYLINE((#1789,#1790,#1791,#1792,#1793,#1794,#1795,#1796,#1797));
#1799=IFCARBITRARYCLOSEDPROFILEDEF(.AREA.,$,#1798);
#1800=IFCCARTESIANPOINT((0.,0.,0.));
#1801=IFCDIRECTION((0.,0.,1.));
#1802=IFCDIRECTION((1.,0.,0.));
#1803=IFCAXIS2PLACEMENT3D(#1800,#1801,#1802);
#1804=IFCDIRECTION((0.,0.,1.));
#1805=IFCEXTRUDEDAREASOLID(#1799,#1803,#1804,14.);
#1806=IFCCARTESIANPOINT((64.775,0.,814.5));
#1807=IFCDIRECTION((0.,0.,-1.));
#1808=IFCDIRECTION((0.,1.,0.));
#1809=IFCAXIS2PLACEMENT3D(#1806,#1807,#1808);
#1810=IFCLOCALPLACEMENT(#30,#1809);
#1811=IFCSHAPEREPRESENTATION(#18,'Body','SweptSolid',(#1805));
#1812=IFCPRODUCTDEFINITIONSHAPE($,$,(#1811));
#1813=IFCPLATE('3$xvrUUyn2mwJI0Gmcv5rG',#6,'Continuity Plate',$,$,#1810,#1812,$);
#1814=IFCCARTESIANPOINT((0.,0.));
#1815=IFCDIRECTION((1.,0.));
#1816=IFCAXIS2PLACEMENT2D(#1814,#1815);
#1817=IFCCIRCLEPROFILEDEF(.AREA.,$,#1816,4.5);
#1818=IFCCARTESIANPOINT((0.,0.,0.));
#1819=IFCDIRECTION((0.,0.,1.));
#1820=IFCDIRECTION((1.,0.,0.));
#1821=IFCAXIS2PLACEMENT3D(#1818,#1819,#1820);
#1822=IFCDIRECTION((0.,0.,1.));
#1823=IFCEXTRUDEDAREASOLID(#1817,#1821,#1822,127.8);
#1824=IFCCARTESIANPOINT((0.,0.,0.));
#1825=IFCAXIS2PLACEMENT3D(#1824,$,$);
#1826=IFCLOCALPLACEMENT(#1810,#1825);
#1827=IFCSHAPEREPRESENTATION(#18,'Body','SweptSolid',(#1823));
#1828=IFCPRODUCTDEFINITIONSHAPE($,$,(#1827));
#1829=IFCOPENINGELEMENT('0vfNENg$f3UgxhAFXAdjvX',#6,'Bolt Hole',$,$,#1826,#1828,$);
#1830=IFCRELVOIDSELEMENT('2MtrogLfz4iBMuzo4KOhPr',#6,$,$,#1813,#1829);
#1831=IFCCARTESIANPOINT((0.,0.));
#1832=IFCDIRECTION((1.,0.));
#1833=IFCAXIS2PLACEMENT2D(#1831,#1832);
#1834=IFCCIRCLEPROFILEDEF(.AREA.,$,#1833,4.5);
#1835=IFCCARTESIANPOINT((0.,0.,0.));
#1836=IFCDIRECTION((0.,0.,1.));
#1837=IFCDIRECTION((1.,0.,0.));
#1838=IFCAXIS2PLACEMENT3D(#1835,#1836,#1837);
#1839=IFCDIRECTION((0.,0.,1.));
#1840=IFCEXTRUDEDAREASOLID(#1834,#1838,#1839,127.8);
#1841=IFCCARTESIANPOINT((0.,0.,0.));
#1842=IFCAXIS2PLACEMENT3D(#1841,$,$);
#1843=IFCLOCALPLACEMENT(#1810,#1842);
#1844=IFCSHAPEREPRESENTATION(#18,'Body','SweptSolid',(#1840));
#1845=IFCPRODUCTDEFINITIONSHAPE($,$,(#1844));
#1846=IFCOPENINGELEMENT('0fE_8N$Tr2OgRuxkY_Z87J',#6,'Bolt Hole',$,$,#1843,#1845,$);
#1847=IFCRELVOIDSELEMENT('27xA$JHVDFowDXEEPZCGoO',#6,$,$,#1813,#1846);
#1848=IFCCARTESIANPOINT((0.,0.));
#1849=IFCDIRECTION((1.,0.));
#1850=IFCAXIS2PLACEMENT2D(#1848,#1849);
#1851=IFCCIRCLEPROFILEDEF(.AREA.,$,#1850,4.5);
#1852=IFCCARTESIANPOINT((0.,0.,0.));
#1853=IFCDIRECTION((0.,0.,1.));
#1854=IFCDIRECTION((1.,0.,0.));
#1855=IFCAXIS2PLACEMENT3D(#1852,#1853,#1854);
#1856=IFCDIRECTION((0.,0.,1.));
#1857=IFCEXTRUDEDAREASOLID(#1851,#1855,#1856,127.8);
#1858=IFCCARTESIANPOINT((0.,0.,0.));
#1859=IFCAXIS2PLACEMENT3D(#1858,$,$);
#1860=IFCLOCALPLACEMENT(#1810,#1859);
#1861=IFCSHAPEREPRESENTATION(#18,'Body','SweptSolid',(#1857));
#1862=IFCPRODUCTDEFINITIONSHAPE($,$,(#1861));
#1863=IFCOPENINGELEMENT('3CWuiMICDEAOJSwu4yyOcQ',#6,'Bolt Hole',$,$,#1860,#1862,$);
#1864=IFCRELVOIDSELEMENT('2A9z5h5XP1LR$dVlgDHaoU',#6,$,$,#1813,#1863);
#1865=IFCCARTESIANPOINT((0.,0.));
#1866=IFCDIRECTION((1.,0.));
#1867=IFCAXIS2PLACEMENT2D(#1865,#1866);
#1868=IFCCIRCLEPROFILEDEF(.AREA.,$,#1867,4.5);
#1869=IFCCARTESIANPOINT((0.,0.,0.));
#1870=IFCDIRECTION((0.,0.,1.));
#1871=IFCDIRECTION((1.,0.,0.));
#1872=IFCAXIS2PLACEMENT3D(#1869,#1870,#1871);
#1873=IFCDIRECTION((0.,0.,1.));
#1874=IFCEXTRUDEDAREASOLID(#1868,#1872,#1873,127.8);
#1875=IFCCARTESIANPOINT((0.,0.,0.));
#1876=IFCAXIS2PLACEMENT3D(#1875,$,$);
#1877=IFCLOCALPLACEMENT(#1810,#1876);
#1878=IFCSHAPEREPRESENTATION(#18,'Body','SweptSolid',(#1874));
#1879=IFCPRODUCTDEFINITIONSHAPE($,$,(#1878));
#1880=IFCOPENINGELEMENT('0oUrSAqyf5YA$O2mTH192n',#6,'Bolt Hole',$,$,#1877,#1879,$);
#1881=IFCRELVOIDSELEMENT('1CVMTwJif2CvyPZCW0PChz',#6,$,$,#1813,#1880);
#1882=IFCCARTESIANPOINT((0.,0.));
#1883=IFCDIRECTION((1.,0.));
#1884=IFCAXIS2PLACEMENT2D(#1882,#1883);
#1885=IFCCIRCLEPROFILEDEF(.AREA.,$,#1884,4.5);
#1886=IFCCARTESIANPOINT((0.,0.,0.));
#1887=IFCDIRECTION((0.,0.,1.));
#1888=IFCDIRECTION((1.,0.,0.));
#1889=IFCAXIS2PLACEMENT3D(#1886,#1887,#1888);
#1890=IFCDIRECTION((0.,0.,1.));
#1891=IFCEXTRUDEDAREASOLID(#1885,#1889,#1890,127.8);
#1892=IFCCARTESIANPOINT((0.,0.,0.));
#1893=IFCAXIS2PLACEMENT3D(#1892,$,$);
#1894=IFCLOCALPLACEMENT(#1810,#1893);
#1895=IFCSHAPEREPRESENTATION(#18,'Body','SweptSolid',(#1891));
#1896=IFCPRODUCTDEFINITIONSHAPE($,$,(#1895));
#1897=IFCOPENINGELEMENT('0zOzG6pl1DgfOTOsZgbKtS',#6,'Bolt Hole',$,$,#1894,#1896,$);
#1898=IFCRELVOIDSELEMENT('2A97a0nTH4H9Q7RYpP5COe',#6,$,$,#1813,#1897);
#1899=IFCCARTESIANPOINT((0.,0.));
#1900=IFCDIRECTION((1.,0.));
#1901=IFCAXIS2PLACEMENT2D(#1899,#1900);
#1902=IFCCIRCLEPROFILEDEF(.AREA.,$,#1901,4.5);
#1903=IFCCARTESIANPOINT((0.,0.,0.));
#1904=IFCDIRECTION((0.,0.,1.));
#1905=IFCDIRECTION((1.,0.,0.));
#1906=IFCAXIS2PLACEMENT3D(#1903,#1904,#1905);
#1907=IFCDIRECTION((0.,0.,1.));
#1908=IFCEXTRUDEDAREASOLID(#1902,#1906,#1907,127.8);
#1909=IFCCARTESIANPOINT((0.,0.,0.));
#1910=IFCAXIS2PLACEMENT3D(#1909,$,$);
#1911=IFCLOCALPLACEMENT(#1810,#1910);
#1912=IFCSHAPEREPRESENTATION(#18,'Body','SweptSolid',(#1908));
#1913=IFCPRODUCTDEFINITIONSHAPE($,$,(#1912));
#1914=IFCOPENINGELEMENT('2KV1QkouH4twtUpo2OZ2tZ',#6,'Bolt Hole',$,$,#1911,#1913,$);
#1915=IFCRELVOIDSELEMENT('2$AqVAcsbBrgzCK8Z5w20D',#6,$,$,#1813,#1914);
#1916=IFCCARTESIANPOINT((0.,0.));
#1917=IFCDIRECTION((1.,0.));
#1918=IFCAXIS2PLACEMENT2D(#1916,#1917);
#1919=IFCCIRCLEPROFILEDEF(.AREA.,$,#1918,4.5);
#1920=IFCCARTESIANPOINT((0.,0.,0.));
#1921=IFCDIRECTION((0.,0.,1.));
#1922=IFCDIRECTION((1.,0.,0.));
#1923=IFCAXIS2PLACEMENT3D(#1920,#1921,#1922);
#1924=IFCDIRECTION((0.,0.,1.));
#1925=IFCEXTRUDEDAREASOLID(#1919,#1923,#1924,127.8);
#1926=IFCCARTESIANPOINT((0.,0.,0.));
#1927=IFCAXIS2PLACEMENT3D(#1926,$,$);
#1928=IFCLOCALPLACEMENT(#1810,#1927);
#1929=IFCSHAPEREPRESENTATION(#18,'Body','SweptSolid',(#1925));
#1930=IFCPRODUCTDEFINITIONSHAPE($,$,(#1929));
#1931=IFCOPENINGELEMENT('1kvDBC7K5Db9khonoPHieD',#6,'Bolt Hole',$,$,#1928,#1930,$);
#1932=IFCRELVOIDSELEMENT('0IgRQ0$8HE_ww606Y0wn7$',#6,$,$,#1813,#1931);
#1933=IFCCARTESIANPOINT((0.,0.));
#1934=IFCDIRECTION((1.,0.));
#1935=IFCAXIS2PLACEMENT2D(#1933,#1934);
#1936=IFCCIRCLEPROFILEDEF(.AREA.,$,#1935,4.5);
#1937=IFCCARTESIANPOINT((0.,0.,0.));
#1938=IFCDIRECTION((0.,0.,1.));
#1939=IFCDIRECTION((1.,0.,0.));
#1940=IFCAXIS2PLACEMENT3D(#1937,#1938,#1939);
#1941=IFCDIRECTION((0.,0.,1.));
#1942=IFCEXTRUDEDAREASOLID(#1936,#1940,#1941,127.8);
#1943=IFCCARTESIANPOINT((0.,0.,0.));
#1944=IFCAXIS2PLACEMENT3D(#1943,$,$);
#1945=IFCLOCALPLACEMENT(#1810,#1944);
#1946=IFCSHAPEREPRESENTATION(#18,'Body','SweptSolid',(#1942));
#1947=IFCPRODUCTDEFINITIONSHAPE($,$,(#1946));
#1948=IFCOPENINGELEMENT('0KZunRPo51kehdOGYFBw4W',#6,'Bolt Hole',$,$,#1945,#1947,$);
#1949=IFCRELVOIDSELEMENT('3Dl_c9EKTAnPp3mzPMooEG',#6,$,$,#1813,#1948);
#1950=IFCCARTESIANPOINT((0.,0.));
#1951=IFCDIRECTION((1.,0.));
#1952=IFCAXIS2PLACEMENT2D(#1950,#1951);
#1953=IFCCIRCLEPROFILEDEF(.AREA.,$,#1952,4.5);
#1954=IFCCARTESIANPOINT((0.,0.,0.));
#1955=IFCDIRECTION((0.,0.,1.));
#1956=IFCDIRECTION((1.,0.,0.));
#1957=IFCAXIS2PLACEMENT3D(#1954,#1955,#1956);
#1958=IFCDIRECTION((0.,0.,1.));
#1959=IFCEXTRUDEDAREASOLID(#1953,#1957,#1958,127.8);
#1960=IFCCARTESIANPOINT((0.,0.,0.));
#1961=IFCAXIS2PLACEMENT3D(#1960,$,$);
#1962=IFCLOCALPLACEMENT(#1810,#1961);
#1963=IFCSHAPEREPRESENTATION(#18,'Body','SweptSolid',(#1959));
#1964=IFCPRODUCTDEFINITIONSHAPE($,$,(#1963));
#1965=IFCOPENINGELEMENT('17nTGn8EnBZ8XcC4LqQIRE',#6,'Bolt Hole',$,$,#1962,#1964,$);
#1966=IFCRELVOIDSELEMENT('2v7XHdfJX98R2gGNpIwSBQ',#6,$,$,#1813,#1965);
#1967=IFCCARTESIANPOINT((0.,0.));
#1968=IFCDIRECTION((1.,0.));
#1969=IFCAXIS2PLACEMENT2D(#1967,#1968);
#1970=IFCCIRCLEPROFILEDEF(.AREA.,$,#1969,4.5);
#1971=IFCCARTESIANPOINT((0.,0.,0.));
#1972=IFCDIRECTION((0.,0.,1.));
#1973=IFCDIRECTION((1.,0.,0.));
#1974=IFCAXIS2PLACEMENT3D(#1971,#1972,#1973);
#1975=IFCDIRECTION((0.,0.,1.));
#1976=IFCEXTRUDEDAREASOLID(#1970,#1974,#1975,127.8);
#1977=IFCCARTESIANPOINT((0.,0.,0.));
#1978=IFCAXIS2PLACEMENT3D(#1977,$,$);
#1979=IFCLOCALPLACEMENT(#1810,#1978);
#1980=IFCSHAPEREPRESENTATION(#18,'Body','SweptSolid',(#1976));
#1981=IFCPRODUCTDEFINITIONSHAPE($,$,(#1980));
#1982=IFCOPENINGELEMENT('3HW7K9maf1sAhtSHRX6B_P',#6,'Bolt Hole',$,$,#1979,#1981,$);
#1983=IFCRELVOIDSELEMENT('2DgF0dwwrAUwYvWjY5A_Xp',#6,$,$,#1813,#1982);
#1984=IFCCARTESIANPOINT((0.,0.));
#1985=IFCDIRECTION((1.,0.));
#1986=IFCAXIS2PLACEMENT2D(#1984,#1985);
#1987=IFCCIRCLEPROFILEDEF(.AREA.,$,#1986,4.5);
#1988=IFCCARTESIANPOINT((0.,0.,0.));
#1989=IFCDIRECTION((0.,0.,1.));
#1990=IFCDIRECTION((1.,0.,0.));
#1991=IFCAXIS2PLACEMENT3D(#1988,#1989,#1990);
#1992=IFCDIRECTION((0.,0.,1.));
#1993=IFCEXTRUDEDAREASOLID(#1987,#1991,#1992,127.8);
#1994=IFCCARTESIANPOINT((0.,0.,0.));
#1995=IFCAXIS2PLACEMENT3D(#1994,$,$);
#1996=IFCLOCALPLACEMENT(#1810,#1995);
#1997=IFCSHAPEREPRESENTATION(#18,'Body','SweptSolid',(#1993));
#1998=IFCPRODUCTDEFINITIONSHAPE($,$,(#1997));
#1999=IFCOPENINGELEMENT('3XIAZ1orb3NuTiMc7xAsEp',#6,'Bolt Hole',$,$,#1996,#1998,$);
#2000=IFCRELVOIDSELEMENT('2rvEd3L6zBkQ4Q3UHHREHk',#6,$,$,#1813,#1999);
#2001=IFCCARTESIANPOINT((0.,0.));
#2002=IFCDIRECTION((1.,0.));
#2003=IFCAXIS2PLACEMENT2D(#2001,#2002);
#2004=IFCCIRCLEPROFILEDEF(.AREA.,$,#2003,4.5);
#2005=IFCCARTESIANPOINT((0.,0.,0.));
#2006=IFCDIRECTION((0.,0.,1.));
#2007=IFCDIRECTION((1.,0.,0.));
#2008=IFCAXIS2PLACEMENT3D(#2005,#2006,#2007);
#2009=IFCDIRECTION((0.,0.,1.));
#2010=IFCEXTRUDEDAREASOLID(#2004,#2008,#2009,127.8);
#2011=IFCCARTESIANPOINT((0.,0.,0.));
#2012=IFCAXIS2PLACEMENT3D(#2011,$,$);
#2013=IFCLOCALPLACEMENT(#1810,#2012);
#2014=IFCSHAPEREPRESENTATION(#18,'Body','SweptSolid',(#2010));
#2015=IFCPRODUCTDEFINITIONSHAPE($,$,(#2014));
#2016=IFCOPENINGELEMENT('22KsAeXgP0IPqFgKno9uBI',#6,'Bolt Hole',$,$,#2013,#2015,$);
#2017=IFCRELVOIDSELEMENT('3YSIczsWX9B9SCYMAPhnc7',#6,$,$,#1813,#2016);
#2018=IFCCARTESIANPOINT((0.,0.));
#2019=IFCDIRECTION((1.,0.));
#2020=IFCAXIS2PLACEMENT2D(#2018,#2019);
#2021=IFCCIRCLEPROFILEDEF(.AREA.,$,#2020,4.5);
#2022=IFCCARTESIANPOINT((0.,0.,0.));
#2023=IFCDIRECTION((0.,0.,1.));
#2024=IFCDIRECTION((1.,0.,0.));
#2025=IFCAXIS2PLACEMENT3D(#2022,#2023,#2024);
#2026=IFCDIRECTION((0.,0.,1.));
#2027=IFCEXTRUDEDAREASOLID(#2021,#2025,#2026,127.8);
#2028=IFCCARTESIANPOINT((0.,0.,0.));
#2029=IFCAXIS2PLACEMENT3D(#2028,$,$);
#2030=IFCLOCALPLACEMENT(#1810,#2029);
#2031=IFCSHAPEREPRESENTATION(#18,'Body','SweptSolid',(#2027));
#2032=IFCPRODUCTDEFINITIONSHAPE($,$,(#2031));
#2033=IFCOPENINGELEMENT('1e9cF2kvb2sAyvps01cqAp',#6,'Bolt Hole',$,$,#2030,#2032,$);
#2034=IFCRELVOIDSELEMENT('3rY$OtxSvB4RnajKFqQ7Mh',#6,$,$,#1813,#2033);
#2035=IFCCARTESIANPOINT((0.,0.));
#2036=IFCDIRECTION((1.,0.));
#2037=IFCAXIS2PLACEMENT2D(#2035,#2036);
#2038=IFCCIRCLEPROFILEDEF(.AREA.,$,#2037,4.5);
#2039=IFCCARTESIANPOINT((0.,0.,0.));
#2040=IFCDIRECTION((0.,0.,1.));
#2041=IFCDIRECTION((1.,0.,0.));
#2042=IFCAXIS2PLACEMENT3D(#2039,#2040,#2041);
#2043=IFCDIRECTION((0.,0.,1.));
#2044=IFCEXTRUDEDAREASOLID(#2038,#2042,#2043,127.8);
#2045=IFCCARTESIANPOINT((0.,0.,0.));
#2046=IFCAXIS2PLACEMENT3D(#2045,$,$);
#2047=IFCLOCALPLACEMENT(#1810,#2046);
#2048=IFCSHAPEREPRESENTATION(#18,'Body','SweptSolid',(#2044));
#2049=IFCPRODUCTDEFINITIONSHAPE($,$,(#2048));
#2050=IFCOPENINGELEMENT('2_dLeZw$P3gO7rHUqnCLy6',#6,'Bolt Hole',$,$,#2047,#2049,$);
#2051=IFCRELVOIDSELEMENT('3WqPQbJXb8C8fCdFBJOmoX',#6,$,$,#1813,#2050);
#2052=IFCCARTESIANPOINT((0.,0.));
#2053=IFCDIRECTION((1.,0.));
#2054=IFCAXIS2PLACEMENT2D(#2052,#2053);
#2055=IFCCIRCLEPROFILEDEF(.AREA.,$,#2054,4.5);
#2056=IFCCARTESIANPOINT((0.,0.,0.));
#2057=IFCDIRECTION((0.,0.,1.));
#2058=IFCDIRECTION((1.,0.,0.));
#2059=IFCAXIS2PLACEMENT3D(#2056,#2057,#2058);
#2060=IFCDIRECTION((0.,0.,1.));
#2061=IFCEXTRUDEDAREASOLID(#2055,#2059,#2060,127.8);
#2062=IFCCARTESIANPOINT((0.,0.,0.));
#2063=IFCAXIS2PLACEMENT3D(#2062,$,$);
#2064=IFCLOCALPLACEMENT(#1810,#2063);
#2065=IFCSHAPEREPRESENTATION(#18,'Body','SweptSolid',(#2061));
#2066=IFCPRODUCTDEFINITIONSHAPE($,$,(#2065));
#2067=IFCOPENINGELEMENT('1wyQKy4rLENA3vV3g0qDus',#6,'Bolt Hole',$,$,#2064,#2066,$);
#2068=IFCRELVOIDSELEMENT('1e3a5UxujFWB90epEqyBxe',#6,$,$,#1813,#2067);
#2069=IFCCARTESIANPOINT((0.,0.));
#2070=IFCDIRECTION((1.,0.));
#2071=IFCAXIS2PLACEMENT2D(#2069,#2070);
#2072=IFCCIRCLEPROFILEDEF(.AREA.,$,#2071,4.5);
#2073=IFCCARTESIANPOINT((0.,0.,0.));
#2074=IFCDIRECTION((0.,0.,1.));
#2075=IFCDIRECTION((1.,0.,0.));
#2076=IFCAXIS2PLACEMENT3D(#2073,#2074,#2075);
#2077=IFCDIRECTION((0.,0.,1.));
#2078=IFCEXTRUDEDAREASOLID(#2072,#2076,#2077,127.8);
#2079=IFCCARTESIANPOINT((0.,0.,0.));
#2080=IFCAXIS2PLACEMENT3D(#2079,$,$);
#2081=IFCLOCALPLACEMENT(#1810,#2080);
#2082=IFCSHAPEREPRESENTATION(#18,'Body','SweptSolid',(#2078));
#2083=IFCPRODUCTDEFINITIONSHAPE($,$,(#2082));
#2084=IFCOPENINGELEMENT('2_r0wr_jT0P8oStJIdB4sq',#6,'Bolt Hole',$,$,#2081,#2083,$);
#2085=IFCRELVOIDSELEMENT('1xWVloEtb4xx4xKJly4aNL',#6,$,$,#1813,#2084);
#2086=IFCCARTESIANPOINT((0.,0.));
#2087=IFCDIRECTION((1.,0.));
#2088=IFCAXIS2PLACEMENT2D(#2086,#2087);
#2089=IFCCIRCLEPROFILEDEF(.AREA.,$,#2088,4.5);
#2090=IFCCARTESIANPOINT((0.,0.,0.));
#2091=IFCDIRECTION((0.,0.,1.));
#2092=IFCDIRECTION((1.,0.,0.));
#2093=IFCAXIS2PLACEMENT3D(#2090,#2091,#2092);
#2094=IFCDIRECTION((0.,0.,1.));
#2095=IFCEXTRUDEDAREASOLID(#2089,#2093,#2094,127.8);
#2096=IFCCARTESIANPOINT((0.,0.,0.));
#2097=IFCAXIS2PLACEMENT3D(#2096,$,$);
#2098=IFCLOCALPLACEMENT(#1810,#2097);
#2099=IFCSHAPEREPRESENTATION(#18,'Body','SweptSolid',(#2095));
#2100=IFCPRODUCTDEFINITIONSHAPE($,$,(#2099));
#2101=IFCOPENINGELEMENT('3Al86nbHL0uOELi3CgaJxy',#6,'Bolt Hole',$,$,#2098,#2100,$);
#2102=IFCRELVOIDSELEMENT('3F2pv3B410q8k6vZj3BIpX',#6,$,$,#1813,#2101);
#2103=IFCCARTESIANPOINT((0.,0.));
#2104=IFCDIRECTION((1.,0.));
#2105=IFCAXIS2PLACEMENT2D(#2103,#2104);
#2106=IFCCIRCLEPROFILEDEF(.AREA.,$,#2105,4.5);
#2107=IFCCARTESIANPOINT((0.,0.,0.));
#2108=IFCDIRECTION((0.,0.,1.));
#2109=IFCDIRECTION((1.,0.,0.));
#2110=IFCAXIS2PLACEMENT3D(#2107,#2108,#2109);
#2111=IFCDIRECTION((0.,0.,1.));
#2112=IFCEXTRUDEDAREASOLID(#2106,#2110,#2111,127.8);
#2113=IFCCARTESIANPOINT((0.,0.,0.));
#2114=IFCAXIS2PLACEMENT3D(#2113,$,$);
#2115=IFCLOCALPLACEMENT(#1810,#2114);
#2116=IFCSHAPEREPRESENTATION(#18,'Body','SweptSolid',(#2112));
#2117=IFCPRODUCTDEFINITIONSHAPE($,$,(#2116));
#2118=IFCOPENINGELEMENT('3K$jwg4InF6f7vninydAc2',#6,'Bolt Hole',$,$,#2115,#2117,$);
#2119=IFCRELVOIDSELEMENT('3JckLfBHjDpuN5Mc$AdS8i',#6,$,$,#1813,#2118);
#2120=IFCCARTESIANPOINT((0.,0.));
#2121=IFCDIRECTION((1.,0.));
#2122=IFCAXIS2PLACEMENT2D(#2120,#2121);
#2123=IFCCIRCLEPROFILEDEF(.AREA.,$,#2122,4.5);
#2124=IFCCARTESIANPOINT((0.,0.,0.));
#2125=IFCDIRECTION((0.,0.,1.));
#2126=IFCDIRECTION((1.,0.,0.));
#2127=IFCAXIS2PLACEMENT3D(#2124,#2125,#2126);
#2128=IFCDIRECTION((0.,0.,1.));
#2129=IFCEXTRUDEDAREASOLID(#2123,#2127,#2128,127.8);
#2130=IFCCARTESIANPOINT((0.,0.,0.));
#2131=IFCAXIS2PLACEMENT3D(#2130,$,$);
#2132=IFCLOCALPLACEMENT(#1810,#2131);
#2133=IFCSHAPEREPRESENTATION(#18,'Body','SweptSolid',(#2129));
#2134=IFCPRODUCTDEFINITIONSHAPE($,$,(#2133));
#2135=IFCOPENINGELEMENT('1fj6DCZHrFTfM8f99ylcF2',#6,'Bolt Hole',$,$,#2132,#2134,$);
#2136=IFCRELVOIDSELEMENT('1g5o0qGYb2fQaEcOOZafUG',#6,$,$,#1813,#2135);
#2137=IFCCARTESIANPOINT((0.,0.));
#2138=IFCDIRECTION((1.,0.));
#2139=IFCAXIS2PLACEMENT2D(#2137,#2138);
#2140=IFCCIRCLEPROFILEDEF(.AREA.,$,#2139,4.5);
#2141=IFCCARTESIANPOINT((0.,0.,0.));
#2142=IFCDIRECTION((0.,0.,1.));
#2143=IFCDIRECTION((1.,0.,0.));
#2144=IFCAXIS2PLACEMENT3D(#2141,#2142,#2143);
#2145=IFCDIRECTION((0.,0.,1.));
#2146=IFCEXTRUDEDAREASOLID(#2140,#2144,#2145,127.8);
#2147=IFCCARTESIANPOINT((0.,0.,0.));
#2148=IFCAXIS2PLACEMENT3D(#2147,$,$);
#2149=IFCLOCALPLACEMENT(#1810,#2148);
#2150=IFCSHAPEREPRESENTATION(#18,'Body','SweptSolid',(#2146));
#2151=IFCPRODUCTDEFINITIONSHAPE($,$,(#2150));
#2152=IFCOPENINGELEMENT('17WYG$SV14Hhi6h3eN$fSW',#6,'Bolt Hole',$,$,#2149,#2151,$);
#2153=IFCRELVOIDSELEMENT('3yiNIbBnz7qeC40ze_yqKA',#6,$,$,#1813,#2152);
#2154=IFCCARTESIANPOINT((0.,0.));
#2155=IFCDIRECTION((1.,0.));
#2156=IFCAXIS2PLACEMENT2D(#2154,#2155);
#2157=IFCCIRCLEPROFILEDEF(.AREA.,$,#2156,4.5);
#2158=IFCCARTESIANPOINT((0.,0.,0.));
#2159=IFCDIRECTION((0.,0.,1.));
#2160=IFCDIRECTION((1.,0.,0.));
#2161=IFCAXIS2PLACEMENT3D(#2158,#2159,#2160);
#2162=IFCDIRECTION((0.,0.,1.));
#2163=IFCEXTRUDEDAREASOLID(#2157,#2161,#2162,127.8);
#2164=IFCCARTESIANPOINT((0.,0.,0.));
#2165=IFCAXIS2PLACEMENT3D(#2164,$,$);
#2166=IFCLOCALPLACEMENT(#1810,#2165);
#2167=IFCSHAPEREPRESENTATION(#18,'Body','SweptSolid',(#2163));
#2168=IFCPRODUCTDEFINITIONSHAPE($,$,(#2167));
#2169=IFCOPENINGELEMENT('1edAIq0iT5EA0hxQSxOb_z',#6,'Bolt Hole',$,$,#2166,#2168,$);
#2170=IFCRELVOIDSELEMENT('2LbKK7FxT3s9VI54SDrA3m',#6,$,$,#1813,#2169);
#2171=IFCCARTESIANPOINT((0.,0.));
#2172=IFCDIRECTION((1.,0.));
#2173=IFCAXIS2PLACEMENT2D(#2171,#2172);
#2174=IFCCIRCLEPROFILEDEF(.AREA.,$,#2173,4.5);
#2175=IFCCARTESIANPOINT((0.,0.,0.));
#2176=IFCDIRECTION((0.,0.,1.));
#2177=IFCDIRECTION((1.,0.,0.));
#2178=IFCAXIS2PLACEMENT3D(#2175,#2176,#2177);
#2179=IFCDIRECTION((0.,0.,1.));
#2180=IFCEXTRUDEDAREASOLID(#2174,#2178,#2179,127.8);
#2181=IFCCARTESIANPOINT((0.,0.,0.));
#2182=IFCAXIS2PLACEMENT3D(#2181,$,$);
#2183=IFCLOCALPLACEMENT(#1810,#2182);
#2184=IFCSHAPEREPRESENTATION(#18,'Body','SweptSolid',(#2180));
#2185=IFCPRODUCTDEFINITIONSHAPE($,$,(#2184));
#2186=IFCOPENINGELEMENT('0Hy29IH51Ff9E4MgAcJH41',#6,'Bolt Hole',$,$,#2183,#2185,$);
#2187=IFCRELVOIDSELEMENT('1lGSRryBTFN8jM9T_P5h7Q',#6,$,$,#1813,#2186);
#2188=IFCCARTESIANPOINT((0.,0.));
#2189=IFCDIRECTION((1.,0.));
#2190=IFCAXIS2PLACEMENT2D(#2188,#2189);
#2191=IFCCIRCLEPROFILEDEF(.AREA.,$,#2190,4.5);
#2192=IFCCARTESIANPOINT((0.,0.,0.));
#2193=IFCDIRECTION((0.,0.,1.));
#2194=IFCDIRECTION((1.,0.,0.));
#2195=IFCAXIS2PLACEMENT3D(#2192,#2193,#2194);
#2196=IFCDIRECTION((0.,0.,1.));
#2197=IFCEXTRUDEDAREASOLID(#2191,#2195,#2196,127.8);
#2198=IFCCARTESIANPOINT((0.,0.,0.));
#2199=IFCAXIS2PLACEMENT3D(#2198,$,$);
#2200=IFCLOCALPLACEMENT(#1810,#2199);
#2201=IFCSHAPEREPRESENTATION(#18,'Body','SweptSolid',(#2197));
#2202=IFCPRODUCTDEFINITIONSHAPE($,$,(#2201));
#2203=IFCOPENINGELEMENT('1VsGBOjmj38QMeFjdiMpGl',#6,'Bolt Hole',$,$,#2200,#2202,$);
#2204=IFCRELVOIDSELEMENT('3TAGwrtv95TxKH$YsZ82IN',#6,$,$,#1813,#2203);
#2205=IFCCARTESIANPOINT((0.,0.));
#2206=IFCDIRECTION((1.,0.));
#2207=IFCAXIS2PLACEMENT2D(#2205,#2206);
#2208=IFCCIRCLEPROFILEDEF(.AREA.,$,#2207,4.5);
#2209=IFCCARTESIANPOINT((0.,0.,0.));
#2210=IFCDIRECTION((0.,0.,1.));
#2211=IFCDIRECTION((1.,0.,0.));
#2212=IFCAXIS2PLACEMENT3D(#2209,#2210,#2211);
#2213=IFCDIRECTION((0.,0.,1.));
#2214=IFCEXTRUDEDAREASOLID(#2208,#2212,#2213,127.8);
#2215=IFCCARTESIANPOINT((0.,0.,0.));
#2216=IFCAXIS2PLACEMENT3D(#2215,$,$);
#2217=IFCLOCALPLACEMENT(#1810,#2216);
#2218=IFCSHAPEREPRESENTATION(#18,'Body','SweptSolid',(#2214));
#2219=IFCPRODUCTDEFINITIONSHAPE($,$,(#2218));
#2220=IFCOPENINGELEMENT('3dl02F43TFOfI5dFbo5tfS',#6,'Bolt Hole',$,$,#2217,#2219,$);
#2221=IFCRELVOIDSELEMENT('0xMnnVTpzA6hfer40bbYTT',#6,$,$,#1813,#2220);
#2222=IFCCARTESIANPOINT((0.,0.));
#2223=IFCDIRECTION((1.,0.));
#2224=IFCAXIS2PLACEMENT2D(#2222,#2223);
#2225=IFCCIRCLEPROFILEDEF(.AREA.,$,#2224,4.5);
#2226=IFCCARTESIANPOINT((0.,0.,0.));
#2227=IFCDIRECTION((0.,0.,1.));
#2228=IFCDIRECTION((1.,0.,0.));
#2229=IFCAXIS2PLACEMENT3D(#2226,#2227,#2228);
#2230=IFCDIRECTION((0.,0.,1.));
#2231=IFCEXTRUDEDAREASOLID(#2225,#2229,#2230,127.8);
#2232=IFCCARTESIANPOINT((0.,0.,0.));
#2233=IFCAXIS2PLACEMENT3D(#2232,$,$);
#2234=IFCLOCALPLACEMENT(#1810,#2233);
#2235=IFCSHAPEREPRESENTATION(#18,'Body','SweptSolid',(#2231));
#2236=IFCPRODUCTDEFINITIONSHAPE($,$,(#2235));
#2237=IFCOPENINGELEMENT('1gdoz9hlL6sBonQ9Iptflv',#6,'Bolt Hole',$,$,#2234,#2236,$);
#2238=IFCRELVOIDSELEMENT('2Y$lGpfV53KwQ4ZCti4PwT',#6,$,$,#1813,#2237);
#2239=IFCCARTESIANPOINT((0.,0.));
#2240=IFCDIRECTION((1.,0.));
#2241=IFCAXIS2PLACEMENT2D(#2239,#2240);
#2242=IFCCIRCLEPROFILEDEF(.AREA.,$,#2241,4.5);
#2243=IFCCARTESIANPOINT((0.,0.,0.));
#2244=IFCDIRECTION((0.,0.,1.));
#2245=IFCDIRECTION((1.,0.,0.));
#2246=IFCAXIS2PLACEMENT3D(#2243,#2244,#2245);
#2247=IFCDIRECTION((0.,0.,1.));
#2248=IFCEXTRUDEDAREASOLID(#2242,#2246,#2247,127.8);
#2249=IFCCARTESIANPOINT((0.,0.,0.));
#2250=IFCAXIS2PLACEMENT3D(#2249,$,$);
#2251=IFCLOCALPLACEMENT(#1810,#2250);
#2252=IFCSHAPEREPRESENTATION(#18,'Body','SweptSolid',(#2248));
#2253=IFCPRODUCTDEFINITIONSHAPE($,$,(#2252));
#2254=IFCOPENINGELEMENT('18QWSLHjzB382FcGHj6fCz',#6,'Bolt Hole',$,$,#2251,#2253,$);
#2255=IFCRELVOIDSELEMENT('3P4Sw3MRP1L9eKPt65ANyo',#6,$,$,#1813,#2254);
#2256=IFCCARTESIANPOINT((0.,0.));
#2257=IFCDIRECTION((1.,0.));
#2258=IFCAXIS2PLACEMENT2D(#2256,#2257);
#2259=IFCCIRCLEPROFILEDEF(.AREA.,$,#2258,4.5);
#2260=IFCCARTESIANPOINT((0.,0.,0.));
#2261=IFCDIRECTION((0.,0.,1.));
#2262=IFCDIRECTION((1.,0.,0.));
#2263=IFCAXIS2PLACEMENT3D(#2260,#2261,#2262);
#2264=IFCDIRECTION((0.,0.,1.));
#2265=IFCEXTRUDEDAREASOLID(#2259,#2263,#2264,127.8);
#2266=IFCCARTESIANPOINT((0.,0.,0.));
#2267=IFCAXIS2PLACEMENT3D(#2266,$,$);
#2268=IFCLOCALPLACEMENT(#1810,#2267);
#2269=IFCSHAPEREPRESENTATION(#18,'Body','SweptSolid',(#2265));
#2270=IFCPRODUCTDEFINITIONSHAPE($,$,(#2269));
#2271=IFCOPENINGELEMENT('0fVAsypX52ZQTAOWQ2Zxru',#6,'Bolt Hole',$,$,#2268,#2270,$);
#2272=IFCRELVOIDSELEMENT('1y5SIaS7T29OtIpwCN9V6R',#6,$,$,#1813,#2271);
#2273=IFCCARTESIANPOINT((0.,0.));
#2274=IFCDIRECTION((1.,0.));
#2275=IFCAXIS2PLACEMENT2D(#2273,#2274);
#2276=IFCCIRCLEPROFILEDEF(.AREA.,$,#2275,4.5);
#2277=IFCCARTESIANPOINT((0.,0.,0.));
#2278=IFCDIRECTION((0.,0.,1.));
#2279=IFCDIRECTION((1.,0.,0.));
#2280=IFCAXIS2PLACEMENT3D(#2277,#2278,#2279);
#2281=IFCDIRECTION((0.,0.,1.));
#2282=IFCEXTRUDEDAREASOLID(#2276,#2280,#2281,127.8);
#2283=IFCCARTESIANPOINT((0.,0.,0.));
#2284=IFCAXIS2PLACEMENT3D(#2283,$,$);
#2285=IFCLOCALPLACEMENT(#1810,#2284);
#2286=IFCSHAPEREPRESENTATION(#18,'Body','SweptSolid',(#2282));
#2287=IFCPRODUCTDEFINITIONSHAPE($,$,(#2286));
#2288=IFCOPENINGELEMENT('0T59MZDQ91XvJNzxr_b568',#6,'Bolt Hole',$,$,#2285,#2287,$);
#2289=IFCRELVOIDSELEMENT('0BofkYqTvAHeEb8vFUA8ky',#6,$,$,#1813,#2288);
#2290=IFCCARTESIANPOINT((0.,0.));
#2291=IFCDIRECTION((1.,0.));
#2292=IFCAXIS2PLACEMENT2D(#2290,#2291);
#2293=IFCCIRCLEPROFILEDEF(.AREA.,$,#2292,4.5);
#2294=IFCCARTESIANPOINT((0.,0.,0.));
#2295=IFCDIRECTION((0.,0.,1.));
#2296=IFCDIRECTION((1.,0.,0.));
#2297=IFCAXIS2PLACEMENT3D(#2294,#2295,#2296);
#2298=IFCDIRECTION((0.,0.,1.));
#2299=IFCEXTRUDEDAREASOLID(#2293,#2297,#2298,127.8);
#2300=IFCCARTESIANPOINT((0.,0.,0.));
#2301=IFCAXIS2PLACEMENT3D(#2300,$,$);
#2302=IFCLOCALPLACEMENT(#1810,#2301);
#2303=IFCSHAPEREPRESENTATION(#18,'Body','SweptSolid',(#2299));
#2304=IFCPRODUCTDEFINITIONSHAPE($,$,(#2303));
#2305=IFCOPENINGELEMENT('05Nf7mpp92tgd_bcOhjkGg',#6,'Bolt Hole',$,$,#2302,#2304,$);
#2306=IFCRELVOIDSELEMENT('2Q5OuPJXH7Iu2asqht7CD8',#6,$,$,#1813,#2305);
#2307=IFCCARTESIANPOINT((0.,0.));
#2308=IFCDIRECTION((1.,0.));
#2309=IFCAXIS2PLACEMENT2D(#2307,#2308);
#2310=IFCCIRCLEPROFILEDEF(.AREA.,$,#2309,4.5);
#2311=IFCCARTESIANPOINT((0.,0.,0.));
#2312=IFCDIRECTION((0.,0.,1.));
#2313=IFCDIRECTION((1.,0.,0.));
#2314=IFCAXIS2PLACEMENT3D(#2311,#2312,#2313);
#2315=IFCDIRECTION((0.,0.,1.));
#2316=IFCEXTRUDEDAREASOLID(#2310,#2314,#2315,127.8);
#2317=IFCCARTESIANPOINT((0.,0.,0.));
#2318=IFCAXIS2PLACEMENT3D(#2317,$,$);
#2319=IFCLOCALPLACEMENT(#1810,#2318);
#2320=IFCSHAPEREPRESENTATION(#18,'Body','SweptSolid',(#2316));
#2321=IFCPRODUCTDEFINITIONSHAPE($,$,(#2320));
#2322=IFCOPENINGELEMENT('1Tic589tf69Q1yiDQJEFbF',#6,'Bolt Hole',$,$,#2319,#2321,$);
#2323=IFCRELVOIDSELEMENT('2xZR5qlEnEJvNgSXsUHkL2',#6,$,$,#1813,#2322);
#2324=IFCCARTESIANPOINT((0.,0.));
#2325=IFCDIRECTION((1.,0.));
#2326=IFCAXIS2PLACEMENT2D(#2324,#2325);
#2327=IFCCIRCLEPROFILEDEF(.AREA.,$,#2326,4.5);
#2328=IFCCARTESIANPOINT((0.,0.,0.));
#2329=IFCDIRECTION((0.,0.,1.));
#2330=IFCDIRECTION((1.,0.,0.));
#2331=IFCAXIS2PLACEMENT3D(#2328,#2329,#2330);
#2332=IFCDIRECTION((0.,0.,1.));
#2333=IFCEXTRUDEDAREASOLID(#2327,#2331,#2332,127.8);
#2334=IFCCARTESIANPOINT((0.,0.,0.));
#2335=IFCAXIS2PLACEMENT3D(#2334,$,$);
#2336=IFCLOCALPLACEMENT(#1810,#2335);
#2337=IFCSHAPEREPRESENTATION(#18,'Body','SweptSolid',(#2333));
#2338=IFCPRODUCTDEFINITIONSHAPE($,$,(#2337));
#2339=IFCOPENINGELEMENT('3KD$YI3rz5EBXqSJVXNg6C',#6,'Bolt Hole',$,$,#2336,#2338,$);
#2340=IFCRELVOIDSELEMENT('0jkL4HwOj2pe9$GUniqtoX',#6,$,$,#1813,#2339);
#2341=IFCCARTESIANPOINT((0.,0.));
#2342=IFCDIRECTION((1.,0.));
#2343=IFCAXIS2PLACEMENT2D(#2341,#2342);
#2344=IFCCIRCLEPROFILEDEF(.AREA.,$,#2343,4.5);
#2345=IFCCARTESIANPOINT((0.,0.,0.));
#2346=IFCDIRECTION((0.,0.,1.));
#2347=IFCDIRECTION((1.,0.,0.));
#2348=IFCAXIS2PLACEMENT3D(#2345,#2346,#2347);
#2349=IFCDIRECTION((0.,0.,1.));
#2350=IFCEXTRUDEDAREASOLID(#2344,#2348,#2349,127.8);
#2351=IFCCARTESIANPOINT((0.,0.,0.));
#2352=IFCAXIS2PLACEMENT3D(#2351,$,$);
#2353=IFCLOCALPLACEMENT(#1810,#2352);
#2354=IFCSHAPEREPRESENTATION(#18,'Body','SweptSolid',(#2350));
#2355=IFCPRODUCTDEFINITIONSHAPE($,$,(#2354));
#2356=IFCOPENINGELEMENT('3QKIpRXX57fwUU7RY8Iqyl',#6,'Bolt Hole',$,$,#2353,#2355,$);
#2357=IFCRELVOIDSELEMENT('3FJ_uDlM5B9wREzVtEnwMD',#6,$,$,#1813,#2356);
#2358=IFCPROPERTYSINGLEVALUE('DesignCode','DesignCode',IFCLABEL('IS 800:2007'),$);
#2359=IFCPROPERTYSINGLEVALUE('ExportTime','ExportTime',IFCLABEL('2026-04-07 11:25:01'),$);
#2360=IFCPROPERTYSET('1B95jA3GfD7x5NgNoPJu2V',#6,'Pset_OsdagDesignData',$,(#2358,#2359));
#2361=IFCRELDEFINESBYPROPERTIES('1Ro_CKnM51gg6CLyw1LY4L',#6,$,$,(#1813),#2360);
#2362=IFCQUANTITYLENGTH('Length','Length',$,374.6);
#2363=IFCQUANTITYLENGTH('Width','Width',$,120.45);
#2364=IFCQUANTITYLENGTH('Depth','Depth',$,14.);
#2365=IFCQUANTITYAREA('GrossArea','GrossArea',$,0.04463656995);
#2366=IFCQUANTITYVOLUME('NetVolume','NetVolume',$,0.0006249119793);
#2367=IFCQUANTITYWEIGHT('NetWeight','NetWeight',$,4.905559037505);
#2368=IFCELEMENTQUANTITY('367kfv7k57UeDMcpOmp$TK',#6,'Qto_PlateBaseQuantities',$,'Custom',(#2362,#2363,#2364,#2365,#2366,#2367));
#2369=IFCRELDEFINESBYPROPERTIES('0QHJJFBHXE0vml0fC4WNOs',#6,$,$,(#1813),#2368);
#2370=IFCRELASSOCIATESMATERIAL('0qACukN2P3c8GFxCy44aZe',#6,$,$,(#1813),#619);
#2371=IFCCARTESIANPOINT((0.,0.,0.));
#2372=IFCDIRECTION((0.,0.,1.));
#2373=IFCDIRECTION((1.,0.,0.));
#2374=IFCAXIS2PLACEMENT3D(#2371,#2372,#2373);
#2375=IFCCARTESIANPOINT((-187.29,60.225));
#2376=IFCCARTESIANPOINT((187.29,60.225));
#2377=IFCCARTESIANPOINT((187.3,60.225));
#2378=IFCCARTESIANPOINT((187.3,-38.225));
#2379=IFCCARTESIANPOINT((165.3,-60.225));
#2380=IFCCARTESIANPOINT((-165.3,-60.225));
#2381=IFCCARTESIANPOINT((-187.3,-38.225));
#2382=IFCCARTESIANPOINT((-187.3,60.225));
#2383=IFCCARTESIANPOINT((-187.29,60.225));
#2384=IFCPOLYLINE((#2375,#2376,#2377,#2378,#2379,#2380,#2381,#2382,#2383));
#2385=IFCARBITRARYCLOSEDPROFILEDEF(.AREA.,$,#2384);
#2386=IFCCARTESIANPOINT((0.,0.,0.));
#2387=IFCDIRECTION((0.,0.,1.));
#2388=IFCDIRECTION((1.,0.,0.));
#2389=IFCAXIS2PLACEMENT3D(#2386,#2387,#2388);
#2390=IFCDIRECTION((0.,0.,1.));
#2391=IFCEXTRUDEDAREASOLID(#2385,#2389,#2390,14.);
#2392=IFCCARTESIANPOINT((64.775,0.,524.5));
#2393=IFCDIRECTION((0.,0.,-1.));
#2394=IFCDIRECTION((0.,1.,0.));
#2395=IFCAXIS2PLACEMENT3D(#2392,#2393,#2394);
#2396=IFCLOCALPLACEMENT(#30,#2395);
#2397=IFCSHAPEREPRESENTATION(#18,'Body','SweptSolid',(#2391));
#2398=IFCPRODUCTDEFINITIONSHAPE($,$,(#2397));
#2399=IFCPLATE('3BMy059bn55f_7efEQN39E',#6,'Continuity Plate',$,$,#2396,#2398,$);
#2400=IFCCARTESIANPOINT((0.,0.));
#2401=IFCDIRECTION((1.,0.));
#2402=IFCAXIS2PLACEMENT2D(#2400,#2401);
#2403=IFCCIRCLEPROFILEDEF(.AREA.,$,#2402,4.5);
#2404=IFCCARTESIANPOINT((0.,0.,0.));
#2405=IFCDIRECTION((0.,0.,1.));
#2406=IFCDIRECTION((1.,0.,0.));
#2407=IFCAXIS2PLACEMENT3D(#2404,#2405,#2406);
#2408=IFCDIRECTION((0.,0.,1.));
#2409=IFCEXTRUDEDAREASOLID(#2403,#2407,#2408,127.8);
#2410=IFCCARTESIANPOINT((0.,0.,0.));
#2411=IFCAXIS2PLACEMENT3D(#2410,$,$);
#2412=IFCLOCALPLACEMENT(#2396,#2411);
#2413=IFCSHAPEREPRESENTATION(#18,'Body','SweptSolid',(#2409));
#2414=IFCPRODUCTDEFINITIONSHAPE($,$,(#2413));
#2415=IFCOPENINGELEMENT('3PXKvDYTH3l8KLUYhoT4sG',#6,'Bolt Hole',$,$,#2412,#2414,$);
#2416=IFCRELVOIDSELEMENT('2NQMThWgTDdgv7vp0Jsn8u',#6,$,$,#2399,#2415);
#2417=IFCCARTESIANPOINT((0.,0.));
#2418=IFCDIRECTION((1.,0.));
#2419=IFCAXIS2PLACEMENT2D(#2417,#2418);
#2420=IFCCIRCLEPROFILEDEF(.AREA.,$,#2419,4.5);
#2421=IFCCARTESIANPOINT((0.,0.,0.));
#2422=IFCDIRECTION((0.,0.,1.));
#2423=IFCDIRECTION((1.,0.,0.));
#2424=IFCAXIS2PLACEMENT3D(#2421,#2422,#2423);
#2425=IFCDIRECTION((0.,0.,1.));
#2426=IFCEXTRUDEDAREASOLID(#2420,#2424,#2425,127.8);
#2427=IFCCARTESIANPOINT((0.,0.,0.));
#2428=IFCAXIS2PLACEMENT3D(#2427,$,$);
#2429=IFCLOCALPLACEMENT(#2396,#2428);
#2430=IFCSHAPEREPRESENTATION(#18,'Body','SweptSolid',(#2426));
#2431=IFCPRODUCTDEFINITIONSHAPE($,$,(#2430));
#2432=IFCOPENINGELEMENT('0yP1ndognCGxjcHWDxbEfO',#6,'Bolt Hole',$,$,#2429,#2431,$);
#2433=IFCRELVOIDSELEMENT('2WK5OERi509hxiLwa4QSCd',#6,$,$,#2399,#2432);
#2434=IFCCARTESIANPOINT((0.,0.));
#2435=IFCDIRECTION((1.,0.));
#2436=IFCAXIS2PLACEMENT2D(#2434,#2435);
#2437=IFCCIRCLEPROFILEDEF(.AREA.,$,#2436,4.5);
#2438=IFCCARTESIANPOINT((0.,0.,0.));
#2439=IFCDIRECTION((0.,0.,1.));
#2440=IFCDIRECTION((1.,0.,0.));
#2441=IFCAXIS2PLACEMENT3D(#2438,#2439,#2440);
#2442=IFCDIRECTION((0.,0.,1.));
#2443=IFCEXTRUDEDAREASOLID(#2437,#2441,#2442,127.8);
#2444=IFCCARTESIANPOINT((0.,0.,0.));
#2445=IFCAXIS2PLACEMENT3D(#2444,$,$);
#2446=IFCLOCALPLACEMENT(#2396,#2445);
#2447=IFCSHAPEREPRESENTATION(#18,'Body','SweptSolid',(#2443));
#2448=IFCPRODUCTDEFINITIONSHAPE($,$,(#2447));
#2449=IFCOPENINGELEMENT('2FXKjYFxv1VPdXiwIS9Zyl',#6,'Bolt Hole',$,$,#2446,#2448,$);
#2450=IFCRELVOIDSELEMENT('3r9lzGUlrBCu3RZVjAc8my',#6,$,$,#2399,#2449);
#2451=IFCCARTESIANPOINT((0.,0.));
#2452=IFCDIRECTION((1.,0.));
#2453=IFCAXIS2PLACEMENT2D(#2451,#2452);
#2454=IFCCIRCLEPROFILEDEF(.AREA.,$,#2453,4.5);
#2455=IFCCARTESIANPOINT((0.,0.,0.));
#2456=IFCDIRECTION((0.,0.,1.));
#2457=IFCDIRECTION((1.,0.,0.));
#2458=IFCAXIS2PLACEMENT3D(#2455,#2456,#2457);
#2459=IFCDIRECTION((0.,0.,1.));
#2460=IFCEXTRUDEDAREASOLID(#2454,#2458,#2459,127.8);
#2461=IFCCARTESIANPOINT((0.,0.,0.));
#2462=IFCAXIS2PLACEMENT3D(#2461,$,$);
#2463=IFCLOCALPLACEMENT(#2396,#2462);
#2464=IFCSHAPEREPRESENTATION(#18,'Body','SweptSolid',(#2460));
#2465=IFCPRODUCTDEFINITIONSHAPE($,$,(#2464));
#2466=IFCOPENINGELEMENT('26qhRATk93TuNoSWrI$dJY',#6,'Bolt Hole',$,$,#2463,#2465,$);
#2467=IFCRELVOIDSELEMENT('0bnoFhIHLAGewlfCAuAjdQ',#6,$,$,#2399,#2466);
#2468=IFCCARTESIANPOINT((0.,0.));
#2469=IFCDIRECTION((1.,0.));
#2470=IFCAXIS2PLACEMENT2D(#2468,#2469);
#2471=IFCCIRCLEPROFILEDEF(.AREA.,$,#2470,4.5);
#2472=IFCCARTESIANPOINT((0.,0.,0.));
#2473=IFCDIRECTION((0.,0.,1.));
#2474=IFCDIRECTION((1.,0.,0.));
#2475=IFCAXIS2PLACEMENT3D(#2472,#2473,#2474);
#2476=IFCDIRECTION((0.,0.,1.));
#2477=IFCEXTRUDEDAREASOLID(#2471,#2475,#2476,127.8);
#2478=IFCCARTESIANPOINT((0.,0.,0.));
#2479=IFCAXIS2PLACEMENT3D(#2478,$,$);
#2480=IFCLOCALPLACEMENT(#2396,#2479);
#2481=IFCSHAPEREPRESENTATION(#18,'Body','SweptSolid',(#2477));
#2482=IFCPRODUCTDEFINITIONSHAPE($,$,(#2481));
#2483=IFCOPENINGELEMENT('04x329F351uR2hKXUMjL41',#6,'Bolt Hole',$,$,#2480,#2482,$);
#2484=IFCRELVOIDSELEMENT('2TxYNSmdDFo9UyUmMsCW2g',#6,$,$,#2399,#2483);
#2485=IFCCARTESIANPOINT((0.,0.));
#2486=IFCDIRECTION((1.,0.));
#2487=IFCAXIS2PLACEMENT2D(#2485,#2486);
#2488=IFCCIRCLEPROFILEDEF(.AREA.,$,#2487,4.5);
#2489=IFCCARTESIANPOINT((0.,0.,0.));
#2490=IFCDIRECTION((0.,0.,1.));
#2491=IFCDIRECTION((1.,0.,0.));
#2492=IFCAXIS2PLACEMENT3D(#2489,#2490,#2491);
#2493=IFCDIRECTION((0.,0.,1.));
#2494=IFCEXTRUDEDAREASOLID(#2488,#2492,#2493,127.8);
#2495=IFCCARTESIANPOINT((0.,0.,0.));
#2496=IFCAXIS2PLACEMENT3D(#2495,$,$);
#2497=IFCLOCALPLACEMENT(#2396,#2496);
#2498=IFCSHAPEREPRESENTATION(#18,'Body','SweptSolid',(#2494));
#2499=IFCPRODUCTDEFINITIONSHAPE($,$,(#2498));
#2500=IFCOPENINGELEMENT('1RH_avRiv3kv64pMh40Jpg',#6,'Bolt Hole',$,$,#2497,#2499,$);
#2501=IFCRELVOIDSELEMENT('2gTm6jh8T2$8PlvVM4CK4p',#6,$,$,#2399,#2500);
#2502=IFCCARTESIANPOINT((0.,0.));
#2503=IFCDIRECTION((1.,0.));
#2504=IFCAXIS2PLACEMENT2D(#2502,#2503);
#2505=IFCCIRCLEPROFILEDEF(.AREA.,$,#2504,4.5);
#2506=IFCCARTESIANPOINT((0.,0.,0.));
#2507=IFCDIRECTION((0.,0.,1.));
#2508=IFCDIRECTION((1.,0.,0.));
#2509=IFCAXIS2PLACEMENT3D(#2506,#2507,#2508);
#2510=IFCDIRECTION((0.,0.,1.));
#2511=IFCEXTRUDEDAREASOLID(#2505,#2509,#2510,127.8);
#2512=IFCCARTESIANPOINT((0.,0.,0.));
#2513=IFCAXIS2PLACEMENT3D(#2512,$,$);
#2514=IFCLOCALPLACEMENT(#2396,#2513);
#2515=IFCSHAPEREPRESENTATION(#18,'Body','SweptSolid',(#2511));
#2516=IFCPRODUCTDEFINITIONSHAPE($,$,(#2515));
#2517=IFCOPENINGELEMENT('2SVWAm72vAFecwSI5X60JT',#6,'Bolt Hole',$,$,#2514,#2516,$);
#2518=IFCRELVOIDSELEMENT('0LYpSlocHAoPzgJMq$Fg7G',#6,$,$,#2399,#2517);
#2519=IFCCARTESIANPOINT((0.,0.));
#2520=IFCDIRECTION((1.,0.));
#2521=IFCAXIS2PLACEMENT2D(#2519,#2520);
#2522=IFCCIRCLEPROFILEDEF(.AREA.,$,#2521,4.5);
#2523=IFCCARTESIANPOINT((0.,0.,0.));
#2524=IFCDIRECTION((0.,0.,1.));
#2525=IFCDIRECTION((1.,0.,0.));
#2526=IFCAXIS2PLACEMENT3D(#2523,#2524,#2525);
#2527=IFCDIRECTION((0.,0.,1.));
#2528=IFCEXTRUDEDAREASOLID(#2522,#2526,#2527,127.8);
#2529=IFCCARTESIANPOINT((0.,0.,0.));
#2530=IFCAXIS2PLACEMENT3D(#2529,$,$);
#2531=IFCLOCALPLACEMENT(#2396,#2530);
#2532=IFCSHAPEREPRESENTATION(#18,'Body','SweptSolid',(#2528));
#2533=IFCPRODUCTDEFINITIONSHAPE($,$,(#2532));
#2534=IFCOPENINGELEMENT('3kOPFhZH940AjREbrZJ6N3',#6,'Bolt Hole',$,$,#2531,#2533,$);
#2535=IFCRELVOIDSELEMENT('3w9wgPohz56e1JUrKq5oh3',#6,$,$,#2399,#2534);
#2536=IFCCARTESIANPOINT((0.,0.));
#2537=IFCDIRECTION((1.,0.));
#2538=IFCAXIS2PLACEMENT2D(#2536,#2537);
#2539=IFCCIRCLEPROFILEDEF(.AREA.,$,#2538,4.5);
#2540=IFCCARTESIANPOINT((0.,0.,0.));
#2541=IFCDIRECTION((0.,0.,1.));
#2542=IFCDIRECTION((1.,0.,0.));
#2543=IFCAXIS2PLACEMENT3D(#2540,#2541,#2542);
#2544=IFCDIRECTION((0.,0.,1.));
#2545=IFCEXTRUDEDAREASOLID(#2539,#2543,#2544,127.8);
#2546=IFCCARTESIANPOINT((0.,0.,0.));
#2547=IFCAXIS2PLACEMENT3D(#2546,$,$);
#2548=IFCLOCALPLACEMENT(#2396,#2547);
#2549=IFCSHAPEREPRESENTATION(#18,'Body','SweptSolid',(#2545));
#2550=IFCPRODUCTDEFINITIONSHAPE($,$,(#2549));
#2551=IFCOPENINGELEMENT('2$xtZ3Pkn4Yw6Xiweywvij',#6,'Bolt Hole',$,$,#2548,#2550,$);
#2552=IFCRELVOIDSELEMENT('28dYGv6xL7MQ_8yAtSduss',#6,$,$,#2399,#2551);
#2553=IFCCARTESIANPOINT((0.,0.));
#2554=IFCDIRECTION((1.,0.));
#2555=IFCAXIS2PLACEMENT2D(#2553,#2554);
#2556=IFCCIRCLEPROFILEDEF(.AREA.,$,#2555,4.5);
#2557=IFCCARTESIANPOINT((0.,0.,0.));
#2558=IFCDIRECTION((0.,0.,1.));
#2559=IFCDIRECTION((1.,0.,0.));
#2560=IFCAXIS2PLACEMENT3D(#2557,#2558,#2559);
#2561=IFCDIRECTION((0.,0.,1.));
#2562=IFCEXTRUDEDAREASOLID(#2556,#2560,#2561,127.8);
#2563=IFCCARTESIANPOINT((0.,0.,0.));
#2564=IFCAXIS2PLACEMENT3D(#2563,$,$);
#2565=IFCLOCALPLACEMENT(#2396,#2564);
#2566=IFCSHAPEREPRESENTATION(#18,'Body','SweptSolid',(#2562));
#2567=IFCPRODUCTDEFINITIONSHAPE($,$,(#2566));
#2568=IFCOPENINGELEMENT('3zi6VDhVb2f83eqlM5Aewy',#6,'Bolt Hole',$,$,#2565,#2567,$);
#2569=IFCRELVOIDSELEMENT('1sx7qSxyH4cfqYlMKJseNV',#6,$,$,#2399,#2568);
#2570=IFCCARTESIANPOINT((0.,0.));
#2571=IFCDIRECTION((1.,0.));
#2572=IFCAXIS2PLACEMENT2D(#2570,#2571);
#2573=IFCCIRCLEPROFILEDEF(.AREA.,$,#2572,4.5);
#2574=IFCCARTESIANPOINT((0.,0.,0.));
#2575=IFCDIRECTION((0.,0.,1.));
#2576=IFCDIRECTION((1.,0.,0.));
#2577=IFCAXIS2PLACEMENT3D(#2574,#2575,#2576);
#2578=IFCDIRECTION((0.,0.,1.));
#2579=IFCEXTRUDEDAREASOLID(#2573,#2577,#2578,127.8);
#2580=IFCCARTESIANPOINT((0.,0.,0.));
#2581=IFCAXIS2PLACEMENT3D(#2580,$,$);
#2582=IFCLOCALPLACEMENT(#2396,#2581);
#2583=IFCSHAPEREPRESENTATION(#18,'Body','SweptSolid',(#2579));
#2584=IFCPRODUCTDEFINITIONSHAPE($,$,(#2583));
#2585=IFCOPENINGELEMENT('0cNiHa5p55uP7g_H5UOseQ',#6,'Bolt Hole',$,$,#2582,#2584,$);
#2586=IFCRELVOIDSELEMENT('2rEzkupLXC7Q_og_eZCNwa',#6,$,$,#2399,#2585);
#2587=IFCCARTESIANPOINT((0.,0.));
#2588=IFCDIRECTION((1.,0.));
#2589=IFCAXIS2PLACEMENT2D(#2587,#2588);
#2590=IFCCIRCLEPROFILEDEF(.AREA.,$,#2589,4.5);
#2591=IFCCARTESIANPOINT((0.,0.,0.));
#2592=IFCDIRECTION((0.,0.,1.));
#2593=IFCDIRECTION((1.,0.,0.));
#2594=IFCAXIS2PLACEMENT3D(#2591,#2592,#2593);
#2595=IFCDIRECTION((0.,0.,1.));
#2596=IFCEXTRUDEDAREASOLID(#2590,#2594,#2595,127.8);
#2597=IFCCARTESIANPOINT((0.,0.,0.));
#2598=IFCAXIS2PLACEMENT3D(#2597,$,$);
#2599=IFCLOCALPLACEMENT(#2396,#2598);
#2600=IFCSHAPEREPRESENTATION(#18,'Body','SweptSolid',(#2596));
#2601=IFCPRODUCTDEFINITIONSHAPE($,$,(#2600));
#2602=IFCOPENINGELEMENT('1d$TmO7ej6tQEIVViZ9xBR',#6,'Bolt Hole',$,$,#2599,#2601,$);
#2603=IFCRELVOIDSELEMENT('1pSAt39Cb6T8nMb7LbU0gN',#6,$,$,#2399,#2602);
#2604=IFCCARTESIANPOINT((0.,0.));
#2605=IFCDIRECTION((1.,0.));
#2606=IFCAXIS2PLACEMENT2D(#2604,#2605);
#2607=IFCCIRCLEPROFILEDEF(.AREA.,$,#2606,4.5);
#2608=IFCCARTESIANPOINT((0.,0.,0.));
#2609=IFCDIRECTION((0.,0.,1.));
#2610=IFCDIRECTION((1.,0.,0.));
#2611=IFCAXIS2PLACEMENT3D(#2608,#2609,#2610);
#2612=IFCDIRECTION((0.,0.,1.));
#2613=IFCEXTRUDEDAREASOLID(#2607,#2611,#2612,127.8);
#2614=IFCCARTESIANPOINT((0.,0.,0.));
#2615=IFCAXIS2PLACEMENT3D(#2614,$,$);
#2616=IFCLOCALPLACEMENT(#2396,#2615);
#2617=IFCSHAPEREPRESENTATION(#18,'Body','SweptSolid',(#2613));
#2618=IFCPRODUCTDEFINITIONSHAPE($,$,(#2617));
#2619=IFCOPENINGELEMENT('0R2yU_A898QBI2i6CZriqN',#6,'Bolt Hole',$,$,#2616,#2618,$);
#2620=IFCRELVOIDSELEMENT('2$5h6mtFL8CeIu6_GHWDDx',#6,$,$,#2399,#2619);
#2621=IFCCARTESIANPOINT((0.,0.));
#2622=IFCDIRECTION((1.,0.));
#2623=IFCAXIS2PLACEMENT2D(#2621,#2622);
#2624=IFCCIRCLEPROFILEDEF(.AREA.,$,#2623,4.5);
#2625=IFCCARTESIANPOINT((0.,0.,0.));
#2626=IFCDIRECTION((0.,0.,1.));
#2627=IFCDIRECTION((1.,0.,0.));
#2628=IFCAXIS2PLACEMENT3D(#2625,#2626,#2627);
#2629=IFCDIRECTION((0.,0.,1.));
#2630=IFCEXTRUDEDAREASOLID(#2624,#2628,#2629,127.8);
#2631=IFCCARTESIANPOINT((0.,0.,0.));
#2632=IFCAXIS2PLACEMENT3D(#2631,$,$);
#2633=IFCLOCALPLACEMENT(#2396,#2632);
#2634=IFCSHAPEREPRESENTATION(#18,'Body','SweptSolid',(#2630));
#2635=IFCPRODUCTDEFINITIONSHAPE($,$,(#2634));
#2636=IFCOPENINGELEMENT('3K_VfS0J9DFBONVnIkQod4',#6,'Bolt Hole',$,$,#2633,#2635,$);
#2637=IFCRELVOIDSELEMENT('1PbCz5fxP0rwStMlKiUFup',#6,$,$,#2399,#2636);
#2638=IFCCARTESIANPOINT((0.,0.));
#2639=IFCDIRECTION((1.,0.));
#2640=IFCAXIS2PLACEMENT2D(#2638,#2639);
#2641=IFCCIRCLEPROFILEDEF(.AREA.,$,#2640,4.5);
#2642=IFCCARTESIANPOINT((0.,0.,0.));
#2643=IFCDIRECTION((0.,0.,1.));
#2644=IFCDIRECTION((1.,0.,0.));
#2645=IFCAXIS2PLACEMENT3D(#2642,#2643,#2644);
#2646=IFCDIRECTION((0.,0.,1.));
#2647=IFCEXTRUDEDAREASOLID(#2641,#2645,#2646,127.8);
#2648=IFCCARTESIANPOINT((0.,0.,0.));
#2649=IFCAXIS2PLACEMENT3D(#2648,$,$);
#2650=IFCLOCALPLACEMENT(#2396,#2649);
#2651=IFCSHAPEREPRESENTATION(#18,'Body','SweptSolid',(#2647));
#2652=IFCPRODUCTDEFINITIONSHAPE($,$,(#2651));
#2653=IFCOPENINGELEMENT('2HG_6nlA5B09mKnpFMQYK5',#6,'Bolt Hole',$,$,#2650,#2652,$);
#2654=IFCRELVOIDSELEMENT('253dlb_Hj7hvw0MGn2Z3l6',#6,$,$,#2399,#2653);
#2655=IFCCARTESIANPOINT((0.,0.));
#2656=IFCDIRECTION((1.,0.));
#2657=IFCAXIS2PLACEMENT2D(#2655,#2656);
#2658=IFCCIRCLEPROFILEDEF(.AREA.,$,#2657,4.5);
#2659=IFCCARTESIANPOINT((0.,0.,0.));
#2660=IFCDIRECTION((0.,0.,1.));
#2661=IFCDIRECTION((1.,0.,0.));
#2662=IFCAXIS2PLACEMENT3D(#2659,#2660,#2661);
#2663=IFCDIRECTION((0.,0.,1.));
#2664=IFCEXTRUDEDAREASOLID(#2658,#2662,#2663,127.8);
#2665=IFCCARTESIANPOINT((0.,0.,0.));
#2666=IFCAXIS2PLACEMENT3D(#2665,$,$);
#2667=IFCLOCALPLACEMENT(#2396,#2666);
#2668=IFCSHAPEREPRESENTATION(#18,'Body','SweptSolid',(#2664));
#2669=IFCPRODUCTDEFINITIONSHAPE($,$,(#2668));
#2670=IFCOPENINGELEMENT('0xbf$RJAL8HeFaN6YvjPOX',#6,'Bolt Hole',$,$,#2667,#2669,$);
#2671=IFCRELVOIDSELEMENT('0vyhsUSbn3F9WyX3J0ILVc',#6,$,$,#2399,#2670);
#2672=IFCCARTESIANPOINT((0.,0.));
#2673=IFCDIRECTION((1.,0.));
#2674=IFCAXIS2PLACEMENT2D(#2672,#2673);
#2675=IFCCIRCLEPROFILEDEF(.AREA.,$,#2674,4.5);
#2676=IFCCARTESIANPOINT((0.,0.,0.));
#2677=IFCDIRECTION((0.,0.,1.));
#2678=IFCDIRECTION((1.,0.,0.));
#2679=IFCAXIS2PLACEMENT3D(#2676,#2677,#2678);
#2680=IFCDIRECTION((0.,0.,1.));
#2681=IFCEXTRUDEDAREASOLID(#2675,#2679,#2680,127.8);
#2682=IFCCARTESIANPOINT((0.,0.,0.));
#2683=IFCAXIS2PLACEMENT3D(#2682,$,$);
#2684=IFCLOCALPLACEMENT(#2396,#2683);
#2685=IFCSHAPEREPRESENTATION(#18,'Body','SweptSolid',(#2681));
#2686=IFCPRODUCTDEFINITIONSHAPE($,$,(#2685));
#2687=IFCOPENINGELEMENT('3xAYBfJX50SOvw2mzb6bXo',#6,'Bolt Hole',$,$,#2684,#2686,$);
#2688=IFCRELVOIDSELEMENT('1UzyAnh$1ECeoFUYkqqSY9',#6,$,$,#2399,#2687);
#2689=IFCCARTESIANPOINT((0.,0.));
#2690=IFCDIRECTION((1.,0.));
#2691=IFCAXIS2PLACEMENT2D(#2689,#2690);
#2692=IFCCIRCLEPROFILEDEF(.AREA.,$,#2691,4.5);
#2693=IFCCARTESIANPOINT((0.,0.,0.));
#2694=IFCDIRECTION((0.,0.,1.));
#2695=IFCDIRECTION((1.,0.,0.));
#2696=IFCAXIS2PLACEMENT3D(#2693,#2694,#2695);
#2697=IFCDIRECTION((0.,0.,1.));
#2698=IFCEXTRUDEDAREASOLID(#2692,#2696,#2697,127.8);
#2699=IFCCARTESIANPOINT((0.,0.,0.));
#2700=IFCAXIS2PLACEMENT3D(#2699,$,$);
#2701=IFCLOCALPLACEMENT(#2396,#2700);
#2702=IFCSHAPEREPRESENTATION(#18,'Body','SweptSolid',(#2698));
#2703=IFCPRODUCTDEFINITIONSHAPE($,$,(#2702));
#2704=IFCOPENINGELEMENT('0svRsOzqD5qva5FB3cQ92N',#6,'Bolt Hole',$,$,#2701,#2703,$);
#2705=IFCRELVOIDSELEMENT('2ikpjrcxv5$RiAJMK8Z$5o',#6,$,$,#2399,#2704);
#2706=IFCCARTESIANPOINT((0.,0.));
#2707=IFCDIRECTION((1.,0.));
#2708=IFCAXIS2PLACEMENT2D(#2706,#2707);
#2709=IFCCIRCLEPROFILEDEF(.AREA.,$,#2708,4.5);
#2710=IFCCARTESIANPOINT((0.,0.,0.));
#2711=IFCDIRECTION((0.,0.,1.));
#2712=IFCDIRECTION((1.,0.,0.));
#2713=IFCAXIS2PLACEMENT3D(#2710,#2711,#2712);
#2714=IFCDIRECTION((0.,0.,1.));
#2715=IFCEXTRUDEDAREASOLID(#2709,#2713,#2714,127.8);
#2716=IFCCARTESIANPOINT((0.,0.,0.));
#2717=IFCAXIS2PLACEMENT3D(#2716,$,$);
#2718=IFCLOCALPLACEMENT(#2396,#2717);
#2719=IFCSHAPEREPRESENTATION(#18,'Body','SweptSolid',(#2715));
#2720=IFCPRODUCTDEFINITIONSHAPE($,$,(#2719));
#2721=IFCOPENINGELEMENT('3mPKMwoDX4bQ0YRSbvd$pI',#6,'Bolt Hole',$,$,#2718,#2720,$);
#2722=IFCRELVOIDSELEMENT('2cSAQ3yD189Qbby9ed3K$9',#6,$,$,#2399,#2721);
#2723=IFCCARTESIANPOINT((0.,0.));
#2724=IFCDIRECTION((1.,0.));
#2725=IFCAXIS2PLACEMENT2D(#2723,#2724);
#2726=IFCCIRCLEPROFILEDEF(.AREA.,$,#2725,4.5);
#2727=IFCCARTESIANPOINT((0.,0.,0.));
#2728=IFCDIRECTION((0.,0.,1.));
#2729=IFCDIRECTION((1.,0.,0.));
#2730=IFCAXIS2PLACEMENT3D(#2727,#2728,#2729);
#2731=IFCDIRECTION((0.,0.,1.));
#2732=IFCEXTRUDEDAREASOLID(#2726,#2730,#2731,127.8);
#2733=IFCCARTESIANPOINT((0.,0.,0.));
#2734=IFCAXIS2PLACEMENT3D(#2733,$,$);
#2735=IFCLOCALPLACEMENT(#2396,#2734);
#2736=IFCSHAPEREPRESENTATION(#18,'Body','SweptSolid',(#2732));
#2737=IFCPRODUCTDEFINITIONSHAPE($,$,(#2736));
#2738=IFCOPENINGELEMENT('0xL4mw4AX8cP$PcqGJx6q0',#6,'Bolt Hole',$,$,#2735,#2737,$);
#2739=IFCRELVOIDSELEMENT('2MkiCbY1TFdOVTRsTKkpWr',#6,$,$,#2399,#2738);
#2740=IFCCARTESIANPOINT((0.,0.));
#2741=IFCDIRECTION((1.,0.));
#2742=IFCAXIS2PLACEMENT2D(#2740,#2741);
#2743=IFCCIRCLEPROFILEDEF(.AREA.,$,#2742,4.5);
#2744=IFCCARTESIANPOINT((0.,0.,0.));
#2745=IFCDIRECTION((0.,0.,1.));
#2746=IFCDIRECTION((1.,0.,0.));
#2747=IFCAXIS2PLACEMENT3D(#2744,#2745,#2746);
#2748=IFCDIRECTION((0.,0.,1.));
#2749=IFCEXTRUDEDAREASOLID(#2743,#2747,#2748,127.8);
#2750=IFCCARTESIANPOINT((0.,0.,0.));
#2751=IFCAXIS2PLACEMENT3D(#2750,$,$);
#2752=IFCLOCALPLACEMENT(#2396,#2751);
#2753=IFCSHAPEREPRESENTATION(#18,'Body','SweptSolid',(#2749));
#2754=IFCPRODUCTDEFINITIONSHAPE($,$,(#2753));
#2755=IFCOPENINGELEMENT('1ucf6QgT99AhSWbXThxfKV',#6,'Bolt Hole',$,$,#2752,#2754,$);
#2756=IFCRELVOIDSELEMENT('3iKPV387v1GByIT2th$61r',#6,$,$,#2399,#2755);
#2757=IFCCARTESIANPOINT((0.,0.));
#2758=IFCDIRECTION((1.,0.));
#2759=IFCAXIS2PLACEMENT2D(#2757,#2758);
#2760=IFCCIRCLEPROFILEDEF(.AREA.,$,#2759,4.5);
#2761=IFCCARTESIANPOINT((0.,0.,0.));
#2762=IFCDIRECTION((0.,0.,1.));
#2763=IFCDIRECTION((1.,0.,0.));
#2764=IFCAXIS2PLACEMENT3D(#2761,#2762,#2763);
#2765=IFCDIRECTION((0.,0.,1.));
#2766=IFCEXTRUDEDAREASOLID(#2760,#2764,#2765,127.8);
#2767=IFCCARTESIANPOINT((0.,0.,0.));
#2768=IFCAXIS2PLACEMENT3D(#2767,$,$);
#2769=IFCLOCALPLACEMENT(#2396,#2768);
#2770=IFCSHAPEREPRESENTATION(#18,'Body','SweptSolid',(#2766));
#2771=IFCPRODUCTDEFINITIONSHAPE($,$,(#2770));
#2772=IFCOPENINGELEMENT('3a4juh3wT5rQibqOUf$baV',#6,'Bolt Hole',$,$,#2769,#2771,$);
#2773=IFCRELVOIDSELEMENT('1y2kO4XFL1ihgDgcRFWwkh',#6,$,$,#2399,#2772);
#2774=IFCCARTESIANPOINT((0.,0.));
#2775=IFCDIRECTION((1.,0.));
#2776=IFCAXIS2PLACEMENT2D(#2774,#2775);
#2777=IFCCIRCLEPROFILEDEF(.AREA.,$,#2776,4.5);
#2778=IFCCARTESIANPOINT((0.,0.,0.));
#2779=IFCDIRECTION((0.,0.,1.));
#2780=IFCDIRECTION((1.,0.,0.));
#2781=IFCAXIS2PLACEMENT3D(#2778,#2779,#2780);
#2782=IFCDIRECTION((0.,0.,1.));
#2783=IFCEXTRUDEDAREASOLID(#2777,#2781,#2782,127.8);
#2784=IFCCARTESIANPOINT((0.,0.,0.));
#2785=IFCAXIS2PLACEMENT3D(#2784,$,$);
#2786=IFCLOCALPLACEMENT(#2396,#2785);
#2787=IFCSHAPEREPRESENTATION(#18,'Body','SweptSolid',(#2783));
#2788=IFCPRODUCTDEFINITIONSHAPE($,$,(#2787));
#2789=IFCOPENINGELEMENT('2qee9PynL7CPhdRIoFraQo',#6,'Bolt Hole',$,$,#2786,#2788,$);
#2790=IFCRELVOIDSELEMENT('3TYjgEMDTDnAU01EGbjGJX',#6,$,$,#2399,#2789);
#2791=IFCCARTESIANPOINT((0.,0.));
#2792=IFCDIRECTION((1.,0.));
#2793=IFCAXIS2PLACEMENT2D(#2791,#2792);
#2794=IFCCIRCLEPROFILEDEF(.AREA.,$,#2793,4.5);
#2795=IFCCARTESIANPOINT((0.,0.,0.));
#2796=IFCDIRECTION((0.,0.,1.));
#2797=IFCDIRECTION((1.,0.,0.));
#2798=IFCAXIS2PLACEMENT3D(#2795,#2796,#2797);
#2799=IFCDIRECTION((0.,0.,1.));
#2800=IFCEXTRUDEDAREASOLID(#2794,#2798,#2799,127.8);
#2801=IFCCARTESIANPOINT((0.,0.,0.));
#2802=IFCAXIS2PLACEMENT3D(#2801,$,$);
#2803=IFCLOCALPLACEMENT(#2396,#2802);
#2804=IFCSHAPEREPRESENTATION(#18,'Body','SweptSolid',(#2800));
#2805=IFCPRODUCTDEFINITIONSHAPE($,$,(#2804));
#2806=IFCOPENINGELEMENT('1ASIVY7tX4OBvIlKWtcgAJ',#6,'Bolt Hole',$,$,#2803,#2805,$);
#2807=IFCRELVOIDSELEMENT('3aycUSILr9xPTicUV0sJpm',#6,$,$,#2399,#2806);
#2808=IFCCARTESIANPOINT((0.,0.));
#2809=IFCDIRECTION((1.,0.));
#2810=IFCAXIS2PLACEMENT2D(#2808,#2809);
#2811=IFCCIRCLEPROFILEDEF(.AREA.,$,#2810,4.5);
#2812=IFCCARTESIANPOINT((0.,0.,0.));
#2813=IFCDIRECTION((0.,0.,1.));
#2814=IFCDIRECTION((1.,0.,0.));
#2815=IFCAXIS2PLACEMENT3D(#2812,#2813,#2814);
#2816=IFCDIRECTION((0.,0.,1.));
#2817=IFCEXTRUDEDAREASOLID(#2811,#2815,#2816,127.8);
#2818=IFCCARTESIANPOINT((0.,0.,0.));
#2819=IFCAXIS2PLACEMENT3D(#2818,$,$);
#2820=IFCLOCALPLACEMENT(#2396,#2819);
#2821=IFCSHAPEREPRESENTATION(#18,'Body','SweptSolid',(#2817));
#2822=IFCPRODUCTDEFINITIONSHAPE($,$,(#2821));
#2823=IFCOPENINGELEMENT('3id6Vl98j2YQDu1FeXvPKs',#6,'Bolt Hole',$,$,#2820,#2822,$);
#2824=IFCRELVOIDSELEMENT('3uH$GbcqP1yvqAeZoByhY_',#6,$,$,#2399,#2823);
#2825=IFCCARTESIANPOINT((0.,0.));
#2826=IFCDIRECTION((1.,0.));
#2827=IFCAXIS2PLACEMENT2D(#2825,#2826);
#2828=IFCCIRCLEPROFILEDEF(.AREA.,$,#2827,4.5);
#2829=IFCCARTESIANPOINT((0.,0.,0.));
#2830=IFCDIRECTION((0.,0.,1.));
#2831=IFCDIRECTION((1.,0.,0.));
#2832=IFCAXIS2PLACEMENT3D(#2829,#2830,#2831);
#2833=IFCDIRECTION((0.,0.,1.));
#2834=IFCEXTRUDEDAREASOLID(#2828,#2832,#2833,127.8);
#2835=IFCCARTESIANPOINT((0.,0.,0.));
#2836=IFCAXIS2PLACEMENT3D(#2835,$,$);
#2837=IFCLOCALPLACEMENT(#2396,#2836);
#2838=IFCSHAPEREPRESENTATION(#18,'Body','SweptSolid',(#2834));
#2839=IFCPRODUCTDEFINITIONSHAPE($,$,(#2838));
#2840=IFCOPENINGELEMENT('35s519Zqj01vX2xMWXpGqJ',#6,'Bolt Hole',$,$,#2837,#2839,$);
#2841=IFCRELVOIDSELEMENT('2LEzRDRlr9DxYw5yDCQs$s',#6,$,$,#2399,#2840);
#2842=IFCCARTESIANPOINT((0.,0.));
#2843=IFCDIRECTION((1.,0.));
#2844=IFCAXIS2PLACEMENT2D(#2842,#2843);
#2845=IFCCIRCLEPROFILEDEF(.AREA.,$,#2844,4.5);
#2846=IFCCARTESIANPOINT((0.,0.,0.));
#2847=IFCDIRECTION((0.,0.,1.));
#2848=IFCDIRECTION((1.,0.,0.));
#2849=IFCAXIS2PLACEMENT3D(#2846,#2847,#2848);
#2850=IFCDIRECTION((0.,0.,1.));
#2851=IFCEXTRUDEDAREASOLID(#2845,#2849,#2850,127.8);
#2852=IFCCARTESIANPOINT((0.,0.,0.));
#2853=IFCAXIS2PLACEMENT3D(#2852,$,$);
#2854=IFCLOCALPLACEMENT(#2396,#2853);
#2855=IFCSHAPEREPRESENTATION(#18,'Body','SweptSolid',(#2851));
#2856=IFCPRODUCTDEFINITIONSHAPE($,$,(#2855));
#2857=IFCOPENINGELEMENT('0mRfWImNf2nxPdU3IRs8d4',#6,'Bolt Hole',$,$,#2854,#2856,$);
#2858=IFCRELVOIDSELEMENT('3hS_0ZKIj8seF$ovBT4xA5',#6,$,$,#2399,#2857);
#2859=IFCCARTESIANPOINT((0.,0.));
#2860=IFCDIRECTION((1.,0.));
#2861=IFCAXIS2PLACEMENT2D(#2859,#2860);
#2862=IFCCIRCLEPROFILEDEF(.AREA.,$,#2861,4.5);
#2863=IFCCARTESIANPOINT((0.,0.,0.));
#2864=IFCDIRECTION((0.,0.,1.));
#2865=IFCDIRECTION((1.,0.,0.));
#2866=IFCAXIS2PLACEMENT3D(#2863,#2864,#2865);
#2867=IFCDIRECTION((0.,0.,1.));
#2868=IFCEXTRUDEDAREASOLID(#2862,#2866,#2867,127.8);
#2869=IFCCARTESIANPOINT((0.,0.,0.));
#2870=IFCAXIS2PLACEMENT3D(#2869,$,$);
#2871=IFCLOCALPLACEMENT(#2396,#2870);
#2872=IFCSHAPEREPRESENTATION(#18,'Body','SweptSolid',(#2868));
#2873=IFCPRODUCTDEFINITIONSHAPE($,$,(#2872));
#2874=IFCOPENINGELEMENT('17Rl$sVpb2zeAMHginEnOf',#6,'Bolt Hole',$,$,#2871,#2873,$);
#2875=IFCRELVOIDSELEMENT('1p1u7Edqf7vBTx4XZiN7R_',#6,$,$,#2399,#2874);
#2876=IFCCARTESIANPOINT((0.,0.));
#2877=IFCDIRECTION((1.,0.));
#2878=IFCAXIS2PLACEMENT2D(#2876,#2877);
#2879=IFCCIRCLEPROFILEDEF(.AREA.,$,#2878,4.5);
#2880=IFCCARTESIANPOINT((0.,0.,0.));
#2881=IFCDIRECTION((0.,0.,1.));
#2882=IFCDIRECTION((1.,0.,0.));
#2883=IFCAXIS2PLACEMENT3D(#2880,#2881,#2882);
#2884=IFCDIRECTION((0.,0.,1.));
#2885=IFCEXTRUDEDAREASOLID(#2879,#2883,#2884,127.8);
#2886=IFCCARTESIANPOINT((0.,0.,0.));
#2887=IFCAXIS2PLACEMENT3D(#2886,$,$);
#2888=IFCLOCALPLACEMENT(#2396,#2887);
#2889=IFCSHAPEREPRESENTATION(#18,'Body','SweptSolid',(#2885));
#2890=IFCPRODUCTDEFINITIONSHAPE($,$,(#2889));
#2891=IFCOPENINGELEMENT('0$XH49LZX0bABNv1CasNi1',#6,'Bolt Hole',$,$,#2888,#2890,$);
#2892=IFCRELVOIDSELEMENT('136I3xis11SPf4XXNcnlnn',#6,$,$,#2399,#2891);
#2893=IFCCARTESIANPOINT((0.,0.));
#2894=IFCDIRECTION((1.,0.));
#2895=IFCAXIS2PLACEMENT2D(#2893,#2894);
#2896=IFCCIRCLEPROFILEDEF(.AREA.,$,#2895,4.5);
#2897=IFCCARTESIANPOINT((0.,0.,0.));
#2898=IFCDIRECTION((0.,0.,1.));
#2899=IFCDIRECTION((1.,0.,0.));
#2900=IFCAXIS2PLACEMENT3D(#2897,#2898,#2899);
#2901=IFCDIRECTION((0.,0.,1.));
#2902=IFCEXTRUDEDAREASOLID(#2896,#2900,#2901,127.8);
#2903=IFCCARTESIANPOINT((0.,0.,0.));
#2904=IFCAXIS2PLACEMENT3D(#2903,$,$);
#2905=IFCLOCALPLACEMENT(#2396,#2904);
#2906=IFCSHAPEREPRESENTATION(#18,'Body','SweptSolid',(#2902));
#2907=IFCPRODUCTDEFINITIONSHAPE($,$,(#2906));
#2908=IFCOPENINGELEMENT('22mC0zBz10$uHMsM2LSg$U',#6,'Bolt Hole',$,$,#2905,#2907,$);
#2909=IFCRELVOIDSELEMENT('20jw2cRJ1DH9xl6FAws6EI',#6,$,$,#2399,#2908);
#2910=IFCCARTESIANPOINT((0.,0.));
#2911=IFCDIRECTION((1.,0.));
#2912=IFCAXIS2PLACEMENT2D(#2910,#2911);
#2913=IFCCIRCLEPROFILEDEF(.AREA.,$,#2912,4.5);
#2914=IFCCARTESIANPOINT((0.,0.,0.));
#2915=IFCDIRECTION((0.,0.,1.));
#2916=IFCDIRECTION((1.,0.,0.));
#2917=IFCAXIS2PLACEMENT3D(#2914,#2915,#2916);
#2918=IFCDIRECTION((0.,0.,1.));
#2919=IFCEXTRUDEDAREASOLID(#2913,#2917,#2918,127.8);
#2920=IFCCARTESIANPOINT((0.,0.,0.));
#2921=IFCAXIS2PLACEMENT3D(#2920,$,$);
#2922=IFCLOCALPLACEMENT(#2396,#2921);
#2923=IFCSHAPEREPRESENTATION(#18,'Body','SweptSolid',(#2919));
#2924=IFCPRODUCTDEFINITIONSHAPE($,$,(#2923));
#2925=IFCOPENINGELEMENT('1iqkGvqbjAy8RnGzgZGPUn',#6,'Bolt Hole',$,$,#2922,#2924,$);
#2926=IFCRELVOIDSELEMENT('2JpJv8xYX7cuLJ_J69LiMA',#6,$,$,#2399,#2925);
#2927=IFCCARTESIANPOINT((0.,0.));
#2928=IFCDIRECTION((1.,0.));
#2929=IFCAXIS2PLACEMENT2D(#2927,#2928);
#2930=IFCCIRCLEPROFILEDEF(.AREA.,$,#2929,4.5);
#2931=IFCCARTESIANPOINT((0.,0.,0.));
#2932=IFCDIRECTION((0.,0.,1.));
#2933=IFCDIRECTION((1.,0.,0.));
#2934=IFCAXIS2PLACEMENT3D(#2931,#2932,#2933);
#2935=IFCDIRECTION((0.,0.,1.));
#2936=IFCEXTRUDEDAREASOLID(#2930,#2934,#2935,127.8);
#2937=IFCCARTESIANPOINT((0.,0.,0.));
#2938=IFCAXIS2PLACEMENT3D(#2937,$,$);
#2939=IFCLOCALPLACEMENT(#2396,#2938);
#2940=IFCSHAPEREPRESENTATION(#18,'Body','SweptSolid',(#2936));
#2941=IFCPRODUCTDEFINITIONSHAPE($,$,(#2940));
#2942=IFCOPENINGELEMENT('2W0wEBr8bAmezVL5lZJRup',#6,'Bolt Hole',$,$,#2939,#2941,$);
#2943=IFCRELVOIDSELEMENT('1nPJBqOUv44xV$U9vavShP',#6,$,$,#2399,#2942);
#2944=IFCPROPERTYSINGLEVALUE('DesignCode','DesignCode',IFCLABEL('IS 800:2007'),$);
#2945=IFCPROPERTYSINGLEVALUE('ExportTime','ExportTime',IFCLABEL('2026-04-07 11:25:01'),$);
#2946=IFCPROPERTYSET('35nATjYL534R3$NHhJXRbt',#6,'Pset_OsdagDesignData',$,(#2944,#2945));
#2947=IFCRELDEFINESBYPROPERTIES('34Mxo2m_HCouIm$ZtTRngh',#6,$,$,(#2399),#2946);
#2948=IFCQUANTITYLENGTH('Length','Length',$,374.6);
#2949=IFCQUANTITYLENGTH('Width','Width',$,120.45);
#2950=IFCQUANTITYLENGTH('Depth','Depth',$,14.);
#2951=IFCQUANTITYAREA('GrossArea','GrossArea',$,0.04463656995);
#2952=IFCQUANTITYVOLUME('NetVolume','NetVolume',$,0.0006249119793);
#2953=IFCQUANTITYWEIGHT('NetWeight','NetWeight',$,4.905559037505);
#2954=IFCELEMENTQUANTITY('2GrHOs7$LEJessuCd3Nyrl',#6,'Qto_PlateBaseQuantities',$,'Custom',(#2948,#2949,#2950,#2951,#2952,#2953));
#2955=IFCRELDEFINESBYPROPERTIES('38JcdfnTnBxeBQAruENlaH',#6,$,$,(#2399),#2954);
#2956=IFCRELASSOCIATESMATERIAL('1PAc6eYB591xmU6WDQjDo9',#6,$,$,(#2399),#619);
#2957=IFCCARTESIANPOINT((0.,0.,0.));
#2958=IFCDIRECTION((0.,0.,1.));
#2959=IFCDIRECTION((1.,0.,0.));
#2960=IFCAXIS2PLACEMENT3D(#2957,#2958,#2959);
#2961=IFCCARTESIANPOINT((-187.29,60.225));
#2962=IFCCARTESIANPOINT((187.29,60.225));
#2963=IFCCARTESIANPOINT((187.3,60.225));
#2964=IFCCARTESIANPOINT((187.3,-38.225));
#2965=IFCCARTESIANPOINT((165.3,-60.225));
#2966=IFCCARTESIANPOINT((-165.3,-60.225));
#2967=IFCCARTESIANPOINT((-187.3,-38.225));
#2968=IFCCARTESIANPOINT((-187.3,60.225));
#2969=IFCCARTESIANPOINT((-187.29,60.225));
#2970=IFCPOLYLINE((#2961,#2962,#2963,#2964,#2965,#2966,#2967,#2968,#2969));
#2971=IFCARBITRARYCLOSEDPROFILEDEF(.AREA.,$,#2970);
#2972=IFCCARTESIANPOINT((0.,0.,0.));
#2973=IFCDIRECTION((0.,0.,1.));
#2974=IFCDIRECTION((1.,0.,0.));
#2975=IFCAXIS2PLACEMENT3D(#2972,#2973,#2974);
#2976=IFCDIRECTION((0.,0.,1.));
#2977=IFCEXTRUDEDAREASOLID(#2971,#2975,#2976,14.);
#2978=IFCCARTESIANPOINT((-64.775,0.,800.5));
#2979=IFCDIRECTION((0.,0.,1.));
#2980=IFCDIRECTION((0.,1.,0.));
#2981=IFCAXIS2PLACEMENT3D(#2978,#2979,#2980);
#2982=IFCLOCALPLACEMENT(#30,#2981);
#2983=IFCSHAPEREPRESENTATION(#18,'Body','SweptSolid',(#2977));
#2984=IFCPRODUCTDEFINITIONSHAPE($,$,(#2983));
#2985=IFCPLATE('2BkDasjwH2LgM_bsmCp6vz',#6,'Continuity Plate',$,$,#2982,#2984,$);
#2986=IFCCARTESIANPOINT((0.,0.));
#2987=IFCDIRECTION((1.,0.));
#2988=IFCAXIS2PLACEMENT2D(#2986,#2987);
#2989=IFCCIRCLEPROFILEDEF(.AREA.,$,#2988,4.5);
#2990=IFCCARTESIANPOINT((0.,0.,0.));
#2991=IFCDIRECTION((0.,0.,1.));
#2992=IFCDIRECTION((1.,0.,0.));
#2993=IFCAXIS2PLACEMENT3D(#2990,#2991,#2992);
#2994=IFCDIRECTION((0.,0.,1.));
#2995=IFCEXTRUDEDAREASOLID(#2989,#2993,#2994,127.8);
#2996=IFCCARTESIANPOINT((0.,0.,0.));
#2997=IFCAXIS2PLACEMENT3D(#2996,$,$);
#2998=IFCLOCALPLACEMENT(#2982,#2997);
#2999=IFCSHAPEREPRESENTATION(#18,'Body','SweptSolid',(#2995));
#3000=IFCPRODUCTDEFINITIONSHAPE($,$,(#2999));
#3001=IFCOPENINGELEMENT('3vTofT30z1pOzZUpI_Hr2v',#6,'Bolt Hole',$,$,#2998,#3000,$);
#3002=IFCRELVOIDSELEMENT('1WeqGerDP9bu$xS5yAzJIP',#6,$,$,#2985,#3001);
#3003=IFCCARTESIANPOINT((0.,0.));
#3004=IFCDIRECTION((1.,0.));
#3005=IFCAXIS2PLACEMENT2D(#3003,#3004);
#3006=IFCCIRCLEPROFILEDEF(.AREA.,$,#3005,4.5);
#3007=IFCCARTESIANPOINT((0.,0.,0.));
#3008=IFCDIRECTION((0.,0.,1.));
#3009=IFCDIRECTION((1.,0.,0.));
#3010=IFCAXIS2PLACEMENT3D(#3007,#3008,#3009);
#3011=IFCDIRECTION((0.,0.,1.));
#3012=IFCEXTRUDEDAREASOLID(#3006,#3010,#3011,127.8);
#3013=IFCCARTESIANPOINT((0.,0.,0.));
#3014=IFCAXIS2PLACEMENT3D(#3013,$,$);
#3015=IFCLOCALPLACEMENT(#2982,#3014);
#3016=IFCSHAPEREPRESENTATION(#18,'Body','SweptSolid',(#3012));
#3017=IFCPRODUCTDEFINITIONSHAPE($,$,(#3016));
#3018=IFCOPENINGELEMENT('35oc$1zDn09vegByfpwn26',#6,'Bolt Hole',$,$,#3015,#3017,$);
#3019=IFCRELVOIDSELEMENT('1i5qYPG6f8COjSYM2l6dcX',#6,$,$,#2985,#3018);
#3020=IFCCARTESIANPOINT((0.,0.));
#3021=IFCDIRECTION((1.,0.));
#3022=IFCAXIS2PLACEMENT2D(#3020,#3021);
#3023=IFCCIRCLEPROFILEDEF(.AREA.,$,#3022,4.5);
#3024=IFCCARTESIANPOINT((0.,0.,0.));
#3025=IFCDIRECTION((0.,0.,1.));
#3026=IFCDIRECTION((1.,0.,0.));
#3027=IFCAXIS2PLACEMENT3D(#3024,#3025,#3026);
#3028=IFCDIRECTION((0.,0.,1.));
#3029=IFCEXTRUDEDAREASOLID(#3023,#3027,#3028,127.8);
#3030=IFCCARTESIANPOINT((0.,0.,0.));
#3031=IFCAXIS2PLACEMENT3D(#3030,$,$);
#3032=IFCLOCALPLACEMENT(#2982,#3031);
#3033=IFCSHAPEREPRESENTATION(#18,'Body','SweptSolid',(#3029));
#3034=IFCPRODUCTDEFINITIONSHAPE($,$,(#3033));
#3035=IFCOPENINGELEMENT('0dOJUAUmnEoxHYe3mSzIdH',#6,'Bolt Hole',$,$,#3032,#3034,$);
#3036=IFCRELVOIDSELEMENT('2MG3GenAX2sPOiJ1lXHEIo',#6,$,$,#2985,#3035);
#3037=IFCCARTESIANPOINT((0.,0.));
#3038=IFCDIRECTION((1.,0.));
#3039=IFCAXIS2PLACEMENT2D(#3037,#3038);
#3040=IFCCIRCLEPROFILEDEF(.AREA.,$,#3039,4.5);
#3041=IFCCARTESIANPOINT((0.,0.,0.));
#3042=IFCDIRECTION((0.,0.,1.));
#3043=IFCDIRECTION((1.,0.,0.));
#3044=IFCAXIS2PLACEMENT3D(#3041,#3042,#3043);
#3045=IFCDIRECTION((0.,0.,1.));
#3046=IFCEXTRUDEDAREASOLID(#3040,#3044,#3045,127.8);
#3047=IFCCARTESIANPOINT((0.,0.,0.));
#3048=IFCAXIS2PLACEMENT3D(#3047,$,$);
#3049=IFCLOCALPLACEMENT(#2982,#3048);
#3050=IFCSHAPEREPRESENTATION(#18,'Body','SweptSolid',(#3046));
#3051=IFCPRODUCTDEFINITIONSHAPE($,$,(#3050));
#3052=IFCOPENINGELEMENT('0lwWhcwez41OG47IUnU_Sj',#6,'Bolt Hole',$,$,#3049,#3051,$);
#3053=IFCRELVOIDSELEMENT('1mWlnJjVD3Ux_fJFr6V3DY',#6,$,$,#2985,#3052);
#3054=IFCCARTESIANPOINT((0.,0.));
#3055=IFCDIRECTION((1.,0.));
#3056=IFCAXIS2PLACEMENT2D(#3054,#3055);
#3057=IFCCIRCLEPROFILEDEF(.AREA.,$,#3056,4.5);
#3058=IFCCARTESIANPOINT((0.,0.,0.));
#3059=IFCDIRECTION((0.,0.,1.));
#3060=IFCDIRECTION((1.,0.,0.));
#3061=IFCAXIS2PLACEMENT3D(#3058,#3059,#3060);
#3062=IFCDIRECTION((0.,0.,1.));
#3063=IFCEXTRUDEDAREASOLID(#3057,#3061,#3062,127.8);
#3064=IFCCARTESIANPOINT((0.,0.,0.));
#3065=IFCAXIS2PLACEMENT3D(#3064,$,$);
#3066=IFCLOCALPLACEMENT(#2982,#3065);
#3067=IFCSHAPEREPRESENTATION(#18,'Body','SweptSolid',(#3063));
#3068=IFCPRODUCTDEFINITIONSHAPE($,$,(#3067));
#3069=IFCOPENINGELEMENT('3jjDHBTtf37RpcpdLmUM10',#6,'Bolt Hole',$,$,#3066,#3068,$);
#3070=IFCRELVOIDSELEMENT('1f7JXgK0b0gwl52tAVbhCQ',#6,$,$,#2985,#3069);
#3071=IFCCARTESIANPOINT((0.,0.));
#3072=IFCDIRECTION((1.,0.));
#3073=IFCAXIS2PLACEMENT2D(#3071,#3072);
#3074=IFCCIRCLEPROFILEDEF(.AREA.,$,#3073,4.5);
#3075=IFCCARTESIANPOINT((0.,0.,0.));
#3076=IFCDIRECTION((0.,0.,1.));
#3077=IFCDIRECTION((1.,0.,0.));
#3078=IFCAXIS2PLACEMENT3D(#3075,#3076,#3077);
#3079=IFCDIRECTION((0.,0.,1.));
#3080=IFCEXTRUDEDAREASOLID(#3074,#3078,#3079,127.8);
#3081=IFCCARTESIANPOINT((0.,0.,0.));
#3082=IFCAXIS2PLACEMENT3D(#3081,$,$);
#3083=IFCLOCALPLACEMENT(#2982,#3082);
#3084=IFCSHAPEREPRESENTATION(#18,'Body','SweptSolid',(#3080));
#3085=IFCPRODUCTDEFINITIONSHAPE($,$,(#3084));
#3086=IFCOPENINGELEMENT('3BeotoRbL0iP2kCwobCk5v',#6,'Bolt Hole',$,$,#3083,#3085,$);
#3087=IFCRELVOIDSELEMENT('35TrvWQc9DvQQd85n3y00F',#6,$,$,#2985,#3086);
#3088=IFCCARTESIANPOINT((0.,0.));
#3089=IFCDIRECTION((1.,0.));
#3090=IFCAXIS2PLACEMENT2D(#3088,#3089);
#3091=IFCCIRCLEPROFILEDEF(.AREA.,$,#3090,4.5);
#3092=IFCCARTESIANPOINT((0.,0.,0.));
#3093=IFCDIRECTION((0.,0.,1.));
#3094=IFCDIRECTION((1.,0.,0.));
#3095=IFCAXIS2PLACEMENT3D(#3092,#3093,#3094);
#3096=IFCDIRECTION((0.,0.,1.));
#3097=IFCEXTRUDEDAREASOLID(#3091,#3095,#3096,127.8);
#3098=IFCCARTESIANPOINT((0.,0.,0.));
#3099=IFCAXIS2PLACEMENT3D(#3098,$,$);
#3100=IFCLOCALPLACEMENT(#2982,#3099);
#3101=IFCSHAPEREPRESENTATION(#18,'Body','SweptSolid',(#3097));
#3102=IFCPRODUCTDEFINITIONSHAPE($,$,(#3101));
#3103=IFCOPENINGELEMENT('028NgqRbLE7xdoN6lUkn59',#6,'Bolt Hole',$,$,#3100,#3102,$);
#3104=IFCRELVOIDSELEMENT('1OgUCH8ZXCiAeZSog$QnsA',#6,$,$,#2985,#3103);
#3105=IFCCARTESIANPOINT((0.,0.));
#3106=IFCDIRECTION((1.,0.));
#3107=IFCAXIS2PLACEMENT2D(#3105,#3106);
#3108=IFCCIRCLEPROFILEDEF(.AREA.,$,#3107,4.5);
#3109=IFCCARTESIANPOINT((0.,0.,0.));
#3110=IFCDIRECTION((0.,0.,1.));
#3111=IFCDIRECTION((1.,0.,0.));
#3112=IFCAXIS2PLACEMENT3D(#3109,#3110,#3111);
#3113=IFCDIRECTION((0.,0.,1.));
#3114=IFCEXTRUDEDAREASOLID(#3108,#3112,#3113,127.8);
#3115=IFCCARTESIANPOINT((0.,0.,0.));
#3116=IFCAXIS2PLACEMENT3D(#3115,$,$);
#3117=IFCLOCALPLACEMENT(#2982,#3116);
#3118=IFCSHAPEREPRESENTATION(#18,'Body','SweptSolid',(#3114));
#3119=IFCPRODUCTDEFINITIONSHAPE($,$,(#3118));
#3120=IFCOPENINGELEMENT('1zCKDAk058g8b$L$rirz5o',#6,'Bolt Hole',$,$,#3117,#3119,$);
#3121=IFCRELVOIDSELEMENT('0P$glOb653fPNucf9f0$1Q',#6,$,$,#2985,#3120);
#3122=IFCCARTESIANPOINT((0.,0.));
#3123=IFCDIRECTION((1.,0.));
#3124=IFCAXIS2PLACEMENT2D(#3122,#3123);
#3125=IFCCIRCLEPROFILEDEF(.AREA.,$,#3124,4.5);
#3126=IFCCARTESIANPOINT((0.,0.,0.));
#3127=IFCDIRECTION((0.,0.,1.));
#3128=IFCDIRECTION((1.,0.,0.));
#3129=IFCAXIS2PLACEMENT3D(#3126,#3127,#3128);
#3130=IFCDIRECTION((0.,0.,1.));
#3131=IFCEXTRUDEDAREASOLID(#3125,#3129,#3130,127.8);
#3132=IFCCARTESIANPOINT((0.,0.,0.));
#3133=IFCAXIS2PLACEMENT3D(#3132,$,$);
#3134=IFCLOCALPLACEMENT(#2982,#3133);
#3135=IFCSHAPEREPRESENTATION(#18,'Body','SweptSolid',(#3131));
#3136=IFCPRODUCTDEFINITIONSHAPE($,$,(#3135));
#3137=IFCOPENINGELEMENT('0HfhJR6l9CCOaJV99r085q',#6,'Bolt Hole',$,$,#3134,#3136,$);
#3138=IFCRELVOIDSELEMENT('15yqiG6153hPyc532GeXFx',#6,$,$,#2985,#3137);
#3139=IFCCARTESIANPOINT((0.,0.));
#3140=IFCDIRECTION((1.,0.));
#3141=IFCAXIS2PLACEMENT2D(#3139,#3140);
#3142=IFCCIRCLEPROFILEDEF(.AREA.,$,#3141,4.5);
#3143=IFCCARTESIANPOINT((0.,0.,0.));
#3144=IFCDIRECTION((0.,0.,1.));
#3145=IFCDIRECTION((1.,0.,0.));
#3146=IFCAXIS2PLACEMENT3D(#3143,#3144,#3145);
#3147=IFCDIRECTION((0.,0.,1.));
#3148=IFCEXTRUDEDAREASOLID(#3142,#3146,#3147,127.8);
#3149=IFCCARTESIANPOINT((0.,0.,0.));
#3150=IFCAXIS2PLACEMENT3D(#3149,$,$);
#3151=IFCLOCALPLACEMENT(#2982,#3150);
#3152=IFCSHAPEREPRESENTATION(#18,'Body','SweptSolid',(#3148));
#3153=IFCPRODUCTDEFINITIONSHAPE($,$,(#3152));
#3154=IFCOPENINGELEMENT('3fbnKRx3H5HRC7amhpmhT$',#6,'Bolt Hole',$,$,#3151,#3153,$);
#3155=IFCRELVOIDSELEMENT('0Cfy5BTWH5GxUpPde$YLOs',#6,$,$,#2985,#3154);
#3156=IFCCARTESIANPOINT((0.,0.));
#3157=IFCDIRECTION((1.,0.));
#3158=IFCAXIS2PLACEMENT2D(#3156,#3157);
#3159=IFCCIRCLEPROFILEDEF(.AREA.,$,#3158,4.5);
#3160=IFCCARTESIANPOINT((0.,0.,0.));
#3161=IFCDIRECTION((0.,0.,1.));
#3162=IFCDIRECTION((1.,0.,0.));
#3163=IFCAXIS2PLACEMENT3D(#3160,#3161,#3162);
#3164=IFCDIRECTION((0.,0.,1.));
#3165=IFCEXTRUDEDAREASOLID(#3159,#3163,#3164,127.8);
#3166=IFCCARTESIANPOINT((0.,0.,0.));
#3167=IFCAXIS2PLACEMENT3D(#3166,$,$);
#3168=IFCLOCALPLACEMENT(#2982,#3167);
#3169=IFCSHAPEREPRESENTATION(#18,'Body','SweptSolid',(#3165));
#3170=IFCPRODUCTDEFINITIONSHAPE($,$,(#3169));
#3171=IFCOPENINGELEMENT('0j6tAcDyHDGhAwX40FbE9X',#6,'Bolt Hole',$,$,#3168,#3170,$);
#3172=IFCRELVOIDSELEMENT('0lDcSmUYf8_wRqurFhX9w0',#6,$,$,#2985,#3171);
#3173=IFCCARTESIANPOINT((0.,0.));
#3174=IFCDIRECTION((1.,0.));
#3175=IFCAXIS2PLACEMENT2D(#3173,#3174);
#3176=IFCCIRCLEPROFILEDEF(.AREA.,$,#3175,4.5);
#3177=IFCCARTESIANPOINT((0.,0.,0.));
#3178=IFCDIRECTION((0.,0.,1.));
#3179=IFCDIRECTION((1.,0.,0.));
#3180=IFCAXIS2PLACEMENT3D(#3177,#3178,#3179);
#3181=IFCDIRECTION((0.,0.,1.));
#3182=IFCEXTRUDEDAREASOLID(#3176,#3180,#3181,127.8);
#3183=IFCCARTESIANPOINT((0.,0.,0.));
#3184=IFCAXIS2PLACEMENT3D(#3183,$,$);
#3185=IFCLOCALPLACEMENT(#2982,#3184);
#3186=IFCSHAPEREPRESENTATION(#18,'Body','SweptSolid',(#3182));
#3187=IFCPRODUCTDEFINITIONSHAPE($,$,(#3186));
#3188=IFCOPENINGELEMENT('0nPnWHQ3v0SftlIZZ$jmHX',#6,'Bolt Hole',$,$,#3185,#3187,$);
#3189=IFCRELVOIDSELEMENT('2yiLVX3y5EPwO8GLLmIpVl',#6,$,$,#2985,#3188);
#3190=IFCCARTESIANPOINT((0.,0.));
#3191=IFCDIRECTION((1.,0.));
#3192=IFCAXIS2PLACEMENT2D(#3190,#3191);
#3193=IFCCIRCLEPROFILEDEF(.AREA.,$,#3192,4.5);
#3194=IFCCARTESIANPOINT((0.,0.,0.));
#3195=IFCDIRECTION((0.,0.,1.));
#3196=IFCDIRECTION((1.,0.,0.));
#3197=IFCAXIS2PLACEMENT3D(#3194,#3195,#3196);
#3198=IFCDIRECTION((0.,0.,1.));
#3199=IFCEXTRUDEDAREASOLID(#3193,#3197,#3198,127.8);
#3200=IFCCARTESIANPOINT((0.,0.,0.));
#3201=IFCAXIS2PLACEMENT3D(#3200,$,$);
#3202=IFCLOCALPLACEMENT(#2982,#3201);
#3203=IFCSHAPEREPRESENTATION(#18,'Body','SweptSolid',(#3199));
#3204=IFCPRODUCTDEFINITIONSHAPE($,$,(#3203));
#3205=IFCOPENINGELEMENT('0DSL13Q8nE_AMVLwaGnJ0O',#6,'Bolt Hole',$,$,#3202,#3204,$);
#3206=IFCRELVOIDSELEMENT('1gSBHPFtP0Xe3tNNKlf5qK',#6,$,$,#2985,#3205);
#3207=IFCCARTESIANPOINT((0.,0.));
#3208=IFCDIRECTION((1.,0.));
#3209=IFCAXIS2PLACEMENT2D(#3207,#3208);
#3210=IFCCIRCLEPROFILEDEF(.AREA.,$,#3209,4.5);
#3211=IFCCARTESIANPOINT((0.,0.,0.));
#3212=IFCDIRECTION((0.,0.,1.));
#3213=IFCDIRECTION((1.,0.,0.));
#3214=IFCAXIS2PLACEMENT3D(#3211,#3212,#3213);
#3215=IFCDIRECTION((0.,0.,1.));
#3216=IFCEXTRUDEDAREASOLID(#3210,#3214,#3215,127.8);
#3217=IFCCARTESIANPOINT((0.,0.,0.));
#3218=IFCAXIS2PLACEMENT3D(#3217,$,$);
#3219=IFCLOCALPLACEMENT(#2982,#3218);
#3220=IFCSHAPEREPRESENTATION(#18,'Body','SweptSolid',(#3216));
#3221=IFCPRODUCTDEFINITIONSHAPE($,$,(#3220));
#3222=IFCOPENINGELEMENT('3vRQgiaqHEcQNcvID0MLMo',#6,'Bolt Hole',$,$,#3219,#3221,$);
#3223=IFCRELVOIDSELEMENT('0kUtrzAMn2nAIEbUaWJ$$6',#6,$,$,#2985,#3222);
#3224=IFCCARTESIANPOINT((0.,0.));
#3225=IFCDIRECTION((1.,0.));
#3226=IFCAXIS2PLACEMENT2D(#3224,#3225);
#3227=IFCCIRCLEPROFILEDEF(.AREA.,$,#3226,4.5);
#3228=IFCCARTESIANPOINT((0.,0.,0.));
#3229=IFCDIRECTION((0.,0.,1.));
#3230=IFCDIRECTION((1.,0.,0.));
#3231=IFCAXIS2PLACEMENT3D(#3228,#3229,#3230);
#3232=IFCDIRECTION((0.,0.,1.));
#3233=IFCEXTRUDEDAREASOLID(#3227,#3231,#3232,127.8);
#3234=IFCCARTESIANPOINT((0.,0.,0.));
#3235=IFCAXIS2PLACEMENT3D(#3234,$,$);
#3236=IFCLOCALPLACEMENT(#2982,#3235);
#3237=IFCSHAPEREPRESENTATION(#18,'Body','SweptSolid',(#3233));
#3238=IFCPRODUCTDEFINITIONSHAPE($,$,(#3237));
#3239=IFCOPENINGELEMENT('3X881$1YPA6eBTE3UMULXm',#6,'Bolt Hole',$,$,#3236,#3238,$);
#3240=IFCRELVOIDSELEMENT('0Rtf_nvcj1igeCF40v1vWc',#6,$,$,#2985,#3239);
#3241=IFCCARTESIANPOINT((0.,0.));
#3242=IFCDIRECTION((1.,0.));
#3243=IFCAXIS2PLACEMENT2D(#3241,#3242);
#3244=IFCCIRCLEPROFILEDEF(.AREA.,$,#3243,4.5);
#3245=IFCCARTESIANPOINT((0.,0.,0.));
#3246=IFCDIRECTION((0.,0.,1.));
#3247=IFCDIRECTION((1.,0.,0.));
#3248=IFCAXIS2PLACEMENT3D(#3245,#3246,#3247);
#3249=IFCDIRECTION((0.,0.,1.));
#3250=IFCEXTRUDEDAREASOLID(#3244,#3248,#3249,127.8);
#3251=IFCCARTESIANPOINT((0.,0.,0.));
#3252=IFCAXIS2PLACEMENT3D(#3251,$,$);
#3253=IFCLOCALPLACEMENT(#2982,#3252);
#3254=IFCSHAPEREPRESENTATION(#18,'Body','SweptSolid',(#3250));
#3255=IFCPRODUCTDEFINITIONSHAPE($,$,(#3254));
#3256=IFCOPENINGELEMENT('3vm2N7JFz10Ac_vJzUHyBt',#6,'Bolt Hole',$,$,#3253,#3255,$);
#3257=IFCRELVOIDSELEMENT('028O3ZM2jEhw8eOtzGtq0C',#6,$,$,#2985,#3256);
#3258=IFCCARTESIANPOINT((0.,0.));
#3259=IFCDIRECTION((1.,0.));
#3260=IFCAXIS2PLACEMENT2D(#3258,#3259);
#3261=IFCCIRCLEPROFILEDEF(.AREA.,$,#3260,4.5);
#3262=IFCCARTESIANPOINT((0.,0.,0.));
#3263=IFCDIRECTION((0.,0.,1.));
#3264=IFCDIRECTION((1.,0.,0.));
#3265=IFCAXIS2PLACEMENT3D(#3262,#3263,#3264);
#3266=IFCDIRECTION((0.,0.,1.));
#3267=IFCEXTRUDEDAREASOLID(#3261,#3265,#3266,127.8);
#3268=IFCCARTESIANPOINT((0.,0.,0.));
#3269=IFCAXIS2PLACEMENT3D(#3268,$,$);
#3270=IFCLOCALPLACEMENT(#2982,#3269);
#3271=IFCSHAPEREPRESENTATION(#18,'Body','SweptSolid',(#3267));
#3272=IFCPRODUCTDEFINITIONSHAPE($,$,(#3271));
#3273=IFCOPENINGELEMENT('3Ykf1RR_H3LAL$k9aVv_jy',#6,'Bolt Hole',$,$,#3270,#3272,$);
#3274=IFCRELVOIDSELEMENT('2Xi8VLeMLFeuQ61tlvYudZ',#6,$,$,#2985,#3273);
#3275=IFCCARTESIANPOINT((0.,0.));
#3276=IFCDIRECTION((1.,0.));
#3277=IFCAXIS2PLACEMENT2D(#3275,#3276);
#3278=IFCCIRCLEPROFILEDEF(.AREA.,$,#3277,4.5);
#3279=IFCCARTESIANPOINT((0.,0.,0.));
#3280=IFCDIRECTION((0.,0.,1.));
#3281=IFCDIRECTION((1.,0.,0.));
#3282=IFCAXIS2PLACEMENT3D(#3279,#3280,#3281);
#3283=IFCDIRECTION((0.,0.,1.));
#3284=IFCEXTRUDEDAREASOLID(#3278,#3282,#3283,127.8);
#3285=IFCCARTESIANPOINT((0.,0.,0.));
#3286=IFCAXIS2PLACEMENT3D(#3285,$,$);
#3287=IFCLOCALPLACEMENT(#2982,#3286);
#3288=IFCSHAPEREPRESENTATION(#18,'Body','SweptSolid',(#3284));
#3289=IFCPRODUCTDEFINITIONSHAPE($,$,(#3288));
#3290=IFCOPENINGELEMENT('1_xztVZYj6PxZzj0YLBKTw',#6,'Bolt Hole',$,$,#3287,#3289,$);
#3291=IFCRELVOIDSELEMENT('0tFMqf3w11jOulBn9eT25u',#6,$,$,#2985,#3290);
#3292=IFCCARTESIANPOINT((0.,0.));
#3293=IFCDIRECTION((1.,0.));
#3294=IFCAXIS2PLACEMENT2D(#3292,#3293);
#3295=IFCCIRCLEPROFILEDEF(.AREA.,$,#3294,4.5);
#3296=IFCCARTESIANPOINT((0.,0.,0.));
#3297=IFCDIRECTION((0.,0.,1.));
#3298=IFCDIRECTION((1.,0.,0.));
#3299=IFCAXIS2PLACEMENT3D(#3296,#3297,#3298);
#3300=IFCDIRECTION((0.,0.,1.));
#3301=IFCEXTRUDEDAREASOLID(#3295,#3299,#3300,127.8);
#3302=IFCCARTESIANPOINT((0.,0.,0.));
#3303=IFCAXIS2PLACEMENT3D(#3302,$,$);
#3304=IFCLOCALPLACEMENT(#2982,#3303);
#3305=IFCSHAPEREPRESENTATION(#18,'Body','SweptSolid',(#3301));
#3306=IFCPRODUCTDEFINITIONSHAPE($,$,(#3305));
#3307=IFCOPENINGELEMENT('1ZzyQlKG5CYAZ5smIrMCUb',#6,'Bolt Hole',$,$,#3304,#3306,$);
#3308=IFCRELVOIDSELEMENT('0B5X1014jA1uhKjz33suyr',#6,$,$,#2985,#3307);
#3309=IFCCARTESIANPOINT((0.,0.));
#3310=IFCDIRECTION((1.,0.));
#3311=IFCAXIS2PLACEMENT2D(#3309,#3310);
#3312=IFCCIRCLEPROFILEDEF(.AREA.,$,#3311,4.5);
#3313=IFCCARTESIANPOINT((0.,0.,0.));
#3314=IFCDIRECTION((0.,0.,1.));
#3315=IFCDIRECTION((1.,0.,0.));
#3316=IFCAXIS2PLACEMENT3D(#3313,#3314,#3315);
#3317=IFCDIRECTION((0.,0.,1.));
#3318=IFCEXTRUDEDAREASOLID(#3312,#3316,#3317,127.8);
#3319=IFCCARTESIANPOINT((0.,0.,0.));
#3320=IFCAXIS2PLACEMENT3D(#3319,$,$);
#3321=IFCLOCALPLACEMENT(#2982,#3320);
#3322=IFCSHAPEREPRESENTATION(#18,'Body','SweptSolid',(#3318));
#3323=IFCPRODUCTDEFINITIONSHAPE($,$,(#3322));
#3324=IFCOPENINGELEMENT('0a$tMCEDT3qPPbacmFQhR4',#6,'Bolt Hole',$,$,#3321,#3323,$);
#3325=IFCRELVOIDSELEMENT('1wQCdjBrzCShYJTBB$obUQ',#6,$,$,#2985,#3324);
#3326=IFCCARTESIANPOINT((0.,0.));
#3327=IFCDIRECTION((1.,0.));
#3328=IFCAXIS2PLACEMENT2D(#3326,#3327);
#3329=IFCCIRCLEPROFILEDEF(.AREA.,$,#3328,4.5);
#3330=IFCCARTESIANPOINT((0.,0.,0.));
#3331=IFCDIRECTION((0.,0.,1.));
#3332=IFCDIRECTION((1.,0.,0.));
#3333=IFCAXIS2PLACEMENT3D(#3330,#3331,#3332);
#3334=IFCDIRECTION((0.,0.,1.));
#3335=IFCEXTRUDEDAREASOLID(#3329,#3333,#3334,127.8);
#3336=IFCCARTESIANPOINT((0.,0.,0.));
#3337=IFCAXIS2PLACEMENT3D(#3336,$,$);
#3338=IFCLOCALPLACEMENT(#2982,#3337);
#3339=IFCSHAPEREPRESENTATION(#18,'Body','SweptSolid',(#3335));
#3340=IFCPRODUCTDEFINITIONSHAPE($,$,(#3339));
#3341=IFCOPENINGELEMENT('1tjwKNgVj2n95yb1xkqcqI',#6,'Bolt Hole',$,$,#3338,#3340,$);
#3342=IFCRELVOIDSELEMENT('3zzRzrD_b9n9k4jQW64iV$',#6,$,$,#2985,#3341);
#3343=IFCCARTESIANPOINT((0.,0.));
#3344=IFCDIRECTION((1.,0.));
#3345=IFCAXIS2PLACEMENT2D(#3343,#3344);
#3346=IFCCIRCLEPROFILEDEF(.AREA.,$,#3345,4.5);
#3347=IFCCARTESIANPOINT((0.,0.,0.));
#3348=IFCDIRECTION((0.,0.,1.));
#3349=IFCDIRECTION((1.,0.,0.));
#3350=IFCAXIS2PLACEMENT3D(#3347,#3348,#3349);
#3351=IFCDIRECTION((0.,0.,1.));
#3352=IFCEXTRUDEDAREASOLID(#3346,#3350,#3351,127.8);
#3353=IFCCARTESIANPOINT((0.,0.,0.));
#3354=IFCAXIS2PLACEMENT3D(#3353,$,$);
#3355=IFCLOCALPLACEMENT(#2982,#3354);
#3356=IFCSHAPEREPRESENTATION(#18,'Body','SweptSolid',(#3352));
#3357=IFCPRODUCTDEFINITIONSHAPE($,$,(#3356));
#3358=IFCOPENINGELEMENT('12lb04dsv38u4YQon15Q6f',#6,'Bolt Hole',$,$,#3355,#3357,$);
#3359=IFCRELVOIDSELEMENT('00ppq2vhz1$9yg0j9RE_E6',#6,$,$,#2985,#3358);
#3360=IFCCARTESIANPOINT((0.,0.));
#3361=IFCDIRECTION((1.,0.));
#3362=IFCAXIS2PLACEMENT2D(#3360,#3361);
#3363=IFCCIRCLEPROFILEDEF(.AREA.,$,#3362,4.5);
#3364=IFCCARTESIANPOINT((0.,0.,0.));
#3365=IFCDIRECTION((0.,0.,1.));
#3366=IFCDIRECTION((1.,0.,0.));
#3367=IFCAXIS2PLACEMENT3D(#3364,#3365,#3366);
#3368=IFCDIRECTION((0.,0.,1.));
#3369=IFCEXTRUDEDAREASOLID(#3363,#3367,#3368,127.8);
#3370=IFCCARTESIANPOINT((0.,0.,0.));
#3371=IFCAXIS2PLACEMENT3D(#3370,$,$);
#3372=IFCLOCALPLACEMENT(#2982,#3371);
#3373=IFCSHAPEREPRESENTATION(#18,'Body','SweptSolid',(#3369));
#3374=IFCPRODUCTDEFINITIONSHAPE($,$,(#3373));
#3375=IFCOPENINGELEMENT('2PuY3xpn98UuRXzVzU4IYa',#6,'Bolt Hole',$,$,#3372,#3374,$);
#3376=IFCRELVOIDSELEMENT('08JT2v6FDAf9XG_MR_yM5y',#6,$,$,#2985,#3375);
#3377=IFCCARTESIANPOINT((0.,0.));
#3378=IFCDIRECTION((1.,0.));
#3379=IFCAXIS2PLACEMENT2D(#3377,#3378);
#3380=IFCCIRCLEPROFILEDEF(.AREA.,$,#3379,4.5);
#3381=IFCCARTESIANPOINT((0.,0.,0.));
#3382=IFCDIRECTION((0.,0.,1.));
#3383=IFCDIRECTION((1.,0.,0.));
#3384=IFCAXIS2PLACEMENT3D(#3381,#3382,#3383);
#3385=IFCDIRECTION((0.,0.,1.));
#3386=IFCEXTRUDEDAREASOLID(#3380,#3384,#3385,127.8);
#3387=IFCCARTESIANPOINT((0.,0.,0.));
#3388=IFCAXIS2PLACEMENT3D(#3387,$,$);
#3389=IFCLOCALPLACEMENT(#2982,#3388);
#3390=IFCSHAPEREPRESENTATION(#18,'Body','SweptSolid',(#3386));
#3391=IFCPRODUCTDEFINITIONSHAPE($,$,(#3390));
#3392=IFCOPENINGELEMENT('1vJSdHYDfAnwDyO6xfgA9Y',#6,'Bolt Hole',$,$,#3389,#3391,$);
#3393=IFCRELVOIDSELEMENT('03RKL9hwPEjBnj54q6mfcX',#6,$,$,#2985,#3392);
#3394=IFCCARTESIANPOINT((0.,0.));
#3395=IFCDIRECTION((1.,0.));
#3396=IFCAXIS2PLACEMENT2D(#3394,#3395);
#3397=IFCCIRCLEPROFILEDEF(.AREA.,$,#3396,4.5);
#3398=IFCCARTESIANPOINT((0.,0.,0.));
#3399=IFCDIRECTION((0.,0.,1.));
#3400=IFCDIRECTION((1.,0.,0.));
#3401=IFCAXIS2PLACEMENT3D(#3398,#3399,#3400);
#3402=IFCDIRECTION((0.,0.,1.));
#3403=IFCEXTRUDEDAREASOLID(#3397,#3401,#3402,127.8);
#3404=IFCCARTESIANPOINT((0.,0.,0.));
#3405=IFCAXIS2PLACEMENT3D(#3404,$,$);
#3406=IFCLOCALPLACEMENT(#2982,#3405);
#3407=IFCSHAPEREPRESENTATION(#18,'Body','SweptSolid',(#3403));
#3408=IFCPRODUCTDEFINITIONSHAPE($,$,(#3407));
#3409=IFCOPENINGELEMENT('36PbZztqn3hvEE3PPYgtjp',#6,'Bolt Hole',$,$,#3406,#3408,$);
#3410=IFCRELVOIDSELEMENT('0Z4WYcjkTBKOuFlkrA1xXS',#6,$,$,#2985,#3409);
#3411=IFCCARTESIANPOINT((0.,0.));
#3412=IFCDIRECTION((1.,0.));
#3413=IFCAXIS2PLACEMENT2D(#3411,#3412);
#3414=IFCCIRCLEPROFILEDEF(.AREA.,$,#3413,4.5);
#3415=IFCCARTESIANPOINT((0.,0.,0.));
#3416=IFCDIRECTION((0.,0.,1.));
#3417=IFCDIRECTION((1.,0.,0.));
#3418=IFCAXIS2PLACEMENT3D(#3415,#3416,#3417);
#3419=IFCDIRECTION((0.,0.,1.));
#3420=IFCEXTRUDEDAREASOLID(#3414,#3418,#3419,127.8);
#3421=IFCCARTESIANPOINT((0.,0.,0.));
#3422=IFCAXIS2PLACEMENT3D(#3421,$,$);
#3423=IFCLOCALPLACEMENT(#2982,#3422);
#3424=IFCSHAPEREPRESENTATION(#18,'Body','SweptSolid',(#3420));
#3425=IFCPRODUCTDEFINITIONSHAPE($,$,(#3424));
#3426=IFCOPENINGELEMENT('3649K61qX8qhKzbLnYCumD',#6,'Bolt Hole',$,$,#3423,#3425,$);
#3427=IFCRELVOIDSELEMENT('3b3iiy_2r08huk2VUDATlk',#6,$,$,#2985,#3426);
#3428=IFCCARTESIANPOINT((0.,0.));
#3429=IFCDIRECTION((1.,0.));
#3430=IFCAXIS2PLACEMENT2D(#3428,#3429);
#3431=IFCCIRCLEPROFILEDEF(.AREA.,$,#3430,4.5);
#3432=IFCCARTESIANPOINT((0.,0.,0.));
#3433=IFCDIRECTION((0.,0.,1.));
#3434=IFCDIRECTION((1.,0.,0.));
#3435=IFCAXIS2PLACEMENT3D(#3432,#3433,#3434);
#3436=IFCDIRECTION((0.,0.,1.));
#3437=IFCEXTRUDEDAREASOLID(#3431,#3435,#3436,127.8);
#3438=IFCCARTESIANPOINT((0.,0.,0.));
#3439=IFCAXIS2PLACEMENT3D(#3438,$,$);
#3440=IFCLOCALPLACEMENT(#2982,#3439);
#3441=IFCSHAPEREPRESENTATION(#18,'Body','SweptSolid',(#3437));
#3442=IFCPRODUCTDEFINITIONSHAPE($,$,(#3441));
#3443=IFCOPENINGELEMENT('1j5GmEzrDDYwen0ZYlsdPY',#6,'Bolt Hole',$,$,#3440,#3442,$);
#3444=IFCRELVOIDSELEMENT('0SRpdcHRn55wWpv371pKVi',#6,$,$,#2985,#3443);
#3445=IFCCARTESIANPOINT((0.,0.));
#3446=IFCDIRECTION((1.,0.));
#3447=IFCAXIS2PLACEMENT2D(#3445,#3446);
#3448=IFCCIRCLEPROFILEDEF(.AREA.,$,#3447,4.5);
#3449=IFCCARTESIANPOINT((0.,0.,0.));
#3450=IFCDIRECTION((0.,0.,1.));
#3451=IFCDIRECTION((1.,0.,0.));
#3452=IFCAXIS2PLACEMENT3D(#3449,#3450,#3451);
#3453=IFCDIRECTION((0.,0.,1.));
#3454=IFCEXTRUDEDAREASOLID(#3448,#3452,#3453,127.8);
#3455=IFCCARTESIANPOINT((0.,0.,0.));
#3456=IFCAXIS2PLACEMENT3D(#3455,$,$);
#3457=IFCLOCALPLACEMENT(#2982,#3456);
#3458=IFCSHAPEREPRESENTATION(#18,'Body','SweptSolid',(#3454));
#3459=IFCPRODUCTDEFINITIONSHAPE($,$,(#3458));
#3460=IFCOPENINGELEMENT('3yJKOvtPr7JBaAcJDlcuo5',#6,'Bolt Hole',$,$,#3457,#3459,$);
#3461=IFCRELVOIDSELEMENT('0A0vnDKhr0h8$YAs3$PzOE',#6,$,$,#2985,#3460);
#3462=IFCCARTESIANPOINT((0.,0.));
#3463=IFCDIRECTION((1.,0.));
#3464=IFCAXIS2PLACEMENT2D(#3462,#3463);
#3465=IFCCIRCLEPROFILEDEF(.AREA.,$,#3464,4.5);
#3466=IFCCARTESIANPOINT((0.,0.,0.));
#3467=IFCDIRECTION((0.,0.,1.));
#3468=IFCDIRECTION((1.,0.,0.));
#3469=IFCAXIS2PLACEMENT3D(#3466,#3467,#3468);
#3470=IFCDIRECTION((0.,0.,1.));
#3471=IFCEXTRUDEDAREASOLID(#3465,#3469,#3470,127.8);
#3472=IFCCARTESIANPOINT((0.,0.,0.));
#3473=IFCAXIS2PLACEMENT3D(#3472,$,$);
#3474=IFCLOCALPLACEMENT(#2982,#3473);
#3475=IFCSHAPEREPRESENTATION(#18,'Body','SweptSolid',(#3471));
#3476=IFCPRODUCTDEFINITIONSHAPE($,$,(#3475));
#3477=IFCOPENINGELEMENT('2RWJOV7lb0OxVv5mBqSerA',#6,'Bolt Hole',$,$,#3474,#3476,$);
#3478=IFCRELVOIDSELEMENT('3PU4gDxPb4Rhe6GsWtgSQH',#6,$,$,#2985,#3477);
#3479=IFCCARTESIANPOINT((0.,0.));
#3480=IFCDIRECTION((1.,0.));
#3481=IFCAXIS2PLACEMENT2D(#3479,#3480);
#3482=IFCCIRCLEPROFILEDEF(.AREA.,$,#3481,4.5);
#3483=IFCCARTESIANPOINT((0.,0.,0.));
#3484=IFCDIRECTION((0.,0.,1.));
#3485=IFCDIRECTION((1.,0.,0.));
#3486=IFCAXIS2PLACEMENT3D(#3483,#3484,#3485);
#3487=IFCDIRECTION((0.,0.,1.));
#3488=IFCEXTRUDEDAREASOLID(#3482,#3486,#3487,127.8);
#3489=IFCCARTESIANPOINT((0.,0.,0.));
#3490=IFCAXIS2PLACEMENT3D(#3489,$,$);
#3491=IFCLOCALPLACEMENT(#2982,#3490);
#3492=IFCSHAPEREPRESENTATION(#18,'Body','SweptSolid',(#3488));
#3493=IFCPRODUCTDEFINITIONSHAPE($,$,(#3492));
#3494=IFCOPENINGELEMENT('1bPkb$A9r0aR9Olk5ahUff',#6,'Bolt Hole',$,$,#3491,#3493,$);
#3495=IFCRELVOIDSELEMENT('2QFppiTqvAUPtsklCSMk1Q',#6,$,$,#2985,#3494);
#3496=IFCCARTESIANPOINT((0.,0.));
#3497=IFCDIRECTION((1.,0.));
#3498=IFCAXIS2PLACEMENT2D(#3496,#3497);
#3499=IFCCIRCLEPROFILEDEF(.AREA.,$,#3498,4.5);
#3500=IFCCARTESIANPOINT((0.,0.,0.));
#3501=IFCDIRECTION((0.,0.,1.));
#3502=IFCDIRECTION((1.,0.,0.));
#3503=IFCAXIS2PLACEMENT3D(#3500,#3501,#3502);
#3504=IFCDIRECTION((0.,0.,1.));
#3505=IFCEXTRUDEDAREASOLID(#3499,#3503,#3504,127.8);
#3506=IFCCARTESIANPOINT((0.,0.,0.));
#3507=IFCAXIS2PLACEMENT3D(#3506,$,$);
#3508=IFCLOCALPLACEMENT(#2982,#3507);
#3509=IFCSHAPEREPRESENTATION(#18,'Body','SweptSolid',(#3505));
#3510=IFCPRODUCTDEFINITIONSHAPE($,$,(#3509));
#3511=IFCOPENINGELEMENT('244torrsX0g8VaznP4h11G',#6,'Bolt Hole',$,$,#3508,#3510,$);
#3512=IFCRELVOIDSELEMENT('2JgPrPCif8Svq50sMcHbNl',#6,$,$,#2985,#3511);
#3513=IFCCARTESIANPOINT((0.,0.));
#3514=IFCDIRECTION((1.,0.));
#3515=IFCAXIS2PLACEMENT2D(#3513,#3514);
#3516=IFCCIRCLEPROFILEDEF(.AREA.,$,#3515,4.5);
#3517=IFCCARTESIANPOINT((0.,0.,0.));
#3518=IFCDIRECTION((0.,0.,1.));
#3519=IFCDIRECTION((1.,0.,0.));
#3520=IFCAXIS2PLACEMENT3D(#3517,#3518,#3519);
#3521=IFCDIRECTION((0.,0.,1.));
#3522=IFCEXTRUDEDAREASOLID(#3516,#3520,#3521,127.8);
#3523=IFCCARTESIANPOINT((0.,0.,0.));
#3524=IFCAXIS2PLACEMENT3D(#3523,$,$);
#3525=IFCLOCALPLACEMENT(#2982,#3524);
#3526=IFCSHAPEREPRESENTATION(#18,'Body','SweptSolid',(#3522));
#3527=IFCPRODUCTDEFINITIONSHAPE($,$,(#3526));
#3528=IFCOPENINGELEMENT('2XLhOW34fF7BSoS6Bzsy3e',#6,'Bolt Hole',$,$,#3525,#3527,$);
#3529=IFCRELVOIDSELEMENT('2HzAeUemjDDwOYT_ZVmiyJ',#6,$,$,#2985,#3528);
#3530=IFCPROPERTYSINGLEVALUE('DesignCode','DesignCode',IFCLABEL('IS 800:2007'),$);
#3531=IFCPROPERTYSINGLEVALUE('ExportTime','ExportTime',IFCLABEL('2026-04-07 11:25:01'),$);
#3532=IFCPROPERTYSET('26SRiAPzr4sxjWCV1$IXdr',#6,'Pset_OsdagDesignData',$,(#3530,#3531));
#3533=IFCRELDEFINESBYPROPERTIES('3XYKVjIJT49eTFpwJyGozX',#6,$,$,(#2985),#3532);
#3534=IFCQUANTITYLENGTH('Length','Length',$,374.6);
#3535=IFCQUANTITYLENGTH('Width','Width',$,120.45);
#3536=IFCQUANTITYLENGTH('Depth','Depth',$,14.);
#3537=IFCQUANTITYAREA('GrossArea','GrossArea',$,0.04463656995);
#3538=IFCQUANTITYVOLUME('NetVolume','NetVolume',$,0.0006249119793);
#3539=IFCQUANTITYWEIGHT('NetWeight','NetWeight',$,4.905559037505);
#3540=IFCELEMENTQUANTITY('0CkUBmHDz0m9KQy6Mj9$Xa',#6,'Qto_PlateBaseQuantities',$,'Custom',(#3534,#3535,#3536,#3537,#3538,#3539));
#3541=IFCRELDEFINESBYPROPERTIES('250mOt3F94MOTxdw$ZGH85',#6,$,$,(#2985),#3540);
#3542=IFCRELASSOCIATESMATERIAL('1XwqmA51TAYhJro3TeD03D',#6,$,$,(#2985),#619);
#3543=IFCCARTESIANPOINT((0.,0.,0.));
#3544=IFCDIRECTION((0.,0.,1.));
#3545=IFCDIRECTION((1.,0.,0.));
#3546=IFCAXIS2PLACEMENT3D(#3543,#3544,#3545);
#3547=IFCCARTESIANPOINT((-187.29,60.225));
#3548=IFCCARTESIANPOINT((187.29,60.225));
#3549=IFCCARTESIANPOINT((187.3,60.225));
#3550=IFCCARTESIANPOINT((187.3,-38.225));
#3551=IFCCARTESIANPOINT((165.3,-60.225));
#3552=IFCCARTESIANPOINT((-165.3,-60.225));
#3553=IFCCARTESIANPOINT((-187.3,-38.225));
#3554=IFCCARTESIANPOINT((-187.3,60.225));
#3555=IFCCARTESIANPOINT((-187.29,60.225));
#3556=IFCPOLYLINE((#3547,#3548,#3549,#3550,#3551,#3552,#3553,#3554,#3555));
#3557=IFCARBITRARYCLOSEDPROFILEDEF(.AREA.,$,#3556);
#3558=IFCCARTESIANPOINT((0.,0.,0.));
#3559=IFCDIRECTION((0.,0.,1.));
#3560=IFCDIRECTION((1.,0.,0.));
#3561=IFCAXIS2PLACEMENT3D(#3558,#3559,#3560);
#3562=IFCDIRECTION((0.,0.,1.));
#3563=IFCEXTRUDEDAREASOLID(#3557,#3561,#3562,14.);
#3564=IFCCARTESIANPOINT((-64.775,0.,510.5));
#3565=IFCDIRECTION((0.,0.,1.));
#3566=IFCDIRECTION((0.,1.,0.));
#3567=IFCAXIS2PLACEMENT3D(#3564,#3565,#3566);
#3568=IFCLOCALPLACEMENT(#30,#3567);
#3569=IFCSHAPEREPRESENTATION(#18,'Body','SweptSolid',(#3563));
#3570=IFCPRODUCTDEFINITIONSHAPE($,$,(#3569));
#3571=IFCPLATE('3NAREuqc12aBPhcKSJTPxb',#6,'Continuity Plate',$,$,#3568,#3570,$);
#3572=IFCCARTESIANPOINT((0.,0.));
#3573=IFCDIRECTION((1.,0.));
#3574=IFCAXIS2PLACEMENT2D(#3572,#3573);
#3575=IFCCIRCLEPROFILEDEF(.AREA.,$,#3574,4.5);
#3576=IFCCARTESIANPOINT((0.,0.,0.));
#3577=IFCDIRECTION((0.,0.,1.));
#3578=IFCDIRECTION((1.,0.,0.));
#3579=IFCAXIS2PLACEMENT3D(#3576,#3577,#3578);
#3580=IFCDIRECTION((0.,0.,1.));
#3581=IFCEXTRUDEDAREASOLID(#3575,#3579,#3580,127.8);
#3582=IFCCARTESIANPOINT((0.,0.,0.));
#3583=IFCAXIS2PLACEMENT3D(#3582,$,$);
#3584=IFCLOCALPLACEMENT(#3568,#3583);
#3585=IFCSHAPEREPRESENTATION(#18,'Body','SweptSolid',(#3581));
#3586=IFCPRODUCTDEFINITIONSHAPE($,$,(#3585));
#3587=IFCOPENINGELEMENT('0G4_hxr4D9xgp6nMV1p4dL',#6,'Bolt Hole',$,$,#3584,#3586,$);
#3588=IFCRELVOIDSELEMENT('3FXMCaWlT9Q9PtQs0pZoT0',#6,$,$,#3571,#3587);
#3589=IFCCARTESIANPOINT((0.,0.));
#3590=IFCDIRECTION((1.,0.));
#3591=IFCAXIS2PLACEMENT2D(#3589,#3590);
#3592=IFCCIRCLEPROFILEDEF(.AREA.,$,#3591,4.5);
#3593=IFCCARTESIANPOINT((0.,0.,0.));
#3594=IFCDIRECTION((0.,0.,1.));
#3595=IFCDIRECTION((1.,0.,0.));
#3596=IFCAXIS2PLACEMENT3D(#3593,#3594,#3595);
#3597=IFCDIRECTION((0.,0.,1.));
#3598=IFCEXTRUDEDAREASOLID(#3592,#3596,#3597,127.8);
#3599=IFCCARTESIANPOINT((0.,0.,0.));
#3600=IFCAXIS2PLACEMENT3D(#3599,$,$);
#3601=IFCLOCALPLACEMENT(#3568,#3600);
#3602=IFCSHAPEREPRESENTATION(#18,'Body','SweptSolid',(#3598));
#3603=IFCPRODUCTDEFINITIONSHAPE($,$,(#3602));
#3604=IFCOPENINGELEMENT('3QOgAwkIn4BeRDjPzy1FqO',#6,'Bolt Hole',$,$,#3601,#3603,$);
#3605=IFCRELVOIDSELEMENT('0u9w$UHIr6WhQLVfrZ4PH3',#6,$,$,#3571,#3604);
#3606=IFCCARTESIANPOINT((0.,0.));
#3607=IFCDIRECTION((1.,0.));
#3608=IFCAXIS2PLACEMENT2D(#3606,#3607);
#3609=IFCCIRCLEPROFILEDEF(.AREA.,$,#3608,4.5);
#3610=IFCCARTESIANPOINT((0.,0.,0.));
#3611=IFCDIRECTION((0.,0.,1.));
#3612=IFCDIRECTION((1.,0.,0.));
#3613=IFCAXIS2PLACEMENT3D(#3610,#3611,#3612);
#3614=IFCDIRECTION((0.,0.,1.));
#3615=IFCEXTRUDEDAREASOLID(#3609,#3613,#3614,127.8);
#3616=IFCCARTESIANPOINT((0.,0.,0.));
#3617=IFCAXIS2PLACEMENT3D(#3616,$,$);
#3618=IFCLOCALPLACEMENT(#3568,#3617);
#3619=IFCSHAPEREPRESENTATION(#18,'Body','SweptSolid',(#3615));
#3620=IFCPRODUCTDEFINITIONSHAPE($,$,(#3619));
#3621=IFCOPENINGELEMENT('3hKFdWgM562eVSORFAxiBc',#6,'Bolt Hole',$,$,#3618,#3620,$);
#3622=IFCRELVOIDSELEMENT('0ZcPm_$gn5AeLYli1xkR02',#6,$,$,#3571,#3621);
#3623=IFCCARTESIANPOINT((0.,0.));
#3624=IFCDIRECTION((1.,0.));
#3625=IFCAXIS2PLACEMENT2D(#3623,#3624);
#3626=IFCCIRCLEPROFILEDEF(.AREA.,$,#3625,4.5);
#3627=IFCCARTESIANPOINT((0.,0.,0.));
#3628=IFCDIRECTION((0.,0.,1.));
#3629=IFCDIRECTION((1.,0.,0.));
#3630=IFCAXIS2PLACEMENT3D(#3627,#3628,#3629);
#3631=IFCDIRECTION((0.,0.,1.));
#3632=IFCEXTRUDEDAREASOLID(#3626,#3630,#3631,127.8);
#3633=IFCCARTESIANPOINT((0.,0.,0.));
#3634=IFCAXIS2PLACEMENT3D(#3633,$,$);
#3635=IFCLOCALPLACEMENT(#3568,#3634);
#3636=IFCSHAPEREPRESENTATION(#18,'Body','SweptSolid',(#3632));
#3637=IFCPRODUCTDEFINITIONSHAPE($,$,(#3636));
#3638=IFCOPENINGELEMENT('3RiUvPsZTCcORVBMr7IH4G',#6,'Bolt Hole',$,$,#3635,#3637,$);
#3639=IFCRELVOIDSELEMENT('1kMZUqRFz2JfMWNEZL383e',#6,$,$,#3571,#3638);
#3640=IFCCARTESIANPOINT((0.,0.));
#3641=IFCDIRECTION((1.,0.));
#3642=IFCAXIS2PLACEMENT2D(#3640,#3641);
#3643=IFCCIRCLEPROFILEDEF(.AREA.,$,#3642,4.5);
#3644=IFCCARTESIANPOINT((0.,0.,0.));
#3645=IFCDIRECTION((0.,0.,1.));
#3646=IFCDIRECTION((1.,0.,0.));
#3647=IFCAXIS2PLACEMENT3D(#3644,#3645,#3646);
#3648=IFCDIRECTION((0.,0.,1.));
#3649=IFCEXTRUDEDAREASOLID(#3643,#3647,#3648,127.8);
#3650=IFCCARTESIANPOINT((0.,0.,0.));
#3651=IFCAXIS2PLACEMENT3D(#3650,$,$);
#3652=IFCLOCALPLACEMENT(#3568,#3651);
#3653=IFCSHAPEREPRESENTATION(#18,'Body','SweptSolid',(#3649));
#3654=IFCPRODUCTDEFINITIONSHAPE($,$,(#3653));
#3655=IFCOPENINGELEMENT('0JwhNuTdL2bRwvBVFgSIPr',#6,'Bolt Hole',$,$,#3652,#3654,$);
#3656=IFCRELVOIDSELEMENT('2lG_yfjvn2dh8A$jSCOqQO',#6,$,$,#3571,#3655);
#3657=IFCCARTESIANPOINT((0.,0.));
#3658=IFCDIRECTION((1.,0.));
#3659=IFCAXIS2PLACEMENT2D(#3657,#3658);
#3660=IFCCIRCLEPROFILEDEF(.AREA.,$,#3659,4.5);
#3661=IFCCARTESIANPOINT((0.,0.,0.));
#3662=IFCDIRECTION((0.,0.,1.));
#3663=IFCDIRECTION((1.,0.,0.));
#3664=IFCAXIS2PLACEMENT3D(#3661,#3662,#3663);
#3665=IFCDIRECTION((0.,0.,1.));
#3666=IFCEXTRUDEDAREASOLID(#3660,#3664,#3665,127.8);
#3667=IFCCARTESIANPOINT((0.,0.,0.));
#3668=IFCAXIS2PLACEMENT3D(#3667,$,$);
#3669=IFCLOCALPLACEMENT(#3568,#3668);
#3670=IFCSHAPEREPRESENTATION(#18,'Body','SweptSolid',(#3666));
#3671=IFCPRODUCTDEFINITIONSHAPE($,$,(#3670));
#3672=IFCOPENINGELEMENT('1rRRtsikD3vPuPhwlb0qDE',#6,'Bolt Hole',$,$,#3669,#3671,$);
#3673=IFCRELVOIDSELEMENT('36Ycl8qpzBRQd3f46BH1EB',#6,$,$,#3571,#3672);
#3674=IFCCARTESIANPOINT((0.,0.));
#3675=IFCDIRECTION((1.,0.));
#3676=IFCAXIS2PLACEMENT2D(#3674,#3675);
#3677=IFCCIRCLEPROFILEDEF(.AREA.,$,#3676,4.5);
#3678=IFCCARTESIANPOINT((0.,0.,0.));
#3679=IFCDIRECTION((0.,0.,1.));
#3680=IFCDIRECTION((1.,0.,0.));
#3681=IFCAXIS2PLACEMENT3D(#3678,#3679,#3680);
#3682=IFCDIRECTION((0.,0.,1.));
#3683=IFCEXTRUDEDAREASOLID(#3677,#3681,#3682,127.8);
#3684=IFCCARTESIANPOINT((0.,0.,0.));
#3685=IFCAXIS2PLACEMENT3D(#3684,$,$);
#3686=IFCLOCALPLACEMENT(#3568,#3685);
#3687=IFCSHAPEREPRESENTATION(#18,'Body','SweptSolid',(#3683));
#3688=IFCPRODUCTDEFINITIONSHAPE($,$,(#3687));
#3689=IFCOPENINGELEMENT('1b9Zc$72j9lPF6zYcyX4fv',#6,'Bolt Hole',$,$,#3686,#3688,$);
#3690=IFCRELVOIDSELEMENT('2DPckqGsLDSwTwumJ_NY6N',#6,$,$,#3571,#3689);
#3691=IFCCARTESIANPOINT((0.,0.));
#3692=IFCDIRECTION((1.,0.));
#3693=IFCAXIS2PLACEMENT2D(#3691,#3692);
#3694=IFCCIRCLEPROFILEDEF(.AREA.,$,#3693,4.5);
#3695=IFCCARTESIANPOINT((0.,0.,0.));
#3696=IFCDIRECTION((0.,0.,1.));
#3697=IFCDIRECTION((1.,0.,0.));
#3698=IFCAXIS2PLACEMENT3D(#3695,#3696,#3697);
#3699=IFCDIRECTION((0.,0.,1.));
#3700=IFCEXTRUDEDAREASOLID(#3694,#3698,#3699,127.8);
#3701=IFCCARTESIANPOINT((0.,0.,0.));
#3702=IFCAXIS2PLACEMENT3D(#3701,$,$);
#3703=IFCLOCALPLACEMENT(#3568,#3702);
#3704=IFCSHAPEREPRESENTATION(#18,'Body','SweptSolid',(#3700));
#3705=IFCPRODUCTDEFINITIONSHAPE($,$,(#3704));
#3706=IFCOPENINGELEMENT('2PQB_PhNr3LvmBCNQYtY3R',#6,'Bolt Hole',$,$,#3703,#3705,$);
#3707=IFCRELVOIDSELEMENT('08HTDr46rAJwG08_W1H5sz',#6,$,$,#3571,#3706);
#3708=IFCCARTESIANPOINT((0.,0.));
#3709=IFCDIRECTION((1.,0.));
#3710=IFCAXIS2PLACEMENT2D(#3708,#3709);
#3711=IFCCIRCLEPROFILEDEF(.AREA.,$,#3710,4.5);
#3712=IFCCARTESIANPOINT((0.,0.,0.));
#3713=IFCDIRECTION((0.,0.,1.));
#3714=IFCDIRECTION((1.,0.,0.));
#3715=IFCAXIS2PLACEMENT3D(#3712,#3713,#3714);
#3716=IFCDIRECTION((0.,0.,1.));
#3717=IFCEXTRUDEDAREASOLID(#3711,#3715,#3716,127.8);
#3718=IFCCARTESIANPOINT((0.,0.,0.));
#3719=IFCAXIS2PLACEMENT3D(#3718,$,$);
#3720=IFCLOCALPLACEMENT(#3568,#3719);
#3721=IFCSHAPEREPRESENTATION(#18,'Body','SweptSolid',(#3717));
#3722=IFCPRODUCTDEFINITIONSHAPE($,$,(#3721));
#3723=IFCOPENINGELEMENT('3LrAjASHDCPQmCtkTN3bo0',#6,'Bolt Hole',$,$,#3720,#3722,$);
#3724=IFCRELVOIDSELEMENT('394NR1WvX2dgQZLJ_Ho2Ai',#6,$,$,#3571,#3723);
#3725=IFCCARTESIANPOINT((0.,0.));
#3726=IFCDIRECTION((1.,0.));
#3727=IFCAXIS2PLACEMENT2D(#3725,#3726);
#3728=IFCCIRCLEPROFILEDEF(.AREA.,$,#3727,4.5);
#3729=IFCCARTESIANPOINT((0.,0.,0.));
#3730=IFCDIRECTION((0.,0.,1.));
#3731=IFCDIRECTION((1.,0.,0.));
#3732=IFCAXIS2PLACEMENT3D(#3729,#3730,#3731);
#3733=IFCDIRECTION((0.,0.,1.));
#3734=IFCEXTRUDEDAREASOLID(#3728,#3732,#3733,127.8);
#3735=IFCCARTESIANPOINT((0.,0.,0.));
#3736=IFCAXIS2PLACEMENT3D(#3735,$,$);
#3737=IFCLOCALPLACEMENT(#3568,#3736);
#3738=IFCSHAPEREPRESENTATION(#18,'Body','SweptSolid',(#3734));
#3739=IFCPRODUCTDEFINITIONSHAPE($,$,(#3738));
#3740=IFCOPENINGELEMENT('3CecQhYYX2iAhGEegCBFLC',#6,'Bolt Hole',$,$,#3737,#3739,$);
#3741=IFCRELVOIDSELEMENT('0CbfSkkpv2fgJbHkJ0MscP',#6,$,$,#3571,#3740);
#3742=IFCCARTESIANPOINT((0.,0.));
#3743=IFCDIRECTION((1.,0.));
#3744=IFCAXIS2PLACEMENT2D(#3742,#3743);
#3745=IFCCIRCLEPROFILEDEF(.AREA.,$,#3744,4.5);
#3746=IFCCARTESIANPOINT((0.,0.,0.));
#3747=IFCDIRECTION((0.,0.,1.));
#3748=IFCDIRECTION((1.,0.,0.));
#3749=IFCAXIS2PLACEMENT3D(#3746,#3747,#3748);
#3750=IFCDIRECTION((0.,0.,1.));
#3751=IFCEXTRUDEDAREASOLID(#3745,#3749,#3750,127.8);
#3752=IFCCARTESIANPOINT((0.,0.,0.));
#3753=IFCAXIS2PLACEMENT3D(#3752,$,$);
#3754=IFCLOCALPLACEMENT(#3568,#3753);
#3755=IFCSHAPEREPRESENTATION(#18,'Body','SweptSolid',(#3751));
#3756=IFCPRODUCTDEFINITIONSHAPE($,$,(#3755));
#3757=IFCOPENINGELEMENT('1I268yL5rF8hU9xEc$n2Rs',#6,'Bolt Hole',$,$,#3754,#3756,$);
#3758=IFCRELVOIDSELEMENT('1oEnNyAt1069PLR87xYAAV',#6,$,$,#3571,#3757);
#3759=IFCCARTESIANPOINT((0.,0.));
#3760=IFCDIRECTION((1.,0.));
#3761=IFCAXIS2PLACEMENT2D(#3759,#3760);
#3762=IFCCIRCLEPROFILEDEF(.AREA.,$,#3761,4.5);
#3763=IFCCARTESIANPOINT((0.,0.,0.));
#3764=IFCDIRECTION((0.,0.,1.));
#3765=IFCDIRECTION((1.,0.,0.));
#3766=IFCAXIS2PLACEMENT3D(#3763,#3764,#3765);
#3767=IFCDIRECTION((0.,0.,1.));
#3768=IFCEXTRUDEDAREASOLID(#3762,#3766,#3767,127.8);
#3769=IFCCARTESIANPOINT((0.,0.,0.));
#3770=IFCAXIS2PLACEMENT3D(#3769,$,$);
#3771=IFCLOCALPLACEMENT(#3568,#3770);
#3772=IFCSHAPEREPRESENTATION(#18,'Body','SweptSolid',(#3768));
#3773=IFCPRODUCTDEFINITIONSHAPE($,$,(#3772));
#3774=IFCOPENINGELEMENT('1p4g27gh1BMPuJCZpZfnzl',#6,'Bolt Hole',$,$,#3771,#3773,$);
#3775=IFCRELVOIDSELEMENT('0M5tEtEJX8DRRTjLMRL6oT',#6,$,$,#3571,#3774);
#3776=IFCCARTESIANPOINT((0.,0.));
#3777=IFCDIRECTION((1.,0.));
#3778=IFCAXIS2PLACEMENT2D(#3776,#3777);
#3779=IFCCIRCLEPROFILEDEF(.AREA.,$,#3778,4.5);
#3780=IFCCARTESIANPOINT((0.,0.,0.));
#3781=IFCDIRECTION((0.,0.,1.));
#3782=IFCDIRECTION((1.,0.,0.));
#3783=IFCAXIS2PLACEMENT3D(#3780,#3781,#3782);
#3784=IFCDIRECTION((0.,0.,1.));
#3785=IFCEXTRUDEDAREASOLID(#3779,#3783,#3784,127.8);
#3786=IFCCARTESIANPOINT((0.,0.,0.));
#3787=IFCAXIS2PLACEMENT3D(#3786,$,$);
#3788=IFCLOCALPLACEMENT(#3568,#3787);
#3789=IFCSHAPEREPRESENTATION(#18,'Body','SweptSolid',(#3785));
#3790=IFCPRODUCTDEFINITIONSHAPE($,$,(#3789));
#3791=IFCOPENINGELEMENT('0lnoFNSmv11O74H8EgkfaY',#6,'Bolt Hole',$,$,#3788,#3790,$);
#3792=IFCRELVOIDSELEMENT('0QehHTQtL1tuNWahg_7Qk8',#6,$,$,#3571,#3791);
#3793=IFCCARTESIANPOINT((0.,0.));
#3794=IFCDIRECTION((1.,0.));
#3795=IFCAXIS2PLACEMENT2D(#3793,#3794);
#3796=IFCCIRCLEPROFILEDEF(.AREA.,$,#3795,4.5);
#3797=IFCCARTESIANPOINT((0.,0.,0.));
#3798=IFCDIRECTION((0.,0.,1.));
#3799=IFCDIRECTION((1.,0.,0.));
#3800=IFCAXIS2PLACEMENT3D(#3797,#3798,#3799);
#3801=IFCDIRECTION((0.,0.,1.));
#3802=IFCEXTRUDEDAREASOLID(#3796,#3800,#3801,127.8);
#3803=IFCCARTESIANPOINT((0.,0.,0.));
#3804=IFCAXIS2PLACEMENT3D(#3803,$,$);
#3805=IFCLOCALPLACEMENT(#3568,#3804);
#3806=IFCSHAPEREPRESENTATION(#18,'Body','SweptSolid',(#3802));
#3807=IFCPRODUCTDEFINITIONSHAPE($,$,(#3806));
#3808=IFCOPENINGELEMENT('3z6p55qbT5qu98mwtpXWfQ',#6,'Bolt Hole',$,$,#3805,#3807,$);
#3809=IFCRELVOIDSELEMENT('2QD2KcKL17N8ZhktaUBvGu',#6,$,$,#3571,#3808);
#3810=IFCCARTESIANPOINT((0.,0.));
#3811=IFCDIRECTION((1.,0.));
#3812=IFCAXIS2PLACEMENT2D(#3810,#3811);
#3813=IFCCIRCLEPROFILEDEF(.AREA.,$,#3812,4.5);
#3814=IFCCARTESIANPOINT((0.,0.,0.));
#3815=IFCDIRECTION((0.,0.,1.));
#3816=IFCDIRECTION((1.,0.,0.));
#3817=IFCAXIS2PLACEMENT3D(#3814,#3815,#3816);
#3818=IFCDIRECTION((0.,0.,1.));
#3819=IFCEXTRUDEDAREASOLID(#3813,#3817,#3818,127.8);
#3820=IFCCARTESIANPOINT((0.,0.,0.));
#3821=IFCAXIS2PLACEMENT3D(#3820,$,$);
#3822=IFCLOCALPLACEMENT(#3568,#3821);
#3823=IFCSHAPEREPRESENTATION(#18,'Body','SweptSolid',(#3819));
#3824=IFCPRODUCTDEFINITIONSHAPE($,$,(#3823));
#3825=IFCOPENINGELEMENT('1lGFsTbbfF69$uCf$86lR3',#6,'Bolt Hole',$,$,#3822,#3824,$);
#3826=IFCRELVOIDSELEMENT('0R5rlwXRX57uKkcSDcHxri',#6,$,$,#3571,#3825);
#3827=IFCCARTESIANPOINT((0.,0.));
#3828=IFCDIRECTION((1.,0.));
#3829=IFCAXIS2PLACEMENT2D(#3827,#3828);
#3830=IFCCIRCLEPROFILEDEF(.AREA.,$,#3829,4.5);
#3831=IFCCARTESIANPOINT((0.,0.,0.));
#3832=IFCDIRECTION((0.,0.,1.));
#3833=IFCDIRECTION((1.,0.,0.));
#3834=IFCAXIS2PLACEMENT3D(#3831,#3832,#3833);
#3835=IFCDIRECTION((0.,0.,1.));
#3836=IFCEXTRUDEDAREASOLID(#3830,#3834,#3835,127.8);
#3837=IFCCARTESIANPOINT((0.,0.,0.));
#3838=IFCAXIS2PLACEMENT3D(#3837,$,$);
#3839=IFCLOCALPLACEMENT(#3568,#3838);
#3840=IFCSHAPEREPRESENTATION(#18,'Body','SweptSolid',(#3836));
#3841=IFCPRODUCTDEFINITIONSHAPE($,$,(#3840));
#3842=IFCOPENINGELEMENT('3DpJJgOhjEkxcRyaiuDpR_',#6,'Bolt Hole',$,$,#3839,#3841,$);
#3843=IFCRELVOIDSELEMENT('2HWu_gQTzBnx49VyBV4GWa',#6,$,$,#3571,#3842);
#3844=IFCCARTESIANPOINT((0.,0.));
#3845=IFCDIRECTION((1.,0.));
#3846=IFCAXIS2PLACEMENT2D(#3844,#3845);
#3847=IFCCIRCLEPROFILEDEF(.AREA.,$,#3846,4.5);
#3848=IFCCARTESIANPOINT((0.,0.,0.));
#3849=IFCDIRECTION((0.,0.,1.));
#3850=IFCDIRECTION((1.,0.,0.));
#3851=IFCAXIS2PLACEMENT3D(#3848,#3849,#3850);
#3852=IFCDIRECTION((0.,0.,1.));
#3853=IFCEXTRUDEDAREASOLID(#3847,#3851,#3852,127.8);
#3854=IFCCARTESIANPOINT((0.,0.,0.));
#3855=IFCAXIS2PLACEMENT3D(#3854,$,$);
#3856=IFCLOCALPLACEMENT(#3568,#3855);
#3857=IFCSHAPEREPRESENTATION(#18,'Body','SweptSolid',(#3853));
#3858=IFCPRODUCTDEFINITIONSHAPE($,$,(#3857));
#3859=IFCOPENINGELEMENT('2rLHqNHXv00eBy7L_vydMX',#6,'Bolt Hole',$,$,#3856,#3858,$);
#3860=IFCRELVOIDSELEMENT('3ySLD60UrCCwYLaln9CQFP',#6,$,$,#3571,#3859);
#3861=IFCCARTESIANPOINT((0.,0.));
#3862=IFCDIRECTION((1.,0.));
#3863=IFCAXIS2PLACEMENT2D(#3861,#3862);
#3864=IFCCIRCLEPROFILEDEF(.AREA.,$,#3863,4.5);
#3865=IFCCARTESIANPOINT((0.,0.,0.));
#3866=IFCDIRECTION((0.,0.,1.));
#3867=IFCDIRECTION((1.,0.,0.));
#3868=IFCAXIS2PLACEMENT3D(#3865,#3866,#3867);
#3869=IFCDIRECTION((0.,0.,1.));
#3870=IFCEXTRUDEDAREASOLID(#3864,#3868,#3869,127.8);
#3871=IFCCARTESIANPOINT((0.,0.,0.));
#3872=IFCAXIS2PLACEMENT3D(#3871,$,$);
#3873=IFCLOCALPLACEMENT(#3568,#3872);
#3874=IFCSHAPEREPRESENTATION(#18,'Body','SweptSolid',(#3870));
#3875=IFCPRODUCTDEFINITIONSHAPE($,$,(#3874));
#3876=IFCOPENINGELEMENT('0edX4zOE95qwhJNMQPyOFv',#6,'Bolt Hole',$,$,#3873,#3875,$);
#3877=IFCRELVOIDSELEMENT('1p$mLcQvT4vxWBwJnWrSH4',#6,$,$,#3571,#3876);
#3878=IFCCARTESIANPOINT((0.,0.));
#3879=IFCDIRECTION((1.,0.));
#3880=IFCAXIS2PLACEMENT2D(#3878,#3879);
#3881=IFCCIRCLEPROFILEDEF(.AREA.,$,#3880,4.5);
#3882=IFCCARTESIANPOINT((0.,0.,0.));
#3883=IFCDIRECTION((0.,0.,1.));
#3884=IFCDIRECTION((1.,0.,0.));
#3885=IFCAXIS2PLACEMENT3D(#3882,#3883,#3884);
#3886=IFCDIRECTION((0.,0.,1.));
#3887=IFCEXTRUDEDAREASOLID(#3881,#3885,#3886,127.8);
#3888=IFCCARTESIANPOINT((0.,0.,0.));
#3889=IFCAXIS2PLACEMENT3D(#3888,$,$);
#3890=IFCLOCALPLACEMENT(#3568,#3889);
#3891=IFCSHAPEREPRESENTATION(#18,'Body','SweptSolid',(#3887));
#3892=IFCPRODUCTDEFINITIONSHAPE($,$,(#3891));
#3893=IFCOPENINGELEMENT('29MwVT$lz05AQUGeENn96O',#6,'Bolt Hole',$,$,#3890,#3892,$);
#3894=IFCRELVOIDSELEMENT('0tGsxItTbBbf3iRPk3zfQU',#6,$,$,#3571,#3893);
#3895=IFCCARTESIANPOINT((0.,0.));
#3896=IFCDIRECTION((1.,0.));
#3897=IFCAXIS2PLACEMENT2D(#3895,#3896);
#3898=IFCCIRCLEPROFILEDEF(.AREA.,$,#3897,4.5);
#3899=IFCCARTESIANPOINT((0.,0.,0.));
#3900=IFCDIRECTION((0.,0.,1.));
#3901=IFCDIRECTION((1.,0.,0.));
#3902=IFCAXIS2PLACEMENT3D(#3899,#3900,#3901);
#3903=IFCDIRECTION((0.,0.,1.));
#3904=IFCEXTRUDEDAREASOLID(#3898,#3902,#3903,127.8);
#3905=IFCCARTESIANPOINT((0.,0.,0.));
#3906=IFCAXIS2PLACEMENT3D(#3905,$,$);
#3907=IFCLOCALPLACEMENT(#3568,#3906);
#3908=IFCSHAPEREPRESENTATION(#18,'Body','SweptSolid',(#3904));
#3909=IFCPRODUCTDEFINITIONSHAPE($,$,(#3908));
#3910=IFCOPENINGELEMENT('3ikjXsEuH6jAcy2TMD1JmT',#6,'Bolt Hole',$,$,#3907,#3909,$);
#3911=IFCRELVOIDSELEMENT('2j0zj2JKTEXQVXpqTr71El',#6,$,$,#3571,#3910);
#3912=IFCCARTESIANPOINT((0.,0.));
#3913=IFCDIRECTION((1.,0.));
#3914=IFCAXIS2PLACEMENT2D(#3912,#3913);
#3915=IFCCIRCLEPROFILEDEF(.AREA.,$,#3914,4.5);
#3916=IFCCARTESIANPOINT((0.,0.,0.));
#3917=IFCDIRECTION((0.,0.,1.));
#3918=IFCDIRECTION((1.,0.,0.));
#3919=IFCAXIS2PLACEMENT3D(#3916,#3917,#3918);
#3920=IFCDIRECTION((0.,0.,1.));
#3921=IFCEXTRUDEDAREASOLID(#3915,#3919,#3920,127.8);
#3922=IFCCARTESIANPOINT((0.,0.,0.));
#3923=IFCAXIS2PLACEMENT3D(#3922,$,$);
#3924=IFCLOCALPLACEMENT(#3568,#3923);
#3925=IFCSHAPEREPRESENTATION(#18,'Body','SweptSolid',(#3921));
#3926=IFCPRODUCTDEFINITIONSHAPE($,$,(#3925));
#3927=IFCOPENINGELEMENT('0T$9nUyW59kA$ypDhzjcuS',#6,'Bolt Hole',$,$,#3924,#3926,$);
#3928=IFCRELVOIDSELEMENT('1xEhg$nPTCAhkdcgFGUG0a',#6,$,$,#3571,#3927);
#3929=IFCCARTESIANPOINT((0.,0.));
#3930=IFCDIRECTION((1.,0.));
#3931=IFCAXIS2PLACEMENT2D(#3929,#3930);
#3932=IFCCIRCLEPROFILEDEF(.AREA.,$,#3931,4.5);
#3933=IFCCARTESIANPOINT((0.,0.,0.));
#3934=IFCDIRECTION((0.,0.,1.));
#3935=IFCDIRECTION((1.,0.,0.));
#3936=IFCAXIS2PLACEMENT3D(#3933,#3934,#3935);
#3937=IFCDIRECTION((0.,0.,1.));
#3938=IFCEXTRUDEDAREASOLID(#3932,#3936,#3937,127.8);
#3939=IFCCARTESIANPOINT((0.,0.,0.));
#3940=IFCAXIS2PLACEMENT3D(#3939,$,$);
#3941=IFCLOCALPLACEMENT(#3568,#3940);
#3942=IFCSHAPEREPRESENTATION(#18,'Body','SweptSolid',(#3938));
#3943=IFCPRODUCTDEFINITIONSHAPE($,$,(#3942));
#3944=IFCOPENINGELEMENT('2mRlMzsbP9jfm2xdkyO27E',#6,'Bolt Hole',$,$,#3941,#3943,$);
#3945=IFCRELVOIDSELEMENT('05w8BRl1DEdurG_0XpjJc_',#6,$,$,#3571,#3944);
#3946=IFCCARTESIANPOINT((0.,0.));
#3947=IFCDIRECTION((1.,0.));
#3948=IFCAXIS2PLACEMENT2D(#3946,#3947);
#3949=IFCCIRCLEPROFILEDEF(.AREA.,$,#3948,4.5);
#3950=IFCCARTESIANPOINT((0.,0.,0.));
#3951=IFCDIRECTION((0.,0.,1.));
#3952=IFCDIRECTION((1.,0.,0.));
#3953=IFCAXIS2PLACEMENT3D(#3950,#3951,#3952);
#3954=IFCDIRECTION((0.,0.,1.));
#3955=IFCEXTRUDEDAREASOLID(#3949,#3953,#3954,127.8);
#3956=IFCCARTESIANPOINT((0.,0.,0.));
#3957=IFCAXIS2PLACEMENT3D(#3956,$,$);
#3958=IFCLOCALPLACEMENT(#3568,#3957);
#3959=IFCSHAPEREPRESENTATION(#18,'Body','SweptSolid',(#3955));
#3960=IFCPRODUCTDEFINITIONSHAPE($,$,(#3959));
#3961=IFCOPENINGELEMENT('1cRUsDzunD2eCNwfgaBRsW',#6,'Bolt Hole',$,$,#3958,#3960,$);
#3962=IFCRELVOIDSELEMENT('2NLXIK6rT1cQTC$bVBALiB',#6,$,$,#3571,#3961);
#3963=IFCCARTESIANPOINT((0.,0.));
#3964=IFCDIRECTION((1.,0.));
#3965=IFCAXIS2PLACEMENT2D(#3963,#3964);
#3966=IFCCIRCLEPROFILEDEF(.AREA.,$,#3965,4.5);
#3967=IFCCARTESIANPOINT((0.,0.,0.));
#3968=IFCDIRECTION((0.,0.,1.));
#3969=IFCDIRECTION((1.,0.,0.));
#3970=IFCAXIS2PLACEMENT3D(#3967,#3968,#3969);
#3971=IFCDIRECTION((0.,0.,1.));
#3972=IFCEXTRUDEDAREASOLID(#3966,#3970,#3971,127.8);
#3973=IFCCARTESIANPOINT((0.,0.,0.));
#3974=IFCAXIS2PLACEMENT3D(#3973,$,$);
#3975=IFCLOCALPLACEMENT(#3568,#3974);
#3976=IFCSHAPEREPRESENTATION(#18,'Body','SweptSolid',(#3972));
#3977=IFCPRODUCTDEFINITIONSHAPE($,$,(#3976));
#3978=IFCOPENINGELEMENT('1PDmf74ALEKPPtlCkDhVFi',#6,'Bolt Hole',$,$,#3975,#3977,$);
#3979=IFCRELVOIDSELEMENT('0miMMKPjf0HRZLHbB8_4i6',#6,$,$,#3571,#3978);
#3980=IFCCARTESIANPOINT((0.,0.));
#3981=IFCDIRECTION((1.,0.));
#3982=IFCAXIS2PLACEMENT2D(#3980,#3981);
#3983=IFCCIRCLEPROFILEDEF(.AREA.,$,#3982,4.5);
#3984=IFCCARTESIANPOINT((0.,0.,0.));
#3985=IFCDIRECTION((0.,0.,1.));
#3986=IFCDIRECTION((1.,0.,0.));
#3987=IFCAXIS2PLACEMENT3D(#3984,#3985,#3986);
#3988=IFCDIRECTION((0.,0.,1.));
#3989=IFCEXTRUDEDAREASOLID(#3983,#3987,#3988,127.8);
#3990=IFCCARTESIANPOINT((0.,0.,0.));
#3991=IFCAXIS2PLACEMENT3D(#3990,$,$);
#3992=IFCLOCALPLACEMENT(#3568,#3991);
#3993=IFCSHAPEREPRESENTATION(#18,'Body','SweptSolid',(#3989));
#3994=IFCPRODUCTDEFINITIONSHAPE($,$,(#3993));
#3995=IFCOPENINGELEMENT('08xJ2ihUzApgCWZrK6hs$Z',#6,'Bolt Hole',$,$,#3992,#3994,$);
#3996=IFCRELVOIDSELEMENT('0uxsqRrUf6c8YKj7bhO9Wg',#6,$,$,#3571,#3995);
#3997=IFCCARTESIANPOINT((0.,0.));
#3998=IFCDIRECTION((1.,0.));
#3999=IFCAXIS2PLACEMENT2D(#3997,#3998);
#4000=IFCCIRCLEPROFILEDEF(.AREA.,$,#3999,4.5);
#4001=IFCCARTESIANPOINT((0.,0.,0.));
#4002=IFCDIRECTION((0.,0.,1.));
#4003=IFCDIRECTION((1.,0.,0.));
#4004=IFCAXIS2PLACEMENT3D(#4001,#4002,#4003);
#4005=IFCDIRECTION((0.,0.,1.));
#4006=IFCEXTRUDEDAREASOLID(#4000,#4004,#4005,127.8);
#4007=IFCCARTESIANPOINT((0.,0.,0.));
#4008=IFCAXIS2PLACEMENT3D(#4007,$,$);
#4009=IFCLOCALPLACEMENT(#3568,#4008);
#4010=IFCSHAPEREPRESENTATION(#18,'Body','SweptSolid',(#4006));
#4011=IFCPRODUCTDEFINITIONSHAPE($,$,(#4010));
#4012=IFCOPENINGELEMENT('2hcMNcLF1F$QJb8zkPIOzf',#6,'Bolt Hole',$,$,#4009,#4011,$);
#4013=IFCRELVOIDSELEMENT('0A1Q1Vhi59$9bOlBbvEDKV',#6,$,$,#3571,#4012);
#4014=IFCCARTESIANPOINT((0.,0.));
#4015=IFCDIRECTION((1.,0.));
#4016=IFCAXIS2PLACEMENT2D(#4014,#4015);
#4017=IFCCIRCLEPROFILEDEF(.AREA.,$,#4016,4.5);
#4018=IFCCARTESIANPOINT((0.,0.,0.));
#4019=IFCDIRECTION((0.,0.,1.));
#4020=IFCDIRECTION((1.,0.,0.));
#4021=IFCAXIS2PLACEMENT3D(#4018,#4019,#4020);
#4022=IFCDIRECTION((0.,0.,1.));
#4023=IFCEXTRUDEDAREASOLID(#4017,#4021,#4022,127.8);
#4024=IFCCARTESIANPOINT((0.,0.,0.));
#4025=IFCAXIS2PLACEMENT3D(#4024,$,$);
#4026=IFCLOCALPLACEMENT(#3568,#4025);
#4027=IFCSHAPEREPRESENTATION(#18,'Body','SweptSolid',(#4023));
#4028=IFCPRODUCTDEFINITIONSHAPE($,$,(#4027));
#4029=IFCOPENINGELEMENT('1n7sP2aP1D9eRD1Jic2JbC',#6,'Bolt Hole',$,$,#4026,#4028,$);
#4030=IFCRELVOIDSELEMENT('1ffqm2oLL4zh5FiE$0tXla',#6,$,$,#3571,#4029);
#4031=IFCCARTESIANPOINT((0.,0.));
#4032=IFCDIRECTION((1.,0.));
#4033=IFCAXIS2PLACEMENT2D(#4031,#4032);
#4034=IFCCIRCLEPROFILEDEF(.AREA.,$,#4033,4.5);
#4035=IFCCARTESIANPOINT((0.,0.,0.));
#4036=IFCDIRECTION((0.,0.,1.));
#4037=IFCDIRECTION((1.,0.,0.));
#4038=IFCAXIS2PLACEMENT3D(#4035,#4036,#4037);
#4039=IFCDIRECTION((0.,0.,1.));
#4040=IFCEXTRUDEDAREASOLID(#4034,#4038,#4039,127.8);
#4041=IFCCARTESIANPOINT((0.,0.,0.));
#4042=IFCAXIS2PLACEMENT3D(#4041,$,$);
#4043=IFCLOCALPLACEMENT(#3568,#4042);
#4044=IFCSHAPEREPRESENTATION(#18,'Body','SweptSolid',(#4040));
#4045=IFCPRODUCTDEFINITIONSHAPE($,$,(#4044));
#4046=IFCOPENINGELEMENT('2tGS3bJyT5VfABSoTVNL8A',#6,'Bolt Hole',$,$,#4043,#4045,$);
#4047=IFCRELVOIDSELEMENT('0Pya7N2z96gfCw9YjWoyrc',#6,$,$,#3571,#4046);
#4048=IFCCARTESIANPOINT((0.,0.));
#4049=IFCDIRECTION((1.,0.));
#4050=IFCAXIS2PLACEMENT2D(#4048,#4049);
#4051=IFCCIRCLEPROFILEDEF(.AREA.,$,#4050,4.5);
#4052=IFCCARTESIANPOINT((0.,0.,0.));
#4053=IFCDIRECTION((0.,0.,1.));
#4054=IFCDIRECTION((1.,0.,0.));
#4055=IFCAXIS2PLACEMENT3D(#4052,#4053,#4054);
#4056=IFCDIRECTION((0.,0.,1.));
#4057=IFCEXTRUDEDAREASOLID(#4051,#4055,#4056,127.8);
#4058=IFCCARTESIANPOINT((0.,0.,0.));
#4059=IFCAXIS2PLACEMENT3D(#4058,$,$);
#4060=IFCLOCALPLACEMENT(#3568,#4059);
#4061=IFCSHAPEREPRESENTATION(#18,'Body','SweptSolid',(#4057));
#4062=IFCPRODUCTDEFINITIONSHAPE($,$,(#4061));
#4063=IFCOPENINGELEMENT('1kJKOh7DXF8eiGP$nOZSuX',#6,'Bolt Hole',$,$,#4060,#4062,$);
#4064=IFCRELVOIDSELEMENT('1uQghCMM575flHIM7h5mxs',#6,$,$,#3571,#4063);
#4065=IFCCARTESIANPOINT((0.,0.));
#4066=IFCDIRECTION((1.,0.));
#4067=IFCAXIS2PLACEMENT2D(#4065,#4066);
#4068=IFCCIRCLEPROFILEDEF(.AREA.,$,#4067,4.5);
#4069=IFCCARTESIANPOINT((0.,0.,0.));
#4070=IFCDIRECTION((0.,0.,1.));
#4071=IFCDIRECTION((1.,0.,0.));
#4072=IFCAXIS2PLACEMENT3D(#4069,#4070,#4071);
#4073=IFCDIRECTION((0.,0.,1.));
#4074=IFCEXTRUDEDAREASOLID(#4068,#4072,#4073,127.8);
#4075=IFCCARTESIANPOINT((0.,0.,0.));
#4076=IFCAXIS2PLACEMENT3D(#4075,$,$);
#4077=IFCLOCALPLACEMENT(#3568,#4076);
#4078=IFCSHAPEREPRESENTATION(#18,'Body','SweptSolid',(#4074));
#4079=IFCPRODUCTDEFINITIONSHAPE($,$,(#4078));
#4080=IFCOPENINGELEMENT('0ot4unwpD0zubJKxWjjAEt',#6,'Bolt Hole',$,$,#4077,#4079,$);
#4081=IFCRELVOIDSELEMENT('1ql0JFQSbET9w_O_na8lzn',#6,$,$,#3571,#4080);
#4082=IFCCARTESIANPOINT((0.,0.));
#4083=IFCDIRECTION((1.,0.));
#4084=IFCAXIS2PLACEMENT2D(#4082,#4083);
#4085=IFCCIRCLEPROFILEDEF(.AREA.,$,#4084,4.5);
#4086=IFCCARTESIANPOINT((0.,0.,0.));
#4087=IFCDIRECTION((0.,0.,1.));
#4088=IFCDIRECTION((1.,0.,0.));
#4089=IFCAXIS2PLACEMENT3D(#4086,#4087,#4088);
#4090=IFCDIRECTION((0.,0.,1.));
#4091=IFCEXTRUDEDAREASOLID(#4085,#4089,#4090,127.8);
#4092=IFCCARTESIANPOINT((0.,0.,0.));
#4093=IFCAXIS2PLACEMENT3D(#4092,$,$);
#4094=IFCLOCALPLACEMENT(#3568,#4093);
#4095=IFCSHAPEREPRESENTATION(#18,'Body','SweptSolid',(#4091));
#4096=IFCPRODUCTDEFINITIONSHAPE($,$,(#4095));
#4097=IFCOPENINGELEMENT('2CWq0kkYL7wOlenXJZdMjS',#6,'Bolt Hole',$,$,#4094,#4096,$);
#4098=IFCRELVOIDSELEMENT('1qdjWqvfHEuhKuLaYZbxai',#6,$,$,#3571,#4097);
#4099=IFCCARTESIANPOINT((0.,0.));
#4100=IFCDIRECTION((1.,0.));
#4101=IFCAXIS2PLACEMENT2D(#4099,#4100);
#4102=IFCCIRCLEPROFILEDEF(.AREA.,$,#4101,4.5);
#4103=IFCCARTESIANPOINT((0.,0.,0.));
#4104=IFCDIRECTION((0.,0.,1.));
#4105=IFCDIRECTION((1.,0.,0.));
#4106=IFCAXIS2PLACEMENT3D(#4103,#4104,#4105);
#4107=IFCDIRECTION((0.,0.,1.));
#4108=IFCEXTRUDEDAREASOLID(#4102,#4106,#4107,127.8);
#4109=IFCCARTESIANPOINT((0.,0.,0.));
#4110=IFCAXIS2PLACEMENT3D(#4109,$,$);
#4111=IFCLOCALPLACEMENT(#3568,#4110);
#4112=IFCSHAPEREPRESENTATION(#18,'Body','SweptSolid',(#4108));
#4113=IFCPRODUCTDEFINITIONSHAPE($,$,(#4112));
#4114=IFCOPENINGELEMENT('2jMs0_g$zFDxuAMQmwdCbZ',#6,'Bolt Hole',$,$,#4111,#4113,$);
#4115=IFCRELVOIDSELEMENT('1xRJbxHQHDvhnFJ$fDw0F2',#6,$,$,#3571,#4114);
#4116=IFCPROPERTYSINGLEVALUE('DesignCode','DesignCode',IFCLABEL('IS 800:2007'),$);
#4117=IFCPROPERTYSINGLEVALUE('ExportTime','ExportTime',IFCLABEL('2026-04-07 11:25:01'),$);
#4118=IFCPROPERTYSET('3VLYnrASf4SvznQIR_F4sx',#6,'Pset_OsdagDesignData',$,(#4116,#4117));
#4119=IFCRELDEFINESBYPROPERTIES('0sp94S_A52HumeE2NF30uj',#6,$,$,(#3571),#4118);
#4120=IFCQUANTITYLENGTH('Length','Length',$,374.6);
#4121=IFCQUANTITYLENGTH('Width','Width',$,120.45);
#4122=IFCQUANTITYLENGTH('Depth','Depth',$,14.);
#4123=IFCQUANTITYAREA('GrossArea','GrossArea',$,0.04463656995);
#4124=IFCQUANTITYVOLUME('NetVolume','NetVolume',$,0.0006249119793);
#4125=IFCQUANTITYWEIGHT('NetWeight','NetWeight',$,4.905559037505);
#4126=IFCELEMENTQUANTITY('1PXiQjn7P7m8EGwNne2LRn',#6,'Qto_PlateBaseQuantities',$,'Custom',(#4120,#4121,#4122,#4123,#4124,#4125));
#4127=IFCRELDEFINESBYPROPERTIES('2wsm2esXjEdggAA61qgHly',#6,$,$,(#3571),#4126);
#4128=IFCRELASSOCIATESMATERIAL('3mfrvde$f2NP2_9YLN85s2',#6,$,$,(#3571),#619);
#4129=IFCCARTESIANPOINT((6.5,0.));
#4130=IFCCARTESIANPOINT((3.25,5.62916512459885));
#4131=IFCCARTESIANPOINT((-3.25,5.62916512459885));
#4132=IFCCARTESIANPOINT((-6.5,7.9602041944578E-16));
#4133=IFCCARTESIANPOINT((-3.25,-5.62916512459885));
#4134=IFCCARTESIANPOINT((3.25,-5.62916512459885));
#4135=IFCCARTESIANPOINT((6.5,0.));
#4136=IFCPOLYLINE((#4129,#4130,#4131,#4132,#4133,#4134,#4135));
#4137=IFCARBITRARYCLOSEDPROFILEDEF(.AREA.,$,#4136);
#4138=IFCCARTESIANPOINT((0.,0.,0.));
#4139=IFCDIRECTION((0.,0.,1.));
#4140=IFCDIRECTION((1.,0.,0.));
#4141=IFCAXIS2PLACEMENT3D(#4138,#4139,#4140);
#4142=IFCDIRECTION((0.,0.,-1.));
#4143=IFCEXTRUDEDAREASOLID(#4137,#4141,#4142,5.3);
#4144=IFCCARTESIANPOINT((0.,0.));
#4145=IFCDIRECTION((1.,0.));
#4146=IFCAXIS2PLACEMENT2D(#4144,#4145);
#4147=IFCCIRCLEPROFILEDEF(.AREA.,$,#4146,4.);
#4148=IFCCARTESIANPOINT((0.,0.,0.));
#4149=IFCDIRECTION((0.,0.,1.));
#4150=IFCDIRECTION((1.,0.,0.));
#4151=IFCAXIS2PLACEMENT3D(#4148,#4149,#4150);
#4152=IFCDIRECTION((0.,0.,1.));
#4153=IFCEXTRUDEDAREASOLID(#4147,#4151,#4152,42.6);
#4154=IFCSHAPEREPRESENTATION(#18,'Body','SweptSolid',(#4143,#4153));
#4155=IFCCARTESIANPOINT((0.,0.,0.));
#4156=IFCDIRECTION((0.,0.,1.));
#4157=IFCDIRECTION((1.,0.,0.));
#4158=IFCAXIS2PLACEMENT3D(#4155,#4156,#4157);
#4159=IFCREPRESENTATIONMAP(#4158,#4154);
#4160=IFCDIRECTION((1.,0.,0.));
#4161=IFCDIRECTION((0.,0.,-1.));
#4162=IFCDIRECTION((0.,1.,0.));
#4163=IFCCARTESIANPOINT((-57.,-214.,787.5));
#4164=IFCCARTESIANTRANSFORMATIONOPERATOR3D(#4160,#4161,#4163,1.,#4162);
#4165=IFCMAPPEDITEM(#4159,#4164);
#4166=IFCCARTESIANPOINT((-57.,-214.,787.5));
#4167=IFCDIRECTION((0.,0.,1.));
#4168=IFCDIRECTION((1.,0.,0.));
#4169=IFCAXIS2PLACEMENT3D(#4166,#4167,#4168);
#4170=IFCLOCALPLACEMENT(#30,#4169);
#4171=IFCSHAPEREPRESENTATION(#18,'Body','MappedRepresentation',(#4165));
#4172=IFCPRODUCTDEFINITIONSHAPE($,$,(#4171));
#4173=IFCFASTENER('3UF$CG0wL2$PK4D$mW9Piy',#6,'Bolt Assembly',$,$,#4170,#4172,$);
#4174=IFCQUANTITYLENGTH('Length','Length',$,42.6);
#4175=IFCQUANTITYCOUNT('Count','Count',$,1.);
#4176=IFCELEMENTQUANTITY('0hwBvl8ej28ujL_$OFoQ6W',#6,'Qto_FastenerBaseQuantities',$,'Custom',(#4174,#4175));
#4177=IFCRELDEFINESBYPROPERTIES('19Hn8ihpzBywsAXziPwF8T',#6,$,$,(#4173),#4176);
#4178=IFCCARTESIANPOINT((6.5,0.));
#4179=IFCCARTESIANPOINT((3.25,5.62916512459885));
#4180=IFCCARTESIANPOINT((-3.25,5.62916512459885));
#4181=IFCCARTESIANPOINT((-6.5,7.9602041944578E-16));
#4182=IFCCARTESIANPOINT((-3.25,-5.62916512459885));
#4183=IFCCARTESIANPOINT((3.25,-5.62916512459885));
#4184=IFCCARTESIANPOINT((6.5,0.));
#4185=IFCPOLYLINE((#4178,#4179,#4180,#4181,#4182,#4183,#4184));
#4186=IFCARBITRARYCLOSEDPROFILEDEF(.AREA.,$,#4185);
#4187=IFCCARTESIANPOINT((0.,0.,0.));
#4188=IFCDIRECTION((0.,0.,1.));
#4189=IFCDIRECTION((1.,0.,0.));
#4190=IFCAXIS2PLACEMENT3D(#4187,#4188,#4189);
#4191=IFCDIRECTION((0.,0.,-1.));
#4192=IFCEXTRUDEDAREASOLID(#4186,#4190,#4191,5.3);
#4193=IFCCARTESIANPOINT((0.,0.));
#4194=IFCDIRECTION((1.,0.));
#4195=IFCAXIS2PLACEMENT2D(#4193,#4194);
#4196=IFCCIRCLEPROFILEDEF(.AREA.,$,#4195,4.);
#4197=IFCCARTESIANPOINT((0.,0.,0.));
#4198=IFCDIRECTION((0.,0.,1.));
#4199=IFCDIRECTION((1.,0.,0.));
#4200=IFCAXIS2PLACEMENT3D(#4197,#4198,#4199);
#4201=IFCDIRECTION((0.,0.,1.));
#4202=IFCEXTRUDEDAREASOLID(#4196,#4200,#4201,42.6);
#4203=IFCSHAPEREPRESENTATION(#18,'Body','SweptSolid',(#4192,#4202));
#4204=IFCCARTESIANPOINT((0.,0.,0.));
#4205=IFCDIRECTION((0.,0.,1.));
#4206=IFCDIRECTION((1.,0.,0.));
#4207=IFCAXIS2PLACEMENT3D(#4204,#4205,#4206);
#4208=IFCREPRESENTATIONMAP(#4207,#4203);
#4209=IFCDIRECTION((1.,0.,0.));
#4210=IFCDIRECTION((0.,0.,-1.));
#4211=IFCDIRECTION((0.,1.,0.));
#4212=IFCCARTESIANPOINT((-27.,-214.,787.5));
#4213=IFCCARTESIANTRANSFORMATIONOPERATOR3D(#4209,#4210,#4212,1.,#4211);
#4214=IFCMAPPEDITEM(#4208,#4213);
#4215=IFCCARTESIANPOINT((-27.,-214.,787.5));
#4216=IFCDIRECTION((0.,0.,1.));
#4217=IFCDIRECTION((1.,0.,0.));
#4218=IFCAXIS2PLACEMENT3D(#4215,#4216,#4217);
#4219=IFCLOCALPLACEMENT(#30,#4218);
#4220=IFCSHAPEREPRESENTATION(#18,'Body','MappedRepresentation',(#4214));
#4221=IFCPRODUCTDEFINITIONSHAPE($,$,(#4220));
#4222=IFCFASTENER('3aNlGdzBr8YhnhZsjKmxkx',#6,'Bolt Assembly',$,$,#4219,#4221,$);
#4223=IFCQUANTITYLENGTH('Length','Length',$,42.6);
#4224=IFCQUANTITYCOUNT('Count','Count',$,1.);
#4225=IFCELEMENTQUANTITY('36O7NV9Hn17vDpoDV2tYHA',#6,'Qto_FastenerBaseQuantities',$,'Custom',(#4223,#4224));
#4226=IFCRELDEFINESBYPROPERTIES('2SqOxkOAb5WPw1Rw$PBEZA',#6,$,$,(#4222),#4225);
#4227=IFCCARTESIANPOINT((6.5,0.));
#4228=IFCCARTESIANPOINT((3.25,5.62916512459885));
#4229=IFCCARTESIANPOINT((-3.25,5.62916512459885));
#4230=IFCCARTESIANPOINT((-6.5,7.9602041944578E-16));
#4231=IFCCARTESIANPOINT((-3.25,-5.62916512459885));
#4232=IFCCARTESIANPOINT((3.25,-5.62916512459885));
#4233=IFCCARTESIANPOINT((6.5,0.));
#4234=IFCPOLYLINE((#4227,#4228,#4229,#4230,#4231,#4232,#4233));
#4235=IFCARBITRARYCLOSEDPROFILEDEF(.AREA.,$,#4234);
#4236=IFCCARTESIANPOINT((0.,0.,0.));
#4237=IFCDIRECTION((0.,0.,1.));
#4238=IFCDIRECTION((1.,0.,0.));
#4239=IFCAXIS2PLACEMENT3D(#4236,#4237,#4238);
#4240=IFCDIRECTION((0.,0.,-1.));
#4241=IFCEXTRUDEDAREASOLID(#4235,#4239,#4240,5.3);
#4242=IFCCARTESIANPOINT((0.,0.));
#4243=IFCDIRECTION((1.,0.));
#4244=IFCAXIS2PLACEMENT2D(#4242,#4243);
#4245=IFCCIRCLEPROFILEDEF(.AREA.,$,#4244,4.);
#4246=IFCCARTESIANPOINT((0.,0.,0.));
#4247=IFCDIRECTION((0.,0.,1.));
#4248=IFCDIRECTION((1.,0.,0.));
#4249=IFCAXIS2PLACEMENT3D(#4246,#4247,#4248);
#4250=IFCDIRECTION((0.,0.,1.));
#4251=IFCEXTRUDEDAREASOLID(#4245,#4249,#4250,42.6);
#4252=IFCSHAPEREPRESENTATION(#18,'Body','SweptSolid',(#4241,#4251));
#4253=IFCCARTESIANPOINT((0.,0.,0.));
#4254=IFCDIRECTION((0.,0.,1.));
#4255=IFCDIRECTION((1.,0.,0.));
#4256=IFCAXIS2PLACEMENT3D(#4253,#4254,#4255);
#4257=IFCREPRESENTATIONMAP(#4256,#4252);
#4258=IFCDIRECTION((1.,0.,0.));
#4259=IFCDIRECTION((0.,0.,-1.));
#4260=IFCDIRECTION((0.,1.,0.));
#4261=IFCCARTESIANPOINT((27.,-214.,787.5));
#4262=IFCCARTESIANTRANSFORMATIONOPERATOR3D(#4258,#4259,#4261,1.,#4260);
#4263=IFCMAPPEDITEM(#4257,#4262);
#4264=IFCCARTESIANPOINT((27.,-214.,787.5));
#4265=IFCDIRECTION((0.,0.,1.));
#4266=IFCDIRECTION((1.,0.,0.));
#4267=IFCAXIS2PLACEMENT3D(#4264,#4265,#4266);
#4268=IFCLOCALPLACEMENT(#30,#4267);
#4269=IFCSHAPEREPRESENTATION(#18,'Body','MappedRepresentation',(#4263));
#4270=IFCPRODUCTDEFINITIONSHAPE($,$,(#4269));
#4271=IFCFASTENER('32mzWeLwfEpxyII$qv$Nyz',#6,'Bolt Assembly',$,$,#4268,#4270,$);
#4272=IFCQUANTITYLENGTH('Length','Length',$,42.6);
#4273=IFCQUANTITYCOUNT('Count','Count',$,1.);
#4274=IFCELEMENTQUANTITY('0Ig3tcH8T1xwqiNKoujTYd',#6,'Qto_FastenerBaseQuantities',$,'Custom',(#4272,#4273));
#4275=IFCRELDEFINESBYPROPERTIES('2vlT7K$fHB19fTYb0YRCJ0',#6,$,$,(#4271),#4274);
#4276=IFCCARTESIANPOINT((6.5,0.));
#4277=IFCCARTESIANPOINT((3.25,5.62916512459885));
#4278=IFCCARTESIANPOINT((-3.25,5.62916512459885));
#4279=IFCCARTESIANPOINT((-6.5,7.9602041944578E-16));
#4280=IFCCARTESIANPOINT((-3.25,-5.62916512459885));
#4281=IFCCARTESIANPOINT((3.25,-5.62916512459885));
#4282=IFCCARTESIANPOINT((6.5,0.));
#4283=IFCPOLYLINE((#4276,#4277,#4278,#4279,#4280,#4281,#4282));
#4284=IFCARBITRARYCLOSEDPROFILEDEF(.AREA.,$,#4283);
#4285=IFCCARTESIANPOINT((0.,0.,0.));
#4286=IFCDIRECTION((0.,0.,1.));
#4287=IFCDIRECTION((1.,0.,0.));
#4288=IFCAXIS2PLACEMENT3D(#4285,#4286,#4287);
#4289=IFCDIRECTION((0.,0.,-1.));
#4290=IFCEXTRUDEDAREASOLID(#4284,#4288,#4289,5.3);
#4291=IFCCARTESIANPOINT((0.,0.));
#4292=IFCDIRECTION((1.,0.));
#4293=IFCAXIS2PLACEMENT2D(#4291,#4292);
#4294=IFCCIRCLEPROFILEDEF(.AREA.,$,#4293,4.);
#4295=IFCCARTESIANPOINT((0.,0.,0.));
#4296=IFCDIRECTION((0.,0.,1.));
#4297=IFCDIRECTION((1.,0.,0.));
#4298=IFCAXIS2PLACEMENT3D(#4295,#4296,#4297);
#4299=IFCDIRECTION((0.,0.,1.));
#4300=IFCEXTRUDEDAREASOLID(#4294,#4298,#4299,42.6);
#4301=IFCSHAPEREPRESENTATION(#18,'Body','SweptSolid',(#4290,#4300));
#4302=IFCCARTESIANPOINT((0.,0.,0.));
#4303=IFCDIRECTION((0.,0.,1.));
#4304=IFCDIRECTION((1.,0.,0.));
#4305=IFCAXIS2PLACEMENT3D(#4302,#4303,#4304);
#4306=IFCREPRESENTATIONMAP(#4305,#4301);
#4307=IFCDIRECTION((1.,0.,0.));
#4308=IFCDIRECTION((0.,0.,-1.));
#4309=IFCDIRECTION((0.,1.,0.));
#4310=IFCCARTESIANPOINT((57.,-214.,787.5));
#4311=IFCCARTESIANTRANSFORMATIONOPERATOR3D(#4307,#4308,#4310,1.,#4309);
#4312=IFCMAPPEDITEM(#4306,#4311);
#4313=IFCCARTESIANPOINT((57.,-214.,787.5));
#4314=IFCDIRECTION((0.,0.,1.));
#4315=IFCDIRECTION((1.,0.,0.));
#4316=IFCAXIS2PLACEMENT3D(#4313,#4314,#4315);
#4317=IFCLOCALPLACEMENT(#30,#4316);
#4318=IFCSHAPEREPRESENTATION(#18,'Body','MappedRepresentation',(#4312));
#4319=IFCPRODUCTDEFINITIONSHAPE($,$,(#4318));
#4320=IFCFASTENER('0qgtzA$_P5EAdBYCsW0v2O',#6,'Bolt Assembly',$,$,#4317,#4319,$);
#4321=IFCQUANTITYLENGTH('Length','Length',$,42.6);
#4322=IFCQUANTITYCOUNT('Count','Count',$,1.);
#4323=IFCELEMENTQUANTITY('3ZZyRUITHBQA6NAGDmaT_L',#6,'Qto_FastenerBaseQuantities',$,'Custom',(#4321,#4322));
#4324=IFCRELDEFINESBYPROPERTIES('0oslWqaRz02Qe$mCMg4Tkl',#6,$,$,(#4320),#4323);
#4325=IFCCARTESIANPOINT((6.5,0.));
#4326=IFCCARTESIANPOINT((3.25,5.62916512459885));
#4327=IFCCARTESIANPOINT((-3.25,5.62916512459885));
#4328=IFCCARTESIANPOINT((-6.5,7.9602041944578E-16));
#4329=IFCCARTESIANPOINT((-3.25,-5.62916512459885));
#4330=IFCCARTESIANPOINT((3.25,-5.62916512459885));
#4331=IFCCARTESIANPOINT((6.5,0.));
#4332=IFCPOLYLINE((#4325,#4326,#4327,#4328,#4329,#4330,#4331));
#4333=IFCARBITRARYCLOSEDPROFILEDEF(.AREA.,$,#4332);
#4334=IFCCARTESIANPOINT((0.,0.,0.));
#4335=IFCDIRECTION((0.,0.,1.));
#4336=IFCDIRECTION((1.,0.,0.));
#4337=IFCAXIS2PLACEMENT3D(#4334,#4335,#4336);
#4338=IFCDIRECTION((0.,0.,-1.));
#4339=IFCEXTRUDEDAREASOLID(#4333,#4337,#4338,5.3);
#4340=IFCCARTESIANPOINT((0.,0.));
#4341=IFCDIRECTION((1.,0.));
#4342=IFCAXIS2PLACEMENT2D(#4340,#4341);
#4343=IFCCIRCLEPROFILEDEF(.AREA.,$,#4342,4.);
#4344=IFCCARTESIANPOINT((0.,0.,0.));
#4345=IFCDIRECTION((0.,0.,1.));
#4346=IFCDIRECTION((1.,0.,0.));
#4347=IFCAXIS2PLACEMENT3D(#4344,#4345,#4346);
#4348=IFCDIRECTION((0.,0.,1.));
#4349=IFCEXTRUDEDAREASOLID(#4343,#4347,#4348,42.6);
#4350=IFCSHAPEREPRESENTATION(#18,'Body','SweptSolid',(#4339,#4349));
#4351=IFCCARTESIANPOINT((0.,0.,0.));
#4352=IFCDIRECTION((0.,0.,1.));
#4353=IFCDIRECTION((1.,0.,0.));
#4354=IFCAXIS2PLACEMENT3D(#4351,#4352,#4353);
#4355=IFCREPRESENTATIONMAP(#4354,#4350);
#4356=IFCDIRECTION((1.,0.,0.));
#4357=IFCDIRECTION((0.,0.,-1.));
#4358=IFCDIRECTION((0.,1.,0.));
#4359=IFCCARTESIANPOINT((-57.,-214.,537.5));
#4360=IFCCARTESIANTRANSFORMATIONOPERATOR3D(#4356,#4357,#4359,1.,#4358);
#4361=IFCMAPPEDITEM(#4355,#4360);
#4362=IFCCARTESIANPOINT((-57.,-214.,537.5));
#4363=IFCDIRECTION((0.,0.,1.));
#4364=IFCDIRECTION((1.,0.,0.));
#4365=IFCAXIS2PLACEMENT3D(#4362,#4363,#4364);
#4366=IFCLOCALPLACEMENT(#30,#4365);
#4367=IFCSHAPEREPRESENTATION(#18,'Body','MappedRepresentation',(#4361));
#4368=IFCPRODUCTDEFINITIONSHAPE($,$,(#4367));
#4369=IFCFASTENER('0QxIvktUzB$RUIhcqeguYQ',#6,'Bolt Assembly',$,$,#4366,#4368,$);
#4370=IFCQUANTITYLENGTH('Length','Length',$,42.6);
#4371=IFCQUANTITYCOUNT('Count','Count',$,1.);
#4372=IFCELEMENTQUANTITY('0vyXbK6G90NPFNgwQy7ePr',#6,'Qto_FastenerBaseQuantities',$,'Custom',(#4370,#4371));
#4373=IFCRELDEFINESBYPROPERTIES('1tjimU0TL7N926c77GsMyl',#6,$,$,(#4369),#4372);
#4374=IFCCARTESIANPOINT((6.5,0.));
#4375=IFCCARTESIANPOINT((3.25,5.62916512459885));
#4376=IFCCARTESIANPOINT((-3.25,5.62916512459885));
#4377=IFCCARTESIANPOINT((-6.5,7.9602041944578E-16));
#4378=IFCCARTESIANPOINT((-3.25,-5.62916512459885));
#4379=IFCCARTESIANPOINT((3.25,-5.62916512459885));
#4380=IFCCARTESIANPOINT((6.5,0.));
#4381=IFCPOLYLINE((#4374,#4375,#4376,#4377,#4378,#4379,#4380));
#4382=IFCARBITRARYCLOSEDPROFILEDEF(.AREA.,$,#4381);
#4383=IFCCARTESIANPOINT((0.,0.,0.));
#4384=IFCDIRECTION((0.,0.,1.));
#4385=IFCDIRECTION((1.,0.,0.));
#4386=IFCAXIS2PLACEMENT3D(#4383,#4384,#4385);
#4387=IFCDIRECTION((0.,0.,-1.));
#4388=IFCEXTRUDEDAREASOLID(#4382,#4386,#4387,5.3);
#4389=IFCCARTESIANPOINT((0.,0.));
#4390=IFCDIRECTION((1.,0.));
#4391=IFCAXIS2PLACEMENT2D(#4389,#4390);
#4392=IFCCIRCLEPROFILEDEF(.AREA.,$,#4391,4.);
#4393=IFCCARTESIANPOINT((0.,0.,0.));
#4394=IFCDIRECTION((0.,0.,1.));
#4395=IFCDIRECTION((1.,0.,0.));
#4396=IFCAXIS2PLACEMENT3D(#4393,#4394,#4395);
#4397=IFCDIRECTION((0.,0.,1.));
#4398=IFCEXTRUDEDAREASOLID(#4392,#4396,#4397,42.6);
#4399=IFCSHAPEREPRESENTATION(#18,'Body','SweptSolid',(#4388,#4398));
#4400=IFCCARTESIANPOINT((0.,0.,0.));
#4401=IFCDIRECTION((0.,0.,1.));
#4402=IFCDIRECTION((1.,0.,0.));
#4403=IFCAXIS2PLACEMENT3D(#4400,#4401,#4402);
#4404=IFCREPRESENTATIONMAP(#4403,#4399);
#4405=IFCDIRECTION((1.,0.,0.));
#4406=IFCDIRECTION((0.,0.,-1.));
#4407=IFCDIRECTION((0.,1.,0.));
#4408=IFCCARTESIANPOINT((-27.,-214.,537.5));
#4409=IFCCARTESIANTRANSFORMATIONOPERATOR3D(#4405,#4406,#4408,1.,#4407);
#4410=IFCMAPPEDITEM(#4404,#4409);
#4411=IFCCARTESIANPOINT((-27.,-214.,537.5));
#4412=IFCDIRECTION((0.,0.,1.));
#4413=IFCDIRECTION((1.,0.,0.));
#4414=IFCAXIS2PLACEMENT3D(#4411,#4412,#4413);
#4415=IFCLOCALPLACEMENT(#30,#4414);
#4416=IFCSHAPEREPRESENTATION(#18,'Body','MappedRepresentation',(#4410));
#4417=IFCPRODUCTDEFINITIONSHAPE($,$,(#4416));
#4418=IFCFASTENER('3YtaUsQIvAX8sZYtcVWWHS',#6,'Bolt Assembly',$,$,#4415,#4417,$);
#4419=IFCQUANTITYLENGTH('Length','Length',$,42.6);
#4420=IFCQUANTITYCOUNT('Count','Count',$,1.);
#4421=IFCELEMENTQUANTITY('2XJIvyFdfFzBBh$nXQo9U6',#6,'Qto_FastenerBaseQuantities',$,'Custom',(#4419,#4420));
#4422=IFCRELDEFINESBYPROPERTIES('12vlHy4VnB7OO_2Lzrr9Zn',#6,$,$,(#4418),#4421);
#4423=IFCCARTESIANPOINT((6.5,0.));
#4424=IFCCARTESIANPOINT((3.25,5.62916512459885));
#4425=IFCCARTESIANPOINT((-3.25,5.62916512459885));
#4426=IFCCARTESIANPOINT((-6.5,7.9602041944578E-16));
#4427=IFCCARTESIANPOINT((-3.25,-5.62916512459885));
#4428=IFCCARTESIANPOINT((3.25,-5.62916512459885));
#4429=IFCCARTESIANPOINT((6.5,0.));
#4430=IFCPOLYLINE((#4423,#4424,#4425,#4426,#4427,#4428,#4429));
#4431=IFCARBITRARYCLOSEDPROFILEDEF(.AREA.,$,#4430);
#4432=IFCCARTESIANPOINT((0.,0.,0.));
#4433=IFCDIRECTION((0.,0.,1.));
#4434=IFCDIRECTION((1.,0.,0.));
#4435=IFCAXIS2PLACEMENT3D(#4432,#4433,#4434);
#4436=IFCDIRECTION((0.,0.,-1.));
#4437=IFCEXTRUDEDAREASOLID(#4431,#4435,#4436,5.3);
#4438=IFCCARTESIANPOINT((0.,0.));
#4439=IFCDIRECTION((1.,0.));
#4440=IFCAXIS2PLACEMENT2D(#4438,#4439);
#4441=IFCCIRCLEPROFILEDEF(.AREA.,$,#4440,4.);
#4442=IFCCARTESIANPOINT((0.,0.,0.));
#4443=IFCDIRECTION((0.,0.,1.));
#4444=IFCDIRECTION((1.,0.,0.));
#4445=IFCAXIS2PLACEMENT3D(#4442,#4443,#4444);
#4446=IFCDIRECTION((0.,0.,1.));
#4447=IFCEXTRUDEDAREASOLID(#4441,#4445,#4446,42.6);
#4448=IFCSHAPEREPRESENTATION(#18,'Body','SweptSolid',(#4437,#4447));
#4449=IFCCARTESIANPOINT((0.,0.,0.));
#4450=IFCDIRECTION((0.,0.,1.));
#4451=IFCDIRECTION((1.,0.,0.));
#4452=IFCAXIS2PLACEMENT3D(#4449,#4450,#4451);
#4453=IFCREPRESENTATIONMAP(#4452,#4448);
#4454=IFCDIRECTION((1.,0.,0.));
#4455=IFCDIRECTION((0.,0.,-1.));
#4456=IFCDIRECTION((0.,1.,0.));
#4457=IFCCARTESIANPOINT((27.,-214.,537.5));
#4458=IFCCARTESIANTRANSFORMATIONOPERATOR3D(#4454,#4455,#4457,1.,#4456);
#4459=IFCMAPPEDITEM(#4453,#4458);
#4460=IFCCARTESIANPOINT((27.,-214.,537.5));
#4461=IFCDIRECTION((0.,0.,1.));
#4462=IFCDIRECTION((1.,0.,0.));
#4463=IFCAXIS2PLACEMENT3D(#4460,#4461,#4462);
#4464=IFCLOCALPLACEMENT(#30,#4463);
#4465=IFCSHAPEREPRESENTATION(#18,'Body','MappedRepresentation',(#4459));
#4466=IFCPRODUCTDEFINITIONSHAPE($,$,(#4465));
#4467=IFCFASTENER('1XtIJeIJj7HOhtS8_LNY5U',#6,'Bolt Assembly',$,$,#4464,#4466,$);
#4468=IFCQUANTITYLENGTH('Length','Length',$,42.6);
#4469=IFCQUANTITYCOUNT('Count','Count',$,1.);
#4470=IFCELEMENTQUANTITY('2IPLlVJ851jul8X4LgYd9G',#6,'Qto_FastenerBaseQuantities',$,'Custom',(#4468,#4469));
#4471=IFCRELDEFINESBYPROPERTIES('0KkJZM4$P69Aoso67f_FPP',#6,$,$,(#4467),#4470);
#4472=IFCCARTESIANPOINT((6.5,0.));
#4473=IFCCARTESIANPOINT((3.25,5.62916512459885));
#4474=IFCCARTESIANPOINT((-3.25,5.62916512459885));
#4475=IFCCARTESIANPOINT((-6.5,7.9602041944578E-16));
#4476=IFCCARTESIANPOINT((-3.25,-5.62916512459885));
#4477=IFCCARTESIANPOINT((3.25,-5.62916512459885));
#4478=IFCCARTESIANPOINT((6.5,0.));
#4479=IFCPOLYLINE((#4472,#4473,#4474,#4475,#4476,#4477,#4478));
#4480=IFCARBITRARYCLOSEDPROFILEDEF(.AREA.,$,#4479);
#4481=IFCCARTESIANPOINT((0.,0.,0.));
#4482=IFCDIRECTION((0.,0.,1.));
#4483=IFCDIRECTION((1.,0.,0.));
#4484=IFCAXIS2PLACEMENT3D(#4481,#4482,#4483);
#4485=IFCDIRECTION((0.,0.,-1.));
#4486=IFCEXTRUDEDAREASOLID(#4480,#4484,#4485,5.3);
#4487=IFCCARTESIANPOINT((0.,0.));
#4488=IFCDIRECTION((1.,0.));
#4489=IFCAXIS2PLACEMENT2D(#4487,#4488);
#4490=IFCCIRCLEPROFILEDEF(.AREA.,$,#4489,4.);
#4491=IFCCARTESIANPOINT((0.,0.,0.));
#4492=IFCDIRECTION((0.,0.,1.));
#4493=IFCDIRECTION((1.,0.,0.));
#4494=IFCAXIS2PLACEMENT3D(#4491,#4492,#4493);
#4495=IFCDIRECTION((0.,0.,1.));
#4496=IFCEXTRUDEDAREASOLID(#4490,#4494,#4495,42.6);
#4497=IFCSHAPEREPRESENTATION(#18,'Body','SweptSolid',(#4486,#4496));
#4498=IFCCARTESIANPOINT((0.,0.,0.));
#4499=IFCDIRECTION((0.,0.,1.));
#4500=IFCDIRECTION((1.,0.,0.));
#4501=IFCAXIS2PLACEMENT3D(#4498,#4499,#4500);
#4502=IFCREPRESENTATIONMAP(#4501,#4497);
#4503=IFCDIRECTION((1.,0.,0.));
#4504=IFCDIRECTION((0.,0.,-1.));
#4505=IFCDIRECTION((0.,1.,0.));
#4506=IFCCARTESIANPOINT((57.,-214.,537.5));
#4507=IFCCARTESIANTRANSFORMATIONOPERATOR3D(#4503,#4504,#4506,1.,#4505);
#4508=IFCMAPPEDITEM(#4502,#4507);
#4509=IFCCARTESIANPOINT((57.,-214.,537.5));
#4510=IFCDIRECTION((0.,0.,1.));
#4511=IFCDIRECTION((1.,0.,0.));
#4512=IFCAXIS2PLACEMENT3D(#4509,#4510,#4511);
#4513=IFCLOCALPLACEMENT(#30,#4512);
#4514=IFCSHAPEREPRESENTATION(#18,'Body','MappedRepresentation',(#4508));
#4515=IFCPRODUCTDEFINITIONSHAPE($,$,(#4514));
#4516=IFCFASTENER('2NGjVWCdrFFOVtkfPfIwYJ',#6,'Bolt Assembly',$,$,#4513,#4515,$);
#4517=IFCQUANTITYLENGTH('Length','Length',$,42.6);
#4518=IFCQUANTITYCOUNT('Count','Count',$,1.);
#4519=IFCELEMENTQUANTITY('3HXCfJQ8DEwBciz5uJMPTl',#6,'Qto_FastenerBaseQuantities',$,'Custom',(#4517,#4518));
#4520=IFCRELDEFINESBYPROPERTIES('2kEO60Je18Iv5AqiByDlVy',#6,$,$,(#4516),#4519);
#4521=IFCCARTESIANPOINT((6.5,0.));
#4522=IFCCARTESIANPOINT((3.25,5.62916512459885));
#4523=IFCCARTESIANPOINT((-3.25,5.62916512459885));
#4524=IFCCARTESIANPOINT((-6.5,7.9602041944578E-16));
#4525=IFCCARTESIANPOINT((-3.25,-5.62916512459885));
#4526=IFCCARTESIANPOINT((3.25,-5.62916512459885));
#4527=IFCCARTESIANPOINT((6.5,0.));
#4528=IFCPOLYLINE((#4521,#4522,#4523,#4524,#4525,#4526,#4527));
#4529=IFCARBITRARYCLOSEDPROFILEDEF(.AREA.,$,#4528);
#4530=IFCCARTESIANPOINT((0.,0.,0.));
#4531=IFCDIRECTION((0.,0.,1.));
#4532=IFCDIRECTION((1.,0.,0.));
#4533=IFCAXIS2PLACEMENT3D(#4530,#4531,#4532);
#4534=IFCDIRECTION((0.,0.,-1.));
#4535=IFCEXTRUDEDAREASOLID(#4529,#4533,#4534,5.3);
#4536=IFCCARTESIANPOINT((0.,0.));
#4537=IFCDIRECTION((1.,0.));
#4538=IFCAXIS2PLACEMENT2D(#4536,#4537);
#4539=IFCCIRCLEPROFILEDEF(.AREA.,$,#4538,4.);
#4540=IFCCARTESIANPOINT((0.,0.,0.));
#4541=IFCDIRECTION((0.,0.,1.));
#4542=IFCDIRECTION((1.,0.,0.));
#4543=IFCAXIS2PLACEMENT3D(#4540,#4541,#4542);
#4544=IFCDIRECTION((0.,0.,1.));
#4545=IFCEXTRUDEDAREASOLID(#4539,#4543,#4544,42.6);
#4546=IFCSHAPEREPRESENTATION(#18,'Body','SweptSolid',(#4535,#4545));
#4547=IFCCARTESIANPOINT((0.,0.,0.));
#4548=IFCDIRECTION((0.,0.,1.));
#4549=IFCDIRECTION((1.,0.,0.));
#4550=IFCAXIS2PLACEMENT3D(#4547,#4548,#4549);
#4551=IFCREPRESENTATIONMAP(#4550,#4546);
#4552=IFCDIRECTION((1.,0.,0.));
#4553=IFCDIRECTION((0.,0.,-1.));
#4554=IFCDIRECTION((0.,1.,0.));
#4555=IFCCARTESIANPOINT((-57.,-214.,757.5));
#4556=IFCCARTESIANTRANSFORMATIONOPERATOR3D(#4552,#4553,#4555,1.,#4554);
#4557=IFCMAPPEDITEM(#4551,#4556);
#4558=IFCCARTESIANPOINT((-57.,-214.,757.5));
#4559=IFCDIRECTION((0.,0.,1.));
#4560=IFCDIRECTION((1.,0.,0.));
#4561=IFCAXIS2PLACEMENT3D(#4558,#4559,#4560);
#4562=IFCLOCALPLACEMENT(#30,#4561);
#4563=IFCSHAPEREPRESENTATION(#18,'Body','MappedRepresentation',(#4557));
#4564=IFCPRODUCTDEFINITIONSHAPE($,$,(#4563));
#4565=IFCFASTENER('1Hc9el68X2aQW2ag9860WG',#6,'Bolt Assembly',$,$,#4562,#4564,$);
#4566=IFCQUANTITYLENGTH('Length','Length',$,42.6);
#4567=IFCQUANTITYCOUNT('Count','Count',$,1.);
#4568=IFCELEMENTQUANTITY('3E9$C$YnLB8BNp46l9ftq5',#6,'Qto_FastenerBaseQuantities',$,'Custom',(#4566,#4567));
#4569=IFCRELDEFINESBYPROPERTIES('193H9dJ5L74wMobO8VhM0H',#6,$,$,(#4565),#4568);
#4570=IFCCARTESIANPOINT((6.5,0.));
#4571=IFCCARTESIANPOINT((3.25,5.62916512459885));
#4572=IFCCARTESIANPOINT((-3.25,5.62916512459885));
#4573=IFCCARTESIANPOINT((-6.5,7.9602041944578E-16));
#4574=IFCCARTESIANPOINT((-3.25,-5.62916512459885));
#4575=IFCCARTESIANPOINT((3.25,-5.62916512459885));
#4576=IFCCARTESIANPOINT((6.5,0.));
#4577=IFCPOLYLINE((#4570,#4571,#4572,#4573,#4574,#4575,#4576));
#4578=IFCARBITRARYCLOSEDPROFILEDEF(.AREA.,$,#4577);
#4579=IFCCARTESIANPOINT((0.,0.,0.));
#4580=IFCDIRECTION((0.,0.,1.));
#4581=IFCDIRECTION((1.,0.,0.));
#4582=IFCAXIS2PLACEMENT3D(#4579,#4580,#4581);
#4583=IFCDIRECTION((0.,0.,-1.));
#4584=IFCEXTRUDEDAREASOLID(#4578,#4582,#4583,5.3);
#4585=IFCCARTESIANPOINT((0.,0.));
#4586=IFCDIRECTION((1.,0.));
#4587=IFCAXIS2PLACEMENT2D(#4585,#4586);
#4588=IFCCIRCLEPROFILEDEF(.AREA.,$,#4587,4.);
#4589=IFCCARTESIANPOINT((0.,0.,0.));
#4590=IFCDIRECTION((0.,0.,1.));
#4591=IFCDIRECTION((1.,0.,0.));
#4592=IFCAXIS2PLACEMENT3D(#4589,#4590,#4591);
#4593=IFCDIRECTION((0.,0.,1.));
#4594=IFCEXTRUDEDAREASOLID(#4588,#4592,#4593,42.6);
#4595=IFCSHAPEREPRESENTATION(#18,'Body','SweptSolid',(#4584,#4594));
#4596=IFCCARTESIANPOINT((0.,0.,0.));
#4597=IFCDIRECTION((0.,0.,1.));
#4598=IFCDIRECTION((1.,0.,0.));
#4599=IFCAXIS2PLACEMENT3D(#4596,#4597,#4598);
#4600=IFCREPRESENTATIONMAP(#4599,#4595);
#4601=IFCDIRECTION((1.,0.,0.));
#4602=IFCDIRECTION((0.,0.,-1.));
#4603=IFCDIRECTION((0.,1.,0.));
#4604=IFCCARTESIANPOINT((-27.,-214.,757.5));
#4605=IFCCARTESIANTRANSFORMATIONOPERATOR3D(#4601,#4602,#4604,1.,#4603);
#4606=IFCMAPPEDITEM(#4600,#4605);
#4607=IFCCARTESIANPOINT((-27.,-214.,757.5));
#4608=IFCDIRECTION((0.,0.,1.));
#4609=IFCDIRECTION((1.,0.,0.));
#4610=IFCAXIS2PLACEMENT3D(#4607,#4608,#4609);
#4611=IFCLOCALPLACEMENT(#30,#4610);
#4612=IFCSHAPEREPRESENTATION(#18,'Body','MappedRepresentation',(#4606));
#4613=IFCPRODUCTDEFINITIONSHAPE($,$,(#4612));
#4614=IFCFASTENER('0QMRI7mPz4$vFaz4fAvgio',#6,'Bolt Assembly',$,$,#4611,#4613,$);
#4615=IFCQUANTITYLENGTH('Length','Length',$,42.6);
#4616=IFCQUANTITYCOUNT('Count','Count',$,1.);
#4617=IFCELEMENTQUANTITY('0T8cNUhPD909cAagpN8gTF',#6,'Qto_FastenerBaseQuantities',$,'Custom',(#4615,#4616));
#4618=IFCRELDEFINESBYPROPERTIES('3WorWpM8jDtQZ9C7Gwd_ly',#6,$,$,(#4614),#4617);
#4619=IFCCARTESIANPOINT((6.5,0.));
#4620=IFCCARTESIANPOINT((3.25,5.62916512459885));
#4621=IFCCARTESIANPOINT((-3.25,5.62916512459885));
#4622=IFCCARTESIANPOINT((-6.5,7.9602041944578E-16));
#4623=IFCCARTESIANPOINT((-3.25,-5.62916512459885));
#4624=IFCCARTESIANPOINT((3.25,-5.62916512459885));
#4625=IFCCARTESIANPOINT((6.5,0.));
#4626=IFCPOLYLINE((#4619,#4620,#4621,#4622,#4623,#4624,#4625));
#4627=IFCARBITRARYCLOSEDPROFILEDEF(.AREA.,$,#4626);
#4628=IFCCARTESIANPOINT((0.,0.,0.));
#4629=IFCDIRECTION((0.,0.,1.));
#4630=IFCDIRECTION((1.,0.,0.));
#4631=IFCAXIS2PLACEMENT3D(#4628,#4629,#4630);
#4632=IFCDIRECTION((0.,0.,-1.));
#4633=IFCEXTRUDEDAREASOLID(#4627,#4631,#4632,5.3);
#4634=IFCCARTESIANPOINT((0.,0.));
#4635=IFCDIRECTION((1.,0.));
#4636=IFCAXIS2PLACEMENT2D(#4634,#4635);
#4637=IFCCIRCLEPROFILEDEF(.AREA.,$,#4636,4.);
#4638=IFCCARTESIANPOINT((0.,0.,0.));
#4639=IFCDIRECTION((0.,0.,1.));
#4640=IFCDIRECTION((1.,0.,0.));
#4641=IFCAXIS2PLACEMENT3D(#4638,#4639,#4640);
#4642=IFCDIRECTION((0.,0.,1.));
#4643=IFCEXTRUDEDAREASOLID(#4637,#4641,#4642,42.6);
#4644=IFCSHAPEREPRESENTATION(#18,'Body','SweptSolid',(#4633,#4643));
#4645=IFCCARTESIANPOINT((0.,0.,0.));
#4646=IFCDIRECTION((0.,0.,1.));
#4647=IFCDIRECTION((1.,0.,0.));
#4648=IFCAXIS2PLACEMENT3D(#4645,#4646,#4647);
#4649=IFCREPRESENTATIONMAP(#4648,#4644);
#4650=IFCDIRECTION((1.,0.,0.));
#4651=IFCDIRECTION((0.,0.,-1.));
#4652=IFCDIRECTION((0.,1.,0.));
#4653=IFCCARTESIANPOINT((27.,-214.,757.5));
#4654=IFCCARTESIANTRANSFORMATIONOPERATOR3D(#4650,#4651,#4653,1.,#4652);
#4655=IFCMAPPEDITEM(#4649,#4654);
#4656=IFCCARTESIANPOINT((27.,-214.,757.5));
#4657=IFCDIRECTION((0.,0.,1.));
#4658=IFCDIRECTION((1.,0.,0.));
#4659=IFCAXIS2PLACEMENT3D(#4656,#4657,#4658);
#4660=IFCLOCALPLACEMENT(#30,#4659);
#4661=IFCSHAPEREPRESENTATION(#18,'Body','MappedRepresentation',(#4655));
#4662=IFCPRODUCTDEFINITIONSHAPE($,$,(#4661));
#4663=IFCFASTENER('2NSnJBUQT8kPrjyiJ57x4d',#6,'Bolt Assembly',$,$,#4660,#4662,$);
#4664=IFCQUANTITYLENGTH('Length','Length',$,42.6);
#4665=IFCQUANTITYCOUNT('Count','Count',$,1.);
#4666=IFCELEMENTQUANTITY('2VqjtaDe54uwjlKJ7bh5M2',#6,'Qto_FastenerBaseQuantities',$,'Custom',(#4664,#4665));
#4667=IFCRELDEFINESBYPROPERTIES('3NNhH138f9duAwSJzJsg1Z',#6,$,$,(#4663),#4666);
#4668=IFCCARTESIANPOINT((6.5,0.));
#4669=IFCCARTESIANPOINT((3.25,5.62916512459885));
#4670=IFCCARTESIANPOINT((-3.25,5.62916512459885));
#4671=IFCCARTESIANPOINT((-6.5,7.9602041944578E-16));
#4672=IFCCARTESIANPOINT((-3.25,-5.62916512459885));
#4673=IFCCARTESIANPOINT((3.25,-5.62916512459885));
#4674=IFCCARTESIANPOINT((6.5,0.));
#4675=IFCPOLYLINE((#4668,#4669,#4670,#4671,#4672,#4673,#4674));
#4676=IFCARBITRARYCLOSEDPROFILEDEF(.AREA.,$,#4675);
#4677=IFCCARTESIANPOINT((0.,0.,0.));
#4678=IFCDIRECTION((0.,0.,1.));
#4679=IFCDIRECTION((1.,0.,0.));
#4680=IFCAXIS2PLACEMENT3D(#4677,#4678,#4679);
#4681=IFCDIRECTION((0.,0.,-1.));
#4682=IFCEXTRUDEDAREASOLID(#4676,#4680,#4681,5.3);
#4683=IFCCARTESIANPOINT((0.,0.));
#4684=IFCDIRECTION((1.,0.));
#4685=IFCAXIS2PLACEMENT2D(#4683,#4684);
#4686=IFCCIRCLEPROFILEDEF(.AREA.,$,#4685,4.);
#4687=IFCCARTESIANPOINT((0.,0.,0.));
#4688=IFCDIRECTION((0.,0.,1.));
#4689=IFCDIRECTION((1.,0.,0.));
#4690=IFCAXIS2PLACEMENT3D(#4687,#4688,#4689);
#4691=IFCDIRECTION((0.,0.,1.));
#4692=IFCEXTRUDEDAREASOLID(#4686,#4690,#4691,42.6);
#4693=IFCSHAPEREPRESENTATION(#18,'Body','SweptSolid',(#4682,#4692));
#4694=IFCCARTESIANPOINT((0.,0.,0.));
#4695=IFCDIRECTION((0.,0.,1.));
#4696=IFCDIRECTION((1.,0.,0.));
#4697=IFCAXIS2PLACEMENT3D(#4694,#4695,#4696);
#4698=IFCREPRESENTATIONMAP(#4697,#4693);
#4699=IFCDIRECTION((1.,0.,0.));
#4700=IFCDIRECTION((0.,0.,-1.));
#4701=IFCDIRECTION((0.,1.,0.));
#4702=IFCCARTESIANPOINT((57.,-214.,757.5));
#4703=IFCCARTESIANTRANSFORMATIONOPERATOR3D(#4699,#4700,#4702,1.,#4701);
#4704=IFCMAPPEDITEM(#4698,#4703);
#4705=IFCCARTESIANPOINT((57.,-214.,757.5));
#4706=IFCDIRECTION((0.,0.,1.));
#4707=IFCDIRECTION((1.,0.,0.));
#4708=IFCAXIS2PLACEMENT3D(#4705,#4706,#4707);
#4709=IFCLOCALPLACEMENT(#30,#4708);
#4710=IFCSHAPEREPRESENTATION(#18,'Body','MappedRepresentation',(#4704));
#4711=IFCPRODUCTDEFINITIONSHAPE($,$,(#4710));
#4712=IFCFASTENER('0ltRBPaHf1ShpzkQGKc_kO',#6,'Bolt Assembly',$,$,#4709,#4711,$);
#4713=IFCQUANTITYLENGTH('Length','Length',$,42.6);
#4714=IFCQUANTITYCOUNT('Count','Count',$,1.);
#4715=IFCELEMENTQUANTITY('2ZfAmb9W10yxXJnTxQFC9e',#6,'Qto_FastenerBaseQuantities',$,'Custom',(#4713,#4714));
#4716=IFCRELDEFINESBYPROPERTIES('0eD6i9HVTF3Bm5EixjL3Nb',#6,$,$,(#4712),#4715);
#4717=IFCCARTESIANPOINT((6.5,0.));
#4718=IFCCARTESIANPOINT((3.25,5.62916512459885));
#4719=IFCCARTESIANPOINT((-3.25,5.62916512459885));
#4720=IFCCARTESIANPOINT((-6.5,7.9602041944578E-16));
#4721=IFCCARTESIANPOINT((-3.25,-5.62916512459885));
#4722=IFCCARTESIANPOINT((3.25,-5.62916512459885));
#4723=IFCCARTESIANPOINT((6.5,0.));
#4724=IFCPOLYLINE((#4717,#4718,#4719,#4720,#4721,#4722,#4723));
#4725=IFCARBITRARYCLOSEDPROFILEDEF(.AREA.,$,#4724);
#4726=IFCCARTESIANPOINT((0.,0.,0.));
#4727=IFCDIRECTION((0.,0.,1.));
#4728=IFCDIRECTION((1.,0.,0.));
#4729=IFCAXIS2PLACEMENT3D(#4726,#4727,#4728);
#4730=IFCDIRECTION((0.,0.,-1.));
#4731=IFCEXTRUDEDAREASOLID(#4725,#4729,#4730,5.3);
#4732=IFCCARTESIANPOINT((0.,0.));
#4733=IFCDIRECTION((1.,0.));
#4734=IFCAXIS2PLACEMENT2D(#4732,#4733);
#4735=IFCCIRCLEPROFILEDEF(.AREA.,$,#4734,4.);
#4736=IFCCARTESIANPOINT((0.,0.,0.));
#4737=IFCDIRECTION((0.,0.,1.));
#4738=IFCDIRECTION((1.,0.,0.));
#4739=IFCAXIS2PLACEMENT3D(#4736,#4737,#4738);
#4740=IFCDIRECTION((0.,0.,1.));
#4741=IFCEXTRUDEDAREASOLID(#4735,#4739,#4740,42.6);
#4742=IFCSHAPEREPRESENTATION(#18,'Body','SweptSolid',(#4731,#4741));
#4743=IFCCARTESIANPOINT((0.,0.,0.));
#4744=IFCDIRECTION((0.,0.,1.));
#4745=IFCDIRECTION((1.,0.,0.));
#4746=IFCAXIS2PLACEMENT3D(#4743,#4744,#4745);
#4747=IFCREPRESENTATIONMAP(#4746,#4742);
#4748=IFCDIRECTION((1.,0.,0.));
#4749=IFCDIRECTION((0.,0.,-1.));
#4750=IFCDIRECTION((0.,1.,0.));
#4751=IFCCARTESIANPOINT((-57.,-214.,567.5));
#4752=IFCCARTESIANTRANSFORMATIONOPERATOR3D(#4748,#4749,#4751,1.,#4750);
#4753=IFCMAPPEDITEM(#4747,#4752);
#4754=IFCCARTESIANPOINT((-57.,-214.,567.5));
#4755=IFCDIRECTION((0.,0.,1.));
#4756=IFCDIRECTION((1.,0.,0.));
#4757=IFCAXIS2PLACEMENT3D(#4754,#4755,#4756);
#4758=IFCLOCALPLACEMENT(#30,#4757);
#4759=IFCSHAPEREPRESENTATION(#18,'Body','MappedRepresentation',(#4753));
#4760=IFCPRODUCTDEFINITIONSHAPE($,$,(#4759));
#4761=IFCFASTENER('1riyx24sXFCgrrjryP2XXf',#6,'Bolt Assembly',$,$,#4758,#4760,$);
#4762=IFCQUANTITYLENGTH('Length','Length',$,42.6);
#4763=IFCQUANTITYCOUNT('Count','Count',$,1.);
#4764=IFCELEMENTQUANTITY('1cNdKv1EP8Dg48E3O$CZyd',#6,'Qto_FastenerBaseQuantities',$,'Custom',(#4762,#4763));
#4765=IFCRELDEFINESBYPROPERTIES('1y1kPsesz7VvUV9TXuwUkx',#6,$,$,(#4761),#4764);
#4766=IFCCARTESIANPOINT((6.5,0.));
#4767=IFCCARTESIANPOINT((3.25,5.62916512459885));
#4768=IFCCARTESIANPOINT((-3.25,5.62916512459885));
#4769=IFCCARTESIANPOINT((-6.5,7.9602041944578E-16));
#4770=IFCCARTESIANPOINT((-3.25,-5.62916512459885));
#4771=IFCCARTESIANPOINT((3.25,-5.62916512459885));
#4772=IFCCARTESIANPOINT((6.5,0.));
#4773=IFCPOLYLINE((#4766,#4767,#4768,#4769,#4770,#4771,#4772));
#4774=IFCARBITRARYCLOSEDPROFILEDEF(.AREA.,$,#4773);
#4775=IFCCARTESIANPOINT((0.,0.,0.));
#4776=IFCDIRECTION((0.,0.,1.));
#4777=IFCDIRECTION((1.,0.,0.));
#4778=IFCAXIS2PLACEMENT3D(#4775,#4776,#4777);
#4779=IFCDIRECTION((0.,0.,-1.));
#4780=IFCEXTRUDEDAREASOLID(#4774,#4778,#4779,5.3);
#4781=IFCCARTESIANPOINT((0.,0.));
#4782=IFCDIRECTION((1.,0.));
#4783=IFCAXIS2PLACEMENT2D(#4781,#4782);
#4784=IFCCIRCLEPROFILEDEF(.AREA.,$,#4783,4.);
#4785=IFCCARTESIANPOINT((0.,0.,0.));
#4786=IFCDIRECTION((0.,0.,1.));
#4787=IFCDIRECTION((1.,0.,0.));
#4788=IFCAXIS2PLACEMENT3D(#4785,#4786,#4787);
#4789=IFCDIRECTION((0.,0.,1.));
#4790=IFCEXTRUDEDAREASOLID(#4784,#4788,#4789,42.6);
#4791=IFCSHAPEREPRESENTATION(#18,'Body','SweptSolid',(#4780,#4790));
#4792=IFCCARTESIANPOINT((0.,0.,0.));
#4793=IFCDIRECTION((0.,0.,1.));
#4794=IFCDIRECTION((1.,0.,0.));
#4795=IFCAXIS2PLACEMENT3D(#4792,#4793,#4794);
#4796=IFCREPRESENTATIONMAP(#4795,#4791);
#4797=IFCDIRECTION((1.,0.,0.));
#4798=IFCDIRECTION((0.,0.,-1.));
#4799=IFCDIRECTION((0.,1.,0.));
#4800=IFCCARTESIANPOINT((-27.,-214.,567.5));
#4801=IFCCARTESIANTRANSFORMATIONOPERATOR3D(#4797,#4798,#4800,1.,#4799);
#4802=IFCMAPPEDITEM(#4796,#4801);
#4803=IFCCARTESIANPOINT((-27.,-214.,567.5));
#4804=IFCDIRECTION((0.,0.,1.));
#4805=IFCDIRECTION((1.,0.,0.));
#4806=IFCAXIS2PLACEMENT3D(#4803,#4804,#4805);
#4807=IFCLOCALPLACEMENT(#30,#4806);
#4808=IFCSHAPEREPRESENTATION(#18,'Body','MappedRepresentation',(#4802));
#4809=IFCPRODUCTDEFINITIONSHAPE($,$,(#4808));
#4810=IFCFASTENER('057ijWWW9C6veTr7OL80$K',#6,'Bolt Assembly',$,$,#4807,#4809,$);
#4811=IFCQUANTITYLENGTH('Length','Length',$,42.6);
#4812=IFCQUANTITYCOUNT('Count','Count',$,1.);
#4813=IFCELEMENTQUANTITY('1UhvNw9oT6qQ0NauztWs1m',#6,'Qto_FastenerBaseQuantities',$,'Custom',(#4811,#4812));
#4814=IFCRELDEFINESBYPROPERTIES('137WUt6j5DBwhh6O9kZG0d',#6,$,$,(#4810),#4813);
#4815=IFCCARTESIANPOINT((6.5,0.));
#4816=IFCCARTESIANPOINT((3.25,5.62916512459885));
#4817=IFCCARTESIANPOINT((-3.25,5.62916512459885));
#4818=IFCCARTESIANPOINT((-6.5,7.9602041944578E-16));
#4819=IFCCARTESIANPOINT((-3.25,-5.62916512459885));
#4820=IFCCARTESIANPOINT((3.25,-5.62916512459885));
#4821=IFCCARTESIANPOINT((6.5,0.));
#4822=IFCPOLYLINE((#4815,#4816,#4817,#4818,#4819,#4820,#4821));
#4823=IFCARBITRARYCLOSEDPROFILEDEF(.AREA.,$,#4822);
#4824=IFCCARTESIANPOINT((0.,0.,0.));
#4825=IFCDIRECTION((0.,0.,1.));
#4826=IFCDIRECTION((1.,0.,0.));
#4827=IFCAXIS2PLACEMENT3D(#4824,#4825,#4826);
#4828=IFCDIRECTION((0.,0.,-1.));
#4829=IFCEXTRUDEDAREASOLID(#4823,#4827,#4828,5.3);
#4830=IFCCARTESIANPOINT((0.,0.));
#4831=IFCDIRECTION((1.,0.));
#4832=IFCAXIS2PLACEMENT2D(#4830,#4831);
#4833=IFCCIRCLEPROFILEDEF(.AREA.,$,#4832,4.);
#4834=IFCCARTESIANPOINT((0.,0.,0.));
#4835=IFCDIRECTION((0.,0.,1.));
#4836=IFCDIRECTION((1.,0.,0.));
#4837=IFCAXIS2PLACEMENT3D(#4834,#4835,#4836);
#4838=IFCDIRECTION((0.,0.,1.));
#4839=IFCEXTRUDEDAREASOLID(#4833,#4837,#4838,42.6);
#4840=IFCSHAPEREPRESENTATION(#18,'Body','SweptSolid',(#4829,#4839));
#4841=IFCCARTESIANPOINT((0.,0.,0.));
#4842=IFCDIRECTION((0.,0.,1.));
#4843=IFCDIRECTION((1.,0.,0.));
#4844=IFCAXIS2PLACEMENT3D(#4841,#4842,#4843);
#4845=IFCREPRESENTATIONMAP(#4844,#4840);
#4846=IFCDIRECTION((1.,0.,0.));
#4847=IFCDIRECTION((0.,0.,-1.));
#4848=IFCDIRECTION((0.,1.,0.));
#4849=IFCCARTESIANPOINT((27.,-214.,567.5));
#4850=IFCCARTESIANTRANSFORMATIONOPERATOR3D(#4846,#4847,#4849,1.,#4848);
#4851=IFCMAPPEDITEM(#4845,#4850);
#4852=IFCCARTESIANPOINT((27.,-214.,567.5));
#4853=IFCDIRECTION((0.,0.,1.));
#4854=IFCDIRECTION((1.,0.,0.));
#4855=IFCAXIS2PLACEMENT3D(#4852,#4853,#4854);
#4856=IFCLOCALPLACEMENT(#30,#4855);
#4857=IFCSHAPEREPRESENTATION(#18,'Body','MappedRepresentation',(#4851));
#4858=IFCPRODUCTDEFINITIONSHAPE($,$,(#4857));
#4859=IFCFASTENER('2RrOohfW999BGRURzJU7Id',#6,'Bolt Assembly',$,$,#4856,#4858,$);
#4860=IFCQUANTITYLENGTH('Length','Length',$,42.6);
#4861=IFCQUANTITYCOUNT('Count','Count',$,1.);
#4862=IFCELEMENTQUANTITY('1w6UQOfkX2qhQK8$oqp9dD',#6,'Qto_FastenerBaseQuantities',$,'Custom',(#4860,#4861));
#4863=IFCRELDEFINESBYPROPERTIES('36OqZCC5b0TRR8AHqkf5XE',#6,$,$,(#4859),#4862);
#4864=IFCCARTESIANPOINT((6.5,0.));
#4865=IFCCARTESIANPOINT((3.25,5.62916512459885));
#4866=IFCCARTESIANPOINT((-3.25,5.62916512459885));
#4867=IFCCARTESIANPOINT((-6.5,7.9602041944578E-16));
#4868=IFCCARTESIANPOINT((-3.25,-5.62916512459885));
#4869=IFCCARTESIANPOINT((3.25,-5.62916512459885));
#4870=IFCCARTESIANPOINT((6.5,0.));
#4871=IFCPOLYLINE((#4864,#4865,#4866,#4867,#4868,#4869,#4870));
#4872=IFCARBITRARYCLOSEDPROFILEDEF(.AREA.,$,#4871);
#4873=IFCCARTESIANPOINT((0.,0.,0.));
#4874=IFCDIRECTION((0.,0.,1.));
#4875=IFCDIRECTION((1.,0.,0.));
#4876=IFCAXIS2PLACEMENT3D(#4873,#4874,#4875);
#4877=IFCDIRECTION((0.,0.,-1.));
#4878=IFCEXTRUDEDAREASOLID(#4872,#4876,#4877,5.3);
#4879=IFCCARTESIANPOINT((0.,0.));
#4880=IFCDIRECTION((1.,0.));
#4881=IFCAXIS2PLACEMENT2D(#4879,#4880);
#4882=IFCCIRCLEPROFILEDEF(.AREA.,$,#4881,4.);
#4883=IFCCARTESIANPOINT((0.,0.,0.));
#4884=IFCDIRECTION((0.,0.,1.));
#4885=IFCDIRECTION((1.,0.,0.));
#4886=IFCAXIS2PLACEMENT3D(#4883,#4884,#4885);
#4887=IFCDIRECTION((0.,0.,1.));
#4888=IFCEXTRUDEDAREASOLID(#4882,#4886,#4887,42.6);
#4889=IFCSHAPEREPRESENTATION(#18,'Body','SweptSolid',(#4878,#4888));
#4890=IFCCARTESIANPOINT((0.,0.,0.));
#4891=IFCDIRECTION((0.,0.,1.));
#4892=IFCDIRECTION((1.,0.,0.));
#4893=IFCAXIS2PLACEMENT3D(#4890,#4891,#4892);
#4894=IFCREPRESENTATIONMAP(#4893,#4889);
#4895=IFCDIRECTION((1.,0.,0.));
#4896=IFCDIRECTION((0.,0.,-1.));
#4897=IFCDIRECTION((0.,1.,0.));
#4898=IFCCARTESIANPOINT((57.,-214.,567.5));
#4899=IFCCARTESIANTRANSFORMATIONOPERATOR3D(#4895,#4896,#4898,1.,#4897);
#4900=IFCMAPPEDITEM(#4894,#4899);
#4901=IFCCARTESIANPOINT((57.,-214.,567.5));
#4902=IFCDIRECTION((0.,0.,1.));
#4903=IFCDIRECTION((1.,0.,0.));
#4904=IFCAXIS2PLACEMENT3D(#4901,#4902,#4903);
#4905=IFCLOCALPLACEMENT(#30,#4904);
#4906=IFCSHAPEREPRESENTATION(#18,'Body','MappedRepresentation',(#4900));
#4907=IFCPRODUCTDEFINITIONSHAPE($,$,(#4906));
#4908=IFCFASTENER('0S6e3Uu2XFlP4wWITIAGoQ',#6,'Bolt Assembly',$,$,#4905,#4907,$);
#4909=IFCQUANTITYLENGTH('Length','Length',$,42.6);
#4910=IFCQUANTITYCOUNT('Count','Count',$,1.);
#4911=IFCELEMENTQUANTITY('35Y9djiBDB4f6W_efFvPmw',#6,'Qto_FastenerBaseQuantities',$,'Custom',(#4909,#4910));
#4912=IFCRELDEFINESBYPROPERTIES('3Y2gPNbsr2URgDh6qC2Y_d',#6,$,$,(#4908),#4911);
#4913=IFCCARTESIANPOINT((6.5,0.));
#4914=IFCCARTESIANPOINT((3.25,5.62916512459885));
#4915=IFCCARTESIANPOINT((-3.25,5.62916512459885));
#4916=IFCCARTESIANPOINT((-6.5,7.9602041944578E-16));
#4917=IFCCARTESIANPOINT((-3.25,-5.62916512459885));
#4918=IFCCARTESIANPOINT((3.25,-5.62916512459885));
#4919=IFCCARTESIANPOINT((6.5,0.));
#4920=IFCPOLYLINE((#4913,#4914,#4915,#4916,#4917,#4918,#4919));
#4921=IFCARBITRARYCLOSEDPROFILEDEF(.AREA.,$,#4920);
#4922=IFCCARTESIANPOINT((0.,0.,0.));
#4923=IFCDIRECTION((0.,0.,1.));
#4924=IFCDIRECTION((1.,0.,0.));
#4925=IFCAXIS2PLACEMENT3D(#4922,#4923,#4924);
#4926=IFCDIRECTION((0.,0.,-1.));
#4927=IFCEXTRUDEDAREASOLID(#4921,#4925,#4926,5.3);
#4928=IFCCARTESIANPOINT((0.,0.));
#4929=IFCDIRECTION((1.,0.));
#4930=IFCAXIS2PLACEMENT2D(#4928,#4929);
#4931=IFCCIRCLEPROFILEDEF(.AREA.,$,#4930,4.);
#4932=IFCCARTESIANPOINT((0.,0.,0.));
#4933=IFCDIRECTION((0.,0.,1.));
#4934=IFCDIRECTION((1.,0.,0.));
#4935=IFCAXIS2PLACEMENT3D(#4932,#4933,#4934);
#4936=IFCDIRECTION((0.,0.,1.));
#4937=IFCEXTRUDEDAREASOLID(#4931,#4935,#4936,42.6);
#4938=IFCSHAPEREPRESENTATION(#18,'Body','SweptSolid',(#4927,#4937));
#4939=IFCCARTESIANPOINT((0.,0.,0.));
#4940=IFCDIRECTION((0.,0.,1.));
#4941=IFCDIRECTION((1.,0.,0.));
#4942=IFCAXIS2PLACEMENT3D(#4939,#4940,#4941);
#4943=IFCREPRESENTATIONMAP(#4942,#4938);
#4944=IFCDIRECTION((1.,0.,0.));
#4945=IFCDIRECTION((0.,0.,-1.));
#4946=IFCDIRECTION((0.,1.,0.));
#4947=IFCCARTESIANPOINT((-57.,-214.,727.5));
#4948=IFCCARTESIANTRANSFORMATIONOPERATOR3D(#4944,#4945,#4947,1.,#4946);
#4949=IFCMAPPEDITEM(#4943,#4948);
#4950=IFCCARTESIANPOINT((-57.,-214.,727.5));
#4951=IFCDIRECTION((0.,0.,1.));
#4952=IFCDIRECTION((1.,0.,0.));
#4953=IFCAXIS2PLACEMENT3D(#4950,#4951,#4952);
#4954=IFCLOCALPLACEMENT(#30,#4953);
#4955=IFCSHAPEREPRESENTATION(#18,'Body','MappedRepresentation',(#4949));
#4956=IFCPRODUCTDEFINITIONSHAPE($,$,(#4955));
#4957=IFCFASTENER('0VZkYyHnL6jxO$je9KuqHn',#6,'Bolt Assembly',$,$,#4954,#4956,$);
#4958=IFCQUANTITYLENGTH('Length','Length',$,42.6);
#4959=IFCQUANTITYCOUNT('Count','Count',$,1.);
#4960=IFCELEMENTQUANTITY('2QB5j87fvALhTB6BBbZCv0',#6,'Qto_FastenerBaseQuantities',$,'Custom',(#4958,#4959));
#4961=IFCRELDEFINESBYPROPERTIES('0NuhhZ34D9WeFbB75zqeLm',#6,$,$,(#4957),#4960);
#4962=IFCCARTESIANPOINT((6.5,0.));
#4963=IFCCARTESIANPOINT((3.25,5.62916512459885));
#4964=IFCCARTESIANPOINT((-3.25,5.62916512459885));
#4965=IFCCARTESIANPOINT((-6.5,7.9602041944578E-16));
#4966=IFCCARTESIANPOINT((-3.25,-5.62916512459885));
#4967=IFCCARTESIANPOINT((3.25,-5.62916512459885));
#4968=IFCCARTESIANPOINT((6.5,0.));
#4969=IFCPOLYLINE((#4962,#4963,#4964,#4965,#4966,#4967,#4968));
#4970=IFCARBITRARYCLOSEDPROFILEDEF(.AREA.,$,#4969);
#4971=IFCCARTESIANPOINT((0.,0.,0.));
#4972=IFCDIRECTION((0.,0.,1.));
#4973=IFCDIRECTION((1.,0.,0.));
#4974=IFCAXIS2PLACEMENT3D(#4971,#4972,#4973);
#4975=IFCDIRECTION((0.,0.,-1.));
#4976=IFCEXTRUDEDAREASOLID(#4970,#4974,#4975,5.3);
#4977=IFCCARTESIANPOINT((0.,0.));
#4978=IFCDIRECTION((1.,0.));
#4979=IFCAXIS2PLACEMENT2D(#4977,#4978);
#4980=IFCCIRCLEPROFILEDEF(.AREA.,$,#4979,4.);
#4981=IFCCARTESIANPOINT((0.,0.,0.));
#4982=IFCDIRECTION((0.,0.,1.));
#4983=IFCDIRECTION((1.,0.,0.));
#4984=IFCAXIS2PLACEMENT3D(#4981,#4982,#4983);
#4985=IFCDIRECTION((0.,0.,1.));
#4986=IFCEXTRUDEDAREASOLID(#4980,#4984,#4985,42.6);
#4987=IFCSHAPEREPRESENTATION(#18,'Body','SweptSolid',(#4976,#4986));
#4988=IFCCARTESIANPOINT((0.,0.,0.));
#4989=IFCDIRECTION((0.,0.,1.));
#4990=IFCDIRECTION((1.,0.,0.));
#4991=IFCAXIS2PLACEMENT3D(#4988,#4989,#4990);
#4992=IFCREPRESENTATIONMAP(#4991,#4987);
#4993=IFCDIRECTION((1.,0.,0.));
#4994=IFCDIRECTION((0.,0.,-1.));
#4995=IFCDIRECTION((0.,1.,0.));
#4996=IFCCARTESIANPOINT((-27.,-214.,727.5));
#4997=IFCCARTESIANTRANSFORMATIONOPERATOR3D(#4993,#4994,#4996,1.,#4995);
#4998=IFCMAPPEDITEM(#4992,#4997);
#4999=IFCCARTESIANPOINT((-27.,-214.,727.5));
#5000=IFCDIRECTION((0.,0.,1.));
#5001=IFCDIRECTION((1.,0.,0.));
#5002=IFCAXIS2PLACEMENT3D(#4999,#5000,#5001);
#5003=IFCLOCALPLACEMENT(#30,#5002);
#5004=IFCSHAPEREPRESENTATION(#18,'Body','MappedRepresentation',(#4998));
#5005=IFCPRODUCTDEFINITIONSHAPE($,$,(#5004));
#5006=IFCFASTENER('0_uaz_YQLAdhrpSlzEtOqv',#6,'Bolt Assembly',$,$,#5003,#5005,$);
#5007=IFCQUANTITYLENGTH('Length','Length',$,42.6);
#5008=IFCQUANTITYCOUNT('Count','Count',$,1.);
#5009=IFCELEMENTQUANTITY('2I0EHnFHb3d99lZep6KshF',#6,'Qto_FastenerBaseQuantities',$,'Custom',(#5007,#5008));
#5010=IFCRELDEFINESBYPROPERTIES('1DOTLxhr18qQIF1SO4$Plr',#6,$,$,(#5006),#5009);
#5011=IFCCARTESIANPOINT((6.5,0.));
#5012=IFCCARTESIANPOINT((3.25,5.62916512459885));
#5013=IFCCARTESIANPOINT((-3.25,5.62916512459885));
#5014=IFCCARTESIANPOINT((-6.5,7.9602041944578E-16));
#5015=IFCCARTESIANPOINT((-3.25,-5.62916512459885));
#5016=IFCCARTESIANPOINT((3.25,-5.62916512459885));
#5017=IFCCARTESIANPOINT((6.5,0.));
#5018=IFCPOLYLINE((#5011,#5012,#5013,#5014,#5015,#5016,#5017));
#5019=IFCARBITRARYCLOSEDPROFILEDEF(.AREA.,$,#5018);
#5020=IFCCARTESIANPOINT((0.,0.,0.));
#5021=IFCDIRECTION((0.,0.,1.));
#5022=IFCDIRECTION((1.,0.,0.));
#5023=IFCAXIS2PLACEMENT3D(#5020,#5021,#5022);
#5024=IFCDIRECTION((0.,0.,-1.));
#5025=IFCEXTRUDEDAREASOLID(#5019,#5023,#5024,5.3);
#5026=IFCCARTESIANPOINT((0.,0.));
#5027=IFCDIRECTION((1.,0.));
#5028=IFCAXIS2PLACEMENT2D(#5026,#5027);
#5029=IFCCIRCLEPROFILEDEF(.AREA.,$,#5028,4.);
#5030=IFCCARTESIANPOINT((0.,0.,0.));
#5031=IFCDIRECTION((0.,0.,1.));
#5032=IFCDIRECTION((1.,0.,0.));
#5033=IFCAXIS2PLACEMENT3D(#5030,#5031,#5032);
#5034=IFCDIRECTION((0.,0.,1.));
#5035=IFCEXTRUDEDAREASOLID(#5029,#5033,#5034,42.6);
#5036=IFCSHAPEREPRESENTATION(#18,'Body','SweptSolid',(#5025,#5035));
#5037=IFCCARTESIANPOINT((0.,0.,0.));
#5038=IFCDIRECTION((0.,0.,1.));
#5039=IFCDIRECTION((1.,0.,0.));
#5040=IFCAXIS2PLACEMENT3D(#5037,#5038,#5039);
#5041=IFCREPRESENTATIONMAP(#5040,#5036);
#5042=IFCDIRECTION((1.,0.,0.));
#5043=IFCDIRECTION((0.,0.,-1.));
#5044=IFCDIRECTION((0.,1.,0.));
#5045=IFCCARTESIANPOINT((27.,-214.,727.5));
#5046=IFCCARTESIANTRANSFORMATIONOPERATOR3D(#5042,#5043,#5045,1.,#5044);
#5047=IFCMAPPEDITEM(#5041,#5046);
#5048=IFCCARTESIANPOINT((27.,-214.,727.5));
#5049=IFCDIRECTION((0.,0.,1.));
#5050=IFCDIRECTION((1.,0.,0.));
#5051=IFCAXIS2PLACEMENT3D(#5048,#5049,#5050);
#5052=IFCLOCALPLACEMENT(#30,#5051);
#5053=IFCSHAPEREPRESENTATION(#18,'Body','MappedRepresentation',(#5047));
#5054=IFCPRODUCTDEFINITIONSHAPE($,$,(#5053));
#5055=IFCFASTENER('2vCbwXyuLCFPCkFdenieXB',#6,'Bolt Assembly',$,$,#5052,#5054,$);
#5056=IFCQUANTITYLENGTH('Length','Length',$,42.6);
#5057=IFCQUANTITYCOUNT('Count','Count',$,1.);
#5058=IFCELEMENTQUANTITY('1wfpY3W2TASAXKVUlz60AP',#6,'Qto_FastenerBaseQuantities',$,'Custom',(#5056,#5057));
#5059=IFCRELDEFINESBYPROPERTIES('3zv6SdK3583uFsqqoE5K0S',#6,$,$,(#5055),#5058);
#5060=IFCCARTESIANPOINT((6.5,0.));
#5061=IFCCARTESIANPOINT((3.25,5.62916512459885));
#5062=IFCCARTESIANPOINT((-3.25,5.62916512459885));
#5063=IFCCARTESIANPOINT((-6.5,7.9602041944578E-16));
#5064=IFCCARTESIANPOINT((-3.25,-5.62916512459885));
#5065=IFCCARTESIANPOINT((3.25,-5.62916512459885));
#5066=IFCCARTESIANPOINT((6.5,0.));
#5067=IFCPOLYLINE((#5060,#5061,#5062,#5063,#5064,#5065,#5066));
#5068=IFCARBITRARYCLOSEDPROFILEDEF(.AREA.,$,#5067);
#5069=IFCCARTESIANPOINT((0.,0.,0.));
#5070=IFCDIRECTION((0.,0.,1.));
#5071=IFCDIRECTION((1.,0.,0.));
#5072=IFCAXIS2PLACEMENT3D(#5069,#5070,#5071);
#5073=IFCDIRECTION((0.,0.,-1.));
#5074=IFCEXTRUDEDAREASOLID(#5068,#5072,#5073,5.3);
#5075=IFCCARTESIANPOINT((0.,0.));
#5076=IFCDIRECTION((1.,0.));
#5077=IFCAXIS2PLACEMENT2D(#5075,#5076);
#5078=IFCCIRCLEPROFILEDEF(.AREA.,$,#5077,4.);
#5079=IFCCARTESIANPOINT((0.,0.,0.));
#5080=IFCDIRECTION((0.,0.,1.));
#5081=IFCDIRECTION((1.,0.,0.));
#5082=IFCAXIS2PLACEMENT3D(#5079,#5080,#5081);
#5083=IFCDIRECTION((0.,0.,1.));
#5084=IFCEXTRUDEDAREASOLID(#5078,#5082,#5083,42.6);
#5085=IFCSHAPEREPRESENTATION(#18,'Body','SweptSolid',(#5074,#5084));
#5086=IFCCARTESIANPOINT((0.,0.,0.));
#5087=IFCDIRECTION((0.,0.,1.));
#5088=IFCDIRECTION((1.,0.,0.));
#5089=IFCAXIS2PLACEMENT3D(#5086,#5087,#5088);
#5090=IFCREPRESENTATIONMAP(#5089,#5085);
#5091=IFCDIRECTION((1.,0.,0.));
#5092=IFCDIRECTION((0.,0.,-1.));
#5093=IFCDIRECTION((0.,1.,0.));
#5094=IFCCARTESIANPOINT((57.,-214.,727.5));
#5095=IFCCARTESIANTRANSFORMATIONOPERATOR3D(#5091,#5092,#5094,1.,#5093);
#5096=IFCMAPPEDITEM(#5090,#5095);
#5097=IFCCARTESIANPOINT((57.,-214.,727.5));
#5098=IFCDIRECTION((0.,0.,1.));
#5099=IFCDIRECTION((1.,0.,0.));
#5100=IFCAXIS2PLACEMENT3D(#5097,#5098,#5099);
#5101=IFCLOCALPLACEMENT(#30,#5100);
#5102=IFCSHAPEREPRESENTATION(#18,'Body','MappedRepresentation',(#5096));
#5103=IFCPRODUCTDEFINITIONSHAPE($,$,(#5102));
#5104=IFCFASTENER('1oh77dlzP2owHMPqoeYY0c',#6,'Bolt Assembly',$,$,#5101,#5103,$);
#5105=IFCQUANTITYLENGTH('Length','Length',$,42.6);
#5106=IFCQUANTITYCOUNT('Count','Count',$,1.);
#5107=IFCELEMENTQUANTITY('1ZuwV5BGjD7x8adI_b95v6',#6,'Qto_FastenerBaseQuantities',$,'Custom',(#5105,#5106));
#5108=IFCRELDEFINESBYPROPERTIES('24dkkV349FJeDIaEWZ1PSw',#6,$,$,(#5104),#5107);
#5109=IFCCARTESIANPOINT((6.5,0.));
#5110=IFCCARTESIANPOINT((3.25,5.62916512459885));
#5111=IFCCARTESIANPOINT((-3.25,5.62916512459885));
#5112=IFCCARTESIANPOINT((-6.5,7.9602041944578E-16));
#5113=IFCCARTESIANPOINT((-3.25,-5.62916512459885));
#5114=IFCCARTESIANPOINT((3.25,-5.62916512459885));
#5115=IFCCARTESIANPOINT((6.5,0.));
#5116=IFCPOLYLINE((#5109,#5110,#5111,#5112,#5113,#5114,#5115));
#5117=IFCARBITRARYCLOSEDPROFILEDEF(.AREA.,$,#5116);
#5118=IFCCARTESIANPOINT((0.,0.,0.));
#5119=IFCDIRECTION((0.,0.,1.));
#5120=IFCDIRECTION((1.,0.,0.));
#5121=IFCAXIS2PLACEMENT3D(#5118,#5119,#5120);
#5122=IFCDIRECTION((0.,0.,-1.));
#5123=IFCEXTRUDEDAREASOLID(#5117,#5121,#5122,5.3);
#5124=IFCCARTESIANPOINT((0.,0.));
#5125=IFCDIRECTION((1.,0.));
#5126=IFCAXIS2PLACEMENT2D(#5124,#5125);
#5127=IFCCIRCLEPROFILEDEF(.AREA.,$,#5126,4.);
#5128=IFCCARTESIANPOINT((0.,0.,0.));
#5129=IFCDIRECTION((0.,0.,1.));
#5130=IFCDIRECTION((1.,0.,0.));
#5131=IFCAXIS2PLACEMENT3D(#5128,#5129,#5130);
#5132=IFCDIRECTION((0.,0.,1.));
#5133=IFCEXTRUDEDAREASOLID(#5127,#5131,#5132,42.6);
#5134=IFCSHAPEREPRESENTATION(#18,'Body','SweptSolid',(#5123,#5133));
#5135=IFCCARTESIANPOINT((0.,0.,0.));
#5136=IFCDIRECTION((0.,0.,1.));
#5137=IFCDIRECTION((1.,0.,0.));
#5138=IFCAXIS2PLACEMENT3D(#5135,#5136,#5137);
#5139=IFCREPRESENTATIONMAP(#5138,#5134);
#5140=IFCDIRECTION((1.,0.,0.));
#5141=IFCDIRECTION((0.,0.,-1.));
#5142=IFCDIRECTION((0.,1.,0.));
#5143=IFCCARTESIANPOINT((-57.,-214.,597.5));
#5144=IFCCARTESIANTRANSFORMATIONOPERATOR3D(#5140,#5141,#5143,1.,#5142);
#5145=IFCMAPPEDITEM(#5139,#5144);
#5146=IFCCARTESIANPOINT((-57.,-214.,597.5));
#5147=IFCDIRECTION((0.,0.,1.));
#5148=IFCDIRECTION((1.,0.,0.));
#5149=IFCAXIS2PLACEMENT3D(#5146,#5147,#5148);
#5150=IFCLOCALPLACEMENT(#30,#5149);
#5151=IFCSHAPEREPRESENTATION(#18,'Body','MappedRepresentation',(#5145));
#5152=IFCPRODUCTDEFINITIONSHAPE($,$,(#5151));
#5153=IFCFASTENER('0DqFnr7Cn25vI4cWxUE5Re',#6,'Bolt Assembly',$,$,#5150,#5152,$);
#5154=IFCQUANTITYLENGTH('Length','Length',$,42.6);
#5155=IFCQUANTITYCOUNT('Count','Count',$,1.);
#5156=IFCELEMENTQUANTITY('31LV2DkLr11h8TWZHQKH_u',#6,'Qto_FastenerBaseQuantities',$,'Custom',(#5154,#5155));
#5157=IFCRELDEFINESBYPROPERTIES('3fYfQC$FnFNuyXsE8Q3ICG',#6,$,$,(#5153),#5156);
#5158=IFCCARTESIANPOINT((6.5,0.));
#5159=IFCCARTESIANPOINT((3.25,5.62916512459885));
#5160=IFCCARTESIANPOINT((-3.25,5.62916512459885));
#5161=IFCCARTESIANPOINT((-6.5,7.9602041944578E-16));
#5162=IFCCARTESIANPOINT((-3.25,-5.62916512459885));
#5163=IFCCARTESIANPOINT((3.25,-5.62916512459885));
#5164=IFCCARTESIANPOINT((6.5,0.));
#5165=IFCPOLYLINE((#5158,#5159,#5160,#5161,#5162,#5163,#5164));
#5166=IFCARBITRARYCLOSEDPROFILEDEF(.AREA.,$,#5165);
#5167=IFCCARTESIANPOINT((0.,0.,0.));
#5168=IFCDIRECTION((0.,0.,1.));
#5169=IFCDIRECTION((1.,0.,0.));
#5170=IFCAXIS2PLACEMENT3D(#5167,#5168,#5169);
#5171=IFCDIRECTION((0.,0.,-1.));
#5172=IFCEXTRUDEDAREASOLID(#5166,#5170,#5171,5.3);
#5173=IFCCARTESIANPOINT((0.,0.));
#5174=IFCDIRECTION((1.,0.));
#5175=IFCAXIS2PLACEMENT2D(#5173,#5174);
#5176=IFCCIRCLEPROFILEDEF(.AREA.,$,#5175,4.);
#5177=IFCCARTESIANPOINT((0.,0.,0.));
#5178=IFCDIRECTION((0.,0.,1.));
#5179=IFCDIRECTION((1.,0.,0.));
#5180=IFCAXIS2PLACEMENT3D(#5177,#5178,#5179);
#5181=IFCDIRECTION((0.,0.,1.));
#5182=IFCEXTRUDEDAREASOLID(#5176,#5180,#5181,42.6);
#5183=IFCSHAPEREPRESENTATION(#18,'Body','SweptSolid',(#5172,#5182));
#5184=IFCCARTESIANPOINT((0.,0.,0.));
#5185=IFCDIRECTION((0.,0.,1.));
#5186=IFCDIRECTION((1.,0.,0.));
#5187=IFCAXIS2PLACEMENT3D(#5184,#5185,#5186);
#5188=IFCREPRESENTATIONMAP(#5187,#5183);
#5189=IFCDIRECTION((1.,0.,0.));
#5190=IFCDIRECTION((0.,0.,-1.));
#5191=IFCDIRECTION((0.,1.,0.));
#5192=IFCCARTESIANPOINT((-27.,-214.,597.5));
#5193=IFCCARTESIANTRANSFORMATIONOPERATOR3D(#5189,#5190,#5192,1.,#5191);
#5194=IFCMAPPEDITEM(#5188,#5193);
#5195=IFCCARTESIANPOINT((-27.,-214.,597.5));
#5196=IFCDIRECTION((0.,0.,1.));
#5197=IFCDIRECTION((1.,0.,0.));
#5198=IFCAXIS2PLACEMENT3D(#5195,#5196,#5197);
#5199=IFCLOCALPLACEMENT(#30,#5198);
#5200=IFCSHAPEREPRESENTATION(#18,'Body','MappedRepresentation',(#5194));
#5201=IFCPRODUCTDEFINITIONSHAPE($,$,(#5200));
#5202=IFCFASTENER('1BDca4NYD6z83W7kJDiXtP',#6,'Bolt Assembly',$,$,#5199,#5201,$);
#5203=IFCQUANTITYLENGTH('Length','Length',$,42.6);
#5204=IFCQUANTITYCOUNT('Count','Count',$,1.);
#5205=IFCELEMENTQUANTITY('2_5z1PiMr4o9MlPyt_ipNx',#6,'Qto_FastenerBaseQuantities',$,'Custom',(#5203,#5204));
#5206=IFCRELDEFINESBYPROPERTIES('0NPy1_Lev2MeTZMUemyIMj',#6,$,$,(#5202),#5205);
#5207=IFCCARTESIANPOINT((6.5,0.));
#5208=IFCCARTESIANPOINT((3.25,5.62916512459885));
#5209=IFCCARTESIANPOINT((-3.25,5.62916512459885));
#5210=IFCCARTESIANPOINT((-6.5,7.9602041944578E-16));
#5211=IFCCARTESIANPOINT((-3.25,-5.62916512459885));
#5212=IFCCARTESIANPOINT((3.25,-5.62916512459885));
#5213=IFCCARTESIANPOINT((6.5,0.));
#5214=IFCPOLYLINE((#5207,#5208,#5209,#5210,#5211,#5212,#5213));
#5215=IFCARBITRARYCLOSEDPROFILEDEF(.AREA.,$,#5214);
#5216=IFCCARTESIANPOINT((0.,0.,0.));
#5217=IFCDIRECTION((0.,0.,1.));
#5218=IFCDIRECTION((1.,0.,0.));
#5219=IFCAXIS2PLACEMENT3D(#5216,#5217,#5218);
#5220=IFCDIRECTION((0.,0.,-1.));
#5221=IFCEXTRUDEDAREASOLID(#5215,#5219,#5220,5.3);
#5222=IFCCARTESIANPOINT((0.,0.));
#5223=IFCDIRECTION((1.,0.));
#5224=IFCAXIS2PLACEMENT2D(#5222,#5223);
#5225=IFCCIRCLEPROFILEDEF(.AREA.,$,#5224,4.);
#5226=IFCCARTESIANPOINT((0.,0.,0.));
#5227=IFCDIRECTION((0.,0.,1.));
#5228=IFCDIRECTION((1.,0.,0.));
#5229=IFCAXIS2PLACEMENT3D(#5226,#5227,#5228);
#5230=IFCDIRECTION((0.,0.,1.));
#5231=IFCEXTRUDEDAREASOLID(#5225,#5229,#5230,42.6);
#5232=IFCSHAPEREPRESENTATION(#18,'Body','SweptSolid',(#5221,#5231));
#5233=IFCCARTESIANPOINT((0.,0.,0.));
#5234=IFCDIRECTION((0.,0.,1.));
#5235=IFCDIRECTION((1.,0.,0.));
#5236=IFCAXIS2PLACEMENT3D(#5233,#5234,#5235);
#5237=IFCREPRESENTATIONMAP(#5236,#5232);
#5238=IFCDIRECTION((1.,0.,0.));
#5239=IFCDIRECTION((0.,0.,-1.));
#5240=IFCDIRECTION((0.,1.,0.));
#5241=IFCCARTESIANPOINT((27.,-214.,597.5));
#5242=IFCCARTESIANTRANSFORMATIONOPERATOR3D(#5238,#5239,#5241,1.,#5240);
#5243=IFCMAPPEDITEM(#5237,#5242);
#5244=IFCCARTESIANPOINT((27.,-214.,597.5));
#5245=IFCDIRECTION((0.,0.,1.));
#5246=IFCDIRECTION((1.,0.,0.));
#5247=IFCAXIS2PLACEMENT3D(#5244,#5245,#5246);
#5248=IFCLOCALPLACEMENT(#30,#5247);
#5249=IFCSHAPEREPRESENTATION(#18,'Body','MappedRepresentation',(#5243));
#5250=IFCPRODUCTDEFINITIONSHAPE($,$,(#5249));
#5251=IFCFASTENER('1cNAjS3HL9MBi25oMUFQaq',#6,'Bolt Assembly',$,$,#5248,#5250,$);
#5252=IFCQUANTITYLENGTH('Length','Length',$,42.6);
#5253=IFCQUANTITYCOUNT('Count','Count',$,1.);
#5254=IFCELEMENTQUANTITY('38gsURIGP20fJcBEa9s7X1',#6,'Qto_FastenerBaseQuantities',$,'Custom',(#5252,#5253));
#5255=IFCRELDEFINESBYPROPERTIES('1lyLlVJLTCwBlSBRJctWS9',#6,$,$,(#5251),#5254);
#5256=IFCCARTESIANPOINT((6.5,0.));
#5257=IFCCARTESIANPOINT((3.25,5.62916512459885));
#5258=IFCCARTESIANPOINT((-3.25,5.62916512459885));
#5259=IFCCARTESIANPOINT((-6.5,7.9602041944578E-16));
#5260=IFCCARTESIANPOINT((-3.25,-5.62916512459885));
#5261=IFCCARTESIANPOINT((3.25,-5.62916512459885));
#5262=IFCCARTESIANPOINT((6.5,0.));
#5263=IFCPOLYLINE((#5256,#5257,#5258,#5259,#5260,#5261,#5262));
#5264=IFCARBITRARYCLOSEDPROFILEDEF(.AREA.,$,#5263);
#5265=IFCCARTESIANPOINT((0.,0.,0.));
#5266=IFCDIRECTION((0.,0.,1.));
#5267=IFCDIRECTION((1.,0.,0.));
#5268=IFCAXIS2PLACEMENT3D(#5265,#5266,#5267);
#5269=IFCDIRECTION((0.,0.,-1.));
#5270=IFCEXTRUDEDAREASOLID(#5264,#5268,#5269,5.3);
#5271=IFCCARTESIANPOINT((0.,0.));
#5272=IFCDIRECTION((1.,0.));
#5273=IFCAXIS2PLACEMENT2D(#5271,#5272);
#5274=IFCCIRCLEPROFILEDEF(.AREA.,$,#5273,4.);
#5275=IFCCARTESIANPOINT((0.,0.,0.));
#5276=IFCDIRECTION((0.,0.,1.));
#5277=IFCDIRECTION((1.,0.,0.));
#5278=IFCAXIS2PLACEMENT3D(#5275,#5276,#5277);
#5279=IFCDIRECTION((0.,0.,1.));
#5280=IFCEXTRUDEDAREASOLID(#5274,#5278,#5279,42.6);
#5281=IFCSHAPEREPRESENTATION(#18,'Body','SweptSolid',(#5270,#5280));
#5282=IFCCARTESIANPOINT((0.,0.,0.));
#5283=IFCDIRECTION((0.,0.,1.));
#5284=IFCDIRECTION((1.,0.,0.));
#5285=IFCAXIS2PLACEMENT3D(#5282,#5283,#5284);
#5286=IFCREPRESENTATIONMAP(#5285,#5281);
#5287=IFCDIRECTION((1.,0.,0.));
#5288=IFCDIRECTION((0.,0.,-1.));
#5289=IFCDIRECTION((0.,1.,0.));
#5290=IFCCARTESIANPOINT((57.,-214.,597.5));
#5291=IFCCARTESIANTRANSFORMATIONOPERATOR3D(#5287,#5288,#5290,1.,#5289);
#5292=IFCMAPPEDITEM(#5286,#5291);
#5293=IFCCARTESIANPOINT((57.,-214.,597.5));
#5294=IFCDIRECTION((0.,0.,1.));
#5295=IFCDIRECTION((1.,0.,0.));
#5296=IFCAXIS2PLACEMENT3D(#5293,#5294,#5295);
#5297=IFCLOCALPLACEMENT(#30,#5296);
#5298=IFCSHAPEREPRESENTATION(#18,'Body','MappedRepresentation',(#5292));
#5299=IFCPRODUCTDEFINITIONSHAPE($,$,(#5298));
#5300=IFCFASTENER('3irQk00bX6HPScYNnl_L_1',#6,'Bolt Assembly',$,$,#5297,#5299,$);
#5301=IFCQUANTITYLENGTH('Length','Length',$,42.6);
#5302=IFCQUANTITYCOUNT('Count','Count',$,1.);
#5303=IFCELEMENTQUANTITY('0$wod$lND6XQvQXKpADJ4r',#6,'Qto_FastenerBaseQuantities',$,'Custom',(#5301,#5302));
#5304=IFCRELDEFINESBYPROPERTIES('2RG3_tXdTDux96zmi42zWF',#6,$,$,(#5300),#5303);
#5305=IFCCARTESIANPOINT((6.5,0.));
#5306=IFCCARTESIANPOINT((3.25,5.62916512459885));
#5307=IFCCARTESIANPOINT((-3.25,5.62916512459885));
#5308=IFCCARTESIANPOINT((-6.5,7.9602041944578E-16));
#5309=IFCCARTESIANPOINT((-3.25,-5.62916512459885));
#5310=IFCCARTESIANPOINT((3.25,-5.62916512459885));
#5311=IFCCARTESIANPOINT((6.5,0.));
#5312=IFCPOLYLINE((#5305,#5306,#5307,#5308,#5309,#5310,#5311));
#5313=IFCARBITRARYCLOSEDPROFILEDEF(.AREA.,$,#5312);
#5314=IFCCARTESIANPOINT((0.,0.,0.));
#5315=IFCDIRECTION((0.,0.,1.));
#5316=IFCDIRECTION((1.,0.,0.));
#5317=IFCAXIS2PLACEMENT3D(#5314,#5315,#5316);
#5318=IFCDIRECTION((0.,0.,-1.));
#5319=IFCEXTRUDEDAREASOLID(#5313,#5317,#5318,5.3);
#5320=IFCCARTESIANPOINT((0.,0.));
#5321=IFCDIRECTION((1.,0.));
#5322=IFCAXIS2PLACEMENT2D(#5320,#5321);
#5323=IFCCIRCLEPROFILEDEF(.AREA.,$,#5322,4.);
#5324=IFCCARTESIANPOINT((0.,0.,0.));
#5325=IFCDIRECTION((0.,0.,1.));
#5326=IFCDIRECTION((1.,0.,0.));
#5327=IFCAXIS2PLACEMENT3D(#5324,#5325,#5326);
#5328=IFCDIRECTION((0.,0.,1.));
#5329=IFCEXTRUDEDAREASOLID(#5323,#5327,#5328,42.6);
#5330=IFCSHAPEREPRESENTATION(#18,'Body','SweptSolid',(#5319,#5329));
#5331=IFCCARTESIANPOINT((0.,0.,0.));
#5332=IFCDIRECTION((0.,0.,1.));
#5333=IFCDIRECTION((1.,0.,0.));
#5334=IFCAXIS2PLACEMENT3D(#5331,#5332,#5333);
#5335=IFCREPRESENTATIONMAP(#5334,#5330);
#5336=IFCDIRECTION((1.,0.,0.));
#5337=IFCDIRECTION((0.,0.,-1.));
#5338=IFCDIRECTION((0.,1.,0.));
#5339=IFCCARTESIANPOINT((-57.,-214.,697.5));
#5340=IFCCARTESIANTRANSFORMATIONOPERATOR3D(#5336,#5337,#5339,1.,#5338);
#5341=IFCMAPPEDITEM(#5335,#5340);
#5342=IFCCARTESIANPOINT((-57.,-214.,697.5));
#5343=IFCDIRECTION((0.,0.,1.));
#5344=IFCDIRECTION((1.,0.,0.));
#5345=IFCAXIS2PLACEMENT3D(#5342,#5343,#5344);
#5346=IFCLOCALPLACEMENT(#30,#5345);
#5347=IFCSHAPEREPRESENTATION(#18,'Body','MappedRepresentation',(#5341));
#5348=IFCPRODUCTDEFINITIONSHAPE($,$,(#5347));
#5349=IFCFASTENER('0nqh_2R_5798$Ti66sw0ek',#6,'Bolt Assembly',$,$,#5346,#5348,$);
#5350=IFCQUANTITYLENGTH('Length','Length',$,42.6);
#5351=IFCQUANTITYCOUNT('Count','Count',$,1.);
#5352=IFCELEMENTQUANTITY('3vYeidcI9FnPGTWzdIWj1H',#6,'Qto_FastenerBaseQuantities',$,'Custom',(#5350,#5351));
#5353=IFCRELDEFINESBYPROPERTIES('1DplJGtqP7cQMZKhQ5hsBA',#6,$,$,(#5349),#5352);
#5354=IFCCARTESIANPOINT((6.5,0.));
#5355=IFCCARTESIANPOINT((3.25,5.62916512459885));
#5356=IFCCARTESIANPOINT((-3.25,5.62916512459885));
#5357=IFCCARTESIANPOINT((-6.5,7.9602041944578E-16));
#5358=IFCCARTESIANPOINT((-3.25,-5.62916512459885));
#5359=IFCCARTESIANPOINT((3.25,-5.62916512459885));
#5360=IFCCARTESIANPOINT((6.5,0.));
#5361=IFCPOLYLINE((#5354,#5355,#5356,#5357,#5358,#5359,#5360));
#5362=IFCARBITRARYCLOSEDPROFILEDEF(.AREA.,$,#5361);
#5363=IFCCARTESIANPOINT((0.,0.,0.));
#5364=IFCDIRECTION((0.,0.,1.));
#5365=IFCDIRECTION((1.,0.,0.));
#5366=IFCAXIS2PLACEMENT3D(#5363,#5364,#5365);
#5367=IFCDIRECTION((0.,0.,-1.));
#5368=IFCEXTRUDEDAREASOLID(#5362,#5366,#5367,5.3);
#5369=IFCCARTESIANPOINT((0.,0.));
#5370=IFCDIRECTION((1.,0.));
#5371=IFCAXIS2PLACEMENT2D(#5369,#5370);
#5372=IFCCIRCLEPROFILEDEF(.AREA.,$,#5371,4.);
#5373=IFCCARTESIANPOINT((0.,0.,0.));
#5374=IFCDIRECTION((0.,0.,1.));
#5375=IFCDIRECTION((1.,0.,0.));
#5376=IFCAXIS2PLACEMENT3D(#5373,#5374,#5375);
#5377=IFCDIRECTION((0.,0.,1.));
#5378=IFCEXTRUDEDAREASOLID(#5372,#5376,#5377,42.6);
#5379=IFCSHAPEREPRESENTATION(#18,'Body','SweptSolid',(#5368,#5378));
#5380=IFCCARTESIANPOINT((0.,0.,0.));
#5381=IFCDIRECTION((0.,0.,1.));
#5382=IFCDIRECTION((1.,0.,0.));
#5383=IFCAXIS2PLACEMENT3D(#5380,#5381,#5382);
#5384=IFCREPRESENTATIONMAP(#5383,#5379);
#5385=IFCDIRECTION((1.,0.,0.));
#5386=IFCDIRECTION((0.,0.,-1.));
#5387=IFCDIRECTION((0.,1.,0.));
#5388=IFCCARTESIANPOINT((-27.,-214.,697.5));
#5389=IFCCARTESIANTRANSFORMATIONOPERATOR3D(#5385,#5386,#5388,1.,#5387);
#5390=IFCMAPPEDITEM(#5384,#5389);
#5391=IFCCARTESIANPOINT((-27.,-214.,697.5));
#5392=IFCDIRECTION((0.,0.,1.));
#5393=IFCDIRECTION((1.,0.,0.));
#5394=IFCAXIS2PLACEMENT3D(#5391,#5392,#5393);
#5395=IFCLOCALPLACEMENT(#30,#5394);
#5396=IFCSHAPEREPRESENTATION(#18,'Body','MappedRepresentation',(#5390));
#5397=IFCPRODUCTDEFINITIONSHAPE($,$,(#5396));
#5398=IFCFASTENER('05lGFoivz5Y9CIClANkxg7',#6,'Bolt Assembly',$,$,#5395,#5397,$);
#5399=IFCQUANTITYLENGTH('Length','Length',$,42.6);
#5400=IFCQUANTITYCOUNT('Count','Count',$,1.);
#5401=IFCELEMENTQUANTITY('3$uf6CCbPAqQRp5NGMjTIF',#6,'Qto_FastenerBaseQuantities',$,'Custom',(#5399,#5400));
#5402=IFCRELDEFINESBYPROPERTIES('09C3xEt3DCbf72jen4qW5n',#6,$,$,(#5398),#5401);
#5403=IFCCARTESIANPOINT((6.5,0.));
#5404=IFCCARTESIANPOINT((3.25,5.62916512459885));
#5405=IFCCARTESIANPOINT((-3.25,5.62916512459885));
#5406=IFCCARTESIANPOINT((-6.5,7.9602041944578E-16));
#5407=IFCCARTESIANPOINT((-3.25,-5.62916512459885));
#5408=IFCCARTESIANPOINT((3.25,-5.62916512459885));
#5409=IFCCARTESIANPOINT((6.5,0.));
#5410=IFCPOLYLINE((#5403,#5404,#5405,#5406,#5407,#5408,#5409));
#5411=IFCARBITRARYCLOSEDPROFILEDEF(.AREA.,$,#5410);
#5412=IFCCARTESIANPOINT((0.,0.,0.));
#5413=IFCDIRECTION((0.,0.,1.));
#5414=IFCDIRECTION((1.,0.,0.));
#5415=IFCAXIS2PLACEMENT3D(#5412,#5413,#5414);
#5416=IFCDIRECTION((0.,0.,-1.));
#5417=IFCEXTRUDEDAREASOLID(#5411,#5415,#5416,5.3);
#5418=IFCCARTESIANPOINT((0.,0.));
#5419=IFCDIRECTION((1.,0.));
#5420=IFCAXIS2PLACEMENT2D(#5418,#5419);
#5421=IFCCIRCLEPROFILEDEF(.AREA.,$,#5420,4.);
#5422=IFCCARTESIANPOINT((0.,0.,0.));
#5423=IFCDIRECTION((0.,0.,1.));
#5424=IFCDIRECTION((1.,0.,0.));
#5425=IFCAXIS2PLACEMENT3D(#5422,#5423,#5424);
#5426=IFCDIRECTION((0.,0.,1.));
#5427=IFCEXTRUDEDAREASOLID(#5421,#5425,#5426,42.6);
#5428=IFCSHAPEREPRESENTATION(#18,'Body','SweptSolid',(#5417,#5427));
#5429=IFCCARTESIANPOINT((0.,0.,0.));
#5430=IFCDIRECTION((0.,0.,1.));
#5431=IFCDIRECTION((1.,0.,0.));
#5432=IFCAXIS2PLACEMENT3D(#5429,#5430,#5431);
#5433=IFCREPRESENTATIONMAP(#5432,#5428);
#5434=IFCDIRECTION((1.,0.,0.));
#5435=IFCDIRECTION((0.,0.,-1.));
#5436=IFCDIRECTION((0.,1.,0.));
#5437=IFCCARTESIANPOINT((27.,-214.,697.5));
#5438=IFCCARTESIANTRANSFORMATIONOPERATOR3D(#5434,#5435,#5437,1.,#5436);
#5439=IFCMAPPEDITEM(#5433,#5438);
#5440=IFCCARTESIANPOINT((27.,-214.,697.5));
#5441=IFCDIRECTION((0.,0.,1.));
#5442=IFCDIRECTION((1.,0.,0.));
#5443=IFCAXIS2PLACEMENT3D(#5440,#5441,#5442);
#5444=IFCLOCALPLACEMENT(#30,#5443);
#5445=IFCSHAPEREPRESENTATION(#18,'Body','MappedRepresentation',(#5439));
#5446=IFCPRODUCTDEFINITIONSHAPE($,$,(#5445));
#5447=IFCFASTENER('0mBeyy8E93ZgQSwHCjQgr8',#6,'Bolt Assembly',$,$,#5444,#5446,$);
#5448=IFCQUANTITYLENGTH('Length','Length',$,42.6);
#5449=IFCQUANTITYCOUNT('Count','Count',$,1.);
#5450=IFCELEMENTQUANTITY('3QYPJ1Rmr97eoXobnKa86p',#6,'Qto_FastenerBaseQuantities',$,'Custom',(#5448,#5449));
#5451=IFCRELDEFINESBYPROPERTIES('3nT2QVNqv5GQymOu9GzU1x',#6,$,$,(#5447),#5450);
#5452=IFCCARTESIANPOINT((6.5,0.));
#5453=IFCCARTESIANPOINT((3.25,5.62916512459885));
#5454=IFCCARTESIANPOINT((-3.25,5.62916512459885));
#5455=IFCCARTESIANPOINT((-6.5,7.9602041944578E-16));
#5456=IFCCARTESIANPOINT((-3.25,-5.62916512459885));
#5457=IFCCARTESIANPOINT((3.25,-5.62916512459885));
#5458=IFCCARTESIANPOINT((6.5,0.));
#5459=IFCPOLYLINE((#5452,#5453,#5454,#5455,#5456,#5457,#5458));
#5460=IFCARBITRARYCLOSEDPROFILEDEF(.AREA.,$,#5459);
#5461=IFCCARTESIANPOINT((0.,0.,0.));
#5462=IFCDIRECTION((0.,0.,1.));
#5463=IFCDIRECTION((1.,0.,0.));
#5464=IFCAXIS2PLACEMENT3D(#5461,#5462,#5463);
#5465=IFCDIRECTION((0.,0.,-1.));
#5466=IFCEXTRUDEDAREASOLID(#5460,#5464,#5465,5.3);
#5467=IFCCARTESIANPOINT((0.,0.));
#5468=IFCDIRECTION((1.,0.));
#5469=IFCAXIS2PLACEMENT2D(#5467,#5468);
#5470=IFCCIRCLEPROFILEDEF(.AREA.,$,#5469,4.);
#5471=IFCCARTESIANPOINT((0.,0.,0.));
#5472=IFCDIRECTION((0.,0.,1.));
#5473=IFCDIRECTION((1.,0.,0.));
#5474=IFCAXIS2PLACEMENT3D(#5471,#5472,#5473);
#5475=IFCDIRECTION((0.,0.,1.));
#5476=IFCEXTRUDEDAREASOLID(#5470,#5474,#5475,42.6);
#5477=IFCSHAPEREPRESENTATION(#18,'Body','SweptSolid',(#5466,#5476));
#5478=IFCCARTESIANPOINT((0.,0.,0.));
#5479=IFCDIRECTION((0.,0.,1.));
#5480=IFCDIRECTION((1.,0.,0.));
#5481=IFCAXIS2PLACEMENT3D(#5478,#5479,#5480);
#5482=IFCREPRESENTATIONMAP(#5481,#5477);
#5483=IFCDIRECTION((1.,0.,0.));
#5484=IFCDIRECTION((0.,0.,-1.));
#5485=IFCDIRECTION((0.,1.,0.));
#5486=IFCCARTESIANPOINT((57.,-214.,697.5));
#5487=IFCCARTESIANTRANSFORMATIONOPERATOR3D(#5483,#5484,#5486,1.,#5485);
#5488=IFCMAPPEDITEM(#5482,#5487);
#5489=IFCCARTESIANPOINT((57.,-214.,697.5));
#5490=IFCDIRECTION((0.,0.,1.));
#5491=IFCDIRECTION((1.,0.,0.));
#5492=IFCAXIS2PLACEMENT3D(#5489,#5490,#5491);
#5493=IFCLOCALPLACEMENT(#30,#5492);
#5494=IFCSHAPEREPRESENTATION(#18,'Body','MappedRepresentation',(#5488));
#5495=IFCPRODUCTDEFINITIONSHAPE($,$,(#5494));
#5496=IFCFASTENER('1x1E9ywnz4lOgo_38F0KIP',#6,'Bolt Assembly',$,$,#5493,#5495,$);
#5497=IFCQUANTITYLENGTH('Length','Length',$,42.6);
#5498=IFCQUANTITYCOUNT('Count','Count',$,1.);
#5499=IFCELEMENTQUANTITY('1XOatPPkf4aeAyt69mvnQa',#6,'Qto_FastenerBaseQuantities',$,'Custom',(#5497,#5498));
#5500=IFCRELDEFINESBYPROPERTIES('3XbucmW6b2ofU7XsT2iDva',#6,$,$,(#5496),#5499);
#5501=IFCCARTESIANPOINT((6.5,0.));
#5502=IFCCARTESIANPOINT((3.25,5.62916512459885));
#5503=IFCCARTESIANPOINT((-3.25,5.62916512459885));
#5504=IFCCARTESIANPOINT((-6.5,7.9602041944578E-16));
#5505=IFCCARTESIANPOINT((-3.25,-5.62916512459885));
#5506=IFCCARTESIANPOINT((3.25,-5.62916512459885));
#5507=IFCCARTESIANPOINT((6.5,0.));
#5508=IFCPOLYLINE((#5501,#5502,#5503,#5504,#5505,#5506,#5507));
#5509=IFCARBITRARYCLOSEDPROFILEDEF(.AREA.,$,#5508);
#5510=IFCCARTESIANPOINT((0.,0.,0.));
#5511=IFCDIRECTION((0.,0.,1.));
#5512=IFCDIRECTION((1.,0.,0.));
#5513=IFCAXIS2PLACEMENT3D(#5510,#5511,#5512);
#5514=IFCDIRECTION((0.,0.,-1.));
#5515=IFCEXTRUDEDAREASOLID(#5509,#5513,#5514,5.3);
#5516=IFCCARTESIANPOINT((0.,0.));
#5517=IFCDIRECTION((1.,0.));
#5518=IFCAXIS2PLACEMENT2D(#5516,#5517);
#5519=IFCCIRCLEPROFILEDEF(.AREA.,$,#5518,4.);
#5520=IFCCARTESIANPOINT((0.,0.,0.));
#5521=IFCDIRECTION((0.,0.,1.));
#5522=IFCDIRECTION((1.,0.,0.));
#5523=IFCAXIS2PLACEMENT3D(#5520,#5521,#5522);
#5524=IFCDIRECTION((0.,0.,1.));
#5525=IFCEXTRUDEDAREASOLID(#5519,#5523,#5524,42.6);
#5526=IFCSHAPEREPRESENTATION(#18,'Body','SweptSolid',(#5515,#5525));
#5527=IFCCARTESIANPOINT((0.,0.,0.));
#5528=IFCDIRECTION((0.,0.,1.));
#5529=IFCDIRECTION((1.,0.,0.));
#5530=IFCAXIS2PLACEMENT3D(#5527,#5528,#5529);
#5531=IFCREPRESENTATIONMAP(#5530,#5526);
#5532=IFCDIRECTION((1.,0.,0.));
#5533=IFCDIRECTION((0.,0.,-1.));
#5534=IFCDIRECTION((0.,1.,0.));
#5535=IFCCARTESIANPOINT((-57.,-214.,627.5));
#5536=IFCCARTESIANTRANSFORMATIONOPERATOR3D(#5532,#5533,#5535,1.,#5534);
#5537=IFCMAPPEDITEM(#5531,#5536);
#5538=IFCCARTESIANPOINT((-57.,-214.,627.5));
#5539=IFCDIRECTION((0.,0.,1.));
#5540=IFCDIRECTION((1.,0.,0.));
#5541=IFCAXIS2PLACEMENT3D(#5538,#5539,#5540);
#5542=IFCLOCALPLACEMENT(#30,#5541);
#5543=IFCSHAPEREPRESENTATION(#18,'Body','MappedRepresentation',(#5537));
#5544=IFCPRODUCTDEFINITIONSHAPE($,$,(#5543));
#5545=IFCFASTENER('0SSY1hEK17WgRBuxbli5lD',#6,'Bolt Assembly',$,$,#5542,#5544,$);
#5546=IFCQUANTITYLENGTH('Length','Length',$,42.6);
#5547=IFCQUANTITYCOUNT('Count','Count',$,1.);
#5548=IFCELEMENTQUANTITY('08jbBenmv9OxLDUoiBVhH6',#6,'Qto_FastenerBaseQuantities',$,'Custom',(#5546,#5547));
#5549=IFCRELDEFINESBYPROPERTIES('0sSIOO6uH3UOrZzcubfAio',#6,$,$,(#5545),#5548);
#5550=IFCCARTESIANPOINT((6.5,0.));
#5551=IFCCARTESIANPOINT((3.25,5.62916512459885));
#5552=IFCCARTESIANPOINT((-3.25,5.62916512459885));
#5553=IFCCARTESIANPOINT((-6.5,7.9602041944578E-16));
#5554=IFCCARTESIANPOINT((-3.25,-5.62916512459885));
#5555=IFCCARTESIANPOINT((3.25,-5.62916512459885));
#5556=IFCCARTESIANPOINT((6.5,0.));
#5557=IFCPOLYLINE((#5550,#5551,#5552,#5553,#5554,#5555,#5556));
#5558=IFCARBITRARYCLOSEDPROFILEDEF(.AREA.,$,#5557);
#5559=IFCCARTESIANPOINT((0.,0.,0.));
#5560=IFCDIRECTION((0.,0.,1.));
#5561=IFCDIRECTION((1.,0.,0.));
#5562=IFCAXIS2PLACEMENT3D(#5559,#5560,#5561);
#5563=IFCDIRECTION((0.,0.,-1.));
#5564=IFCEXTRUDEDAREASOLID(#5558,#5562,#5563,5.3);
#5565=IFCCARTESIANPOINT((0.,0.));
#5566=IFCDIRECTION((1.,0.));
#5567=IFCAXIS2PLACEMENT2D(#5565,#5566);
#5568=IFCCIRCLEPROFILEDEF(.AREA.,$,#5567,4.);
#5569=IFCCARTESIANPOINT((0.,0.,0.));
#5570=IFCDIRECTION((0.,0.,1.));
#5571=IFCDIRECTION((1.,0.,0.));
#5572=IFCAXIS2PLACEMENT3D(#5569,#5570,#5571);
#5573=IFCDIRECTION((0.,0.,1.));
#5574=IFCEXTRUDEDAREASOLID(#5568,#5572,#5573,42.6);
#5575=IFCSHAPEREPRESENTATION(#18,'Body','SweptSolid',(#5564,#5574));
#5576=IFCCARTESIANPOINT((0.,0.,0.));
#5577=IFCDIRECTION((0.,0.,1.));
#5578=IFCDIRECTION((1.,0.,0.));
#5579=IFCAXIS2PLACEMENT3D(#5576,#5577,#5578);
#5580=IFCREPRESENTATIONMAP(#5579,#5575);
#5581=IFCDIRECTION((1.,0.,0.));
#5582=IFCDIRECTION((0.,0.,-1.));
#5583=IFCDIRECTION((0.,1.,0.));
#5584=IFCCARTESIANPOINT((-27.,-214.,627.5));
#5585=IFCCARTESIANTRANSFORMATIONOPERATOR3D(#5581,#5582,#5584,1.,#5583);
#5586=IFCMAPPEDITEM(#5580,#5585);
#5587=IFCCARTESIANPOINT((-27.,-214.,627.5));
#5588=IFCDIRECTION((0.,0.,1.));
#5589=IFCDIRECTION((1.,0.,0.));
#5590=IFCAXIS2PLACEMENT3D(#5587,#5588,#5589);
#5591=IFCLOCALPLACEMENT(#30,#5590);
#5592=IFCSHAPEREPRESENTATION(#18,'Body','MappedRepresentation',(#5586));
#5593=IFCPRODUCTDEFINITIONSHAPE($,$,(#5592));
#5594=IFCFASTENER('2USZEY2CPF4hGxBEHk5ZBU',#6,'Bolt Assembly',$,$,#5591,#5593,$);
#5595=IFCQUANTITYLENGTH('Length','Length',$,42.6);
#5596=IFCQUANTITYCOUNT('Count','Count',$,1.);
#5597=IFCELEMENTQUANTITY('2LpFy55M9Eeh5HRiOO0Tgb',#6,'Qto_FastenerBaseQuantities',$,'Custom',(#5595,#5596));
#5598=IFCRELDEFINESBYPROPERTIES('00aq$P1YHBX8W2socSAdKU',#6,$,$,(#5594),#5597);
#5599=IFCCARTESIANPOINT((6.5,0.));
#5600=IFCCARTESIANPOINT((3.25,5.62916512459885));
#5601=IFCCARTESIANPOINT((-3.25,5.62916512459885));
#5602=IFCCARTESIANPOINT((-6.5,7.9602041944578E-16));
#5603=IFCCARTESIANPOINT((-3.25,-5.62916512459885));
#5604=IFCCARTESIANPOINT((3.25,-5.62916512459885));
#5605=IFCCARTESIANPOINT((6.5,0.));
#5606=IFCPOLYLINE((#5599,#5600,#5601,#5602,#5603,#5604,#5605));
#5607=IFCARBITRARYCLOSEDPROFILEDEF(.AREA.,$,#5606);
#5608=IFCCARTESIANPOINT((0.,0.,0.));
#5609=IFCDIRECTION((0.,0.,1.));
#5610=IFCDIRECTION((1.,0.,0.));
#5611=IFCAXIS2PLACEMENT3D(#5608,#5609,#5610);
#5612=IFCDIRECTION((0.,0.,-1.));
#5613=IFCEXTRUDEDAREASOLID(#5607,#5611,#5612,5.3);
#5614=IFCCARTESIANPOINT((0.,0.));
#5615=IFCDIRECTION((1.,0.));
#5616=IFCAXIS2PLACEMENT2D(#5614,#5615);
#5617=IFCCIRCLEPROFILEDEF(.AREA.,$,#5616,4.);
#5618=IFCCARTESIANPOINT((0.,0.,0.));
#5619=IFCDIRECTION((0.,0.,1.));
#5620=IFCDIRECTION((1.,0.,0.));
#5621=IFCAXIS2PLACEMENT3D(#5618,#5619,#5620);
#5622=IFCDIRECTION((0.,0.,1.));
#5623=IFCEXTRUDEDAREASOLID(#5617,#5621,#5622,42.6);
#5624=IFCSHAPEREPRESENTATION(#18,'Body','SweptSolid',(#5613,#5623));
#5625=IFCCARTESIANPOINT((0.,0.,0.));
#5626=IFCDIRECTION((0.,0.,1.));
#5627=IFCDIRECTION((1.,0.,0.));
#5628=IFCAXIS2PLACEMENT3D(#5625,#5626,#5627);
#5629=IFCREPRESENTATIONMAP(#5628,#5624);
#5630=IFCDIRECTION((1.,0.,0.));
#5631=IFCDIRECTION((0.,0.,-1.));
#5632=IFCDIRECTION((0.,1.,0.));
#5633=IFCCARTESIANPOINT((27.,-214.,627.5));
#5634=IFCCARTESIANTRANSFORMATIONOPERATOR3D(#5630,#5631,#5633,1.,#5632);
#5635=IFCMAPPEDITEM(#5629,#5634);
#5636=IFCCARTESIANPOINT((27.,-214.,627.5));
#5637=IFCDIRECTION((0.,0.,1.));
#5638=IFCDIRECTION((1.,0.,0.));
#5639=IFCAXIS2PLACEMENT3D(#5636,#5637,#5638);
#5640=IFCLOCALPLACEMENT(#30,#5639);
#5641=IFCSHAPEREPRESENTATION(#18,'Body','MappedRepresentation',(#5635));
#5642=IFCPRODUCTDEFINITIONSHAPE($,$,(#5641));
#5643=IFCFASTENER('3anXFISI9Dj9oOHzD3pSOb',#6,'Bolt Assembly',$,$,#5640,#5642,$);
#5644=IFCQUANTITYLENGTH('Length','Length',$,42.6);
#5645=IFCQUANTITYCOUNT('Count','Count',$,1.);
#5646=IFCELEMENTQUANTITY('29Nrv17511NuyaEFyffO8A',#6,'Qto_FastenerBaseQuantities',$,'Custom',(#5644,#5645));
#5647=IFCRELDEFINESBYPROPERTIES('3vkB0gMZT6gAdsQnogjx7k',#6,$,$,(#5643),#5646);
#5648=IFCCARTESIANPOINT((6.5,0.));
#5649=IFCCARTESIANPOINT((3.25,5.62916512459885));
#5650=IFCCARTESIANPOINT((-3.25,5.62916512459885));
#5651=IFCCARTESIANPOINT((-6.5,7.9602041944578E-16));
#5652=IFCCARTESIANPOINT((-3.25,-5.62916512459885));
#5653=IFCCARTESIANPOINT((3.25,-5.62916512459885));
#5654=IFCCARTESIANPOINT((6.5,0.));
#5655=IFCPOLYLINE((#5648,#5649,#5650,#5651,#5652,#5653,#5654));
#5656=IFCARBITRARYCLOSEDPROFILEDEF(.AREA.,$,#5655);
#5657=IFCCARTESIANPOINT((0.,0.,0.));
#5658=IFCDIRECTION((0.,0.,1.));
#5659=IFCDIRECTION((1.,0.,0.));
#5660=IFCAXIS2PLACEMENT3D(#5657,#5658,#5659);
#5661=IFCDIRECTION((0.,0.,-1.));
#5662=IFCEXTRUDEDAREASOLID(#5656,#5660,#5661,5.3);
#5663=IFCCARTESIANPOINT((0.,0.));
#5664=IFCDIRECTION((1.,0.));
#5665=IFCAXIS2PLACEMENT2D(#5663,#5664);
#5666=IFCCIRCLEPROFILEDEF(.AREA.,$,#5665,4.);
#5667=IFCCARTESIANPOINT((0.,0.,0.));
#5668=IFCDIRECTION((0.,0.,1.));
#5669=IFCDIRECTION((1.,0.,0.));
#5670=IFCAXIS2PLACEMENT3D(#5667,#5668,#5669);
#5671=IFCDIRECTION((0.,0.,1.));
#5672=IFCEXTRUDEDAREASOLID(#5666,#5670,#5671,42.6);
#5673=IFCSHAPEREPRESENTATION(#18,'Body','SweptSolid',(#5662,#5672));
#5674=IFCCARTESIANPOINT((0.,0.,0.));
#5675=IFCDIRECTION((0.,0.,1.));
#5676=IFCDIRECTION((1.,0.,0.));
#5677=IFCAXIS2PLACEMENT3D(#5674,#5675,#5676);
#5678=IFCREPRESENTATIONMAP(#5677,#5673);
#5679=IFCDIRECTION((1.,0.,0.));
#5680=IFCDIRECTION((0.,0.,-1.));
#5681=IFCDIRECTION((0.,1.,0.));
#5682=IFCCARTESIANPOINT((57.,-214.,627.5));
#5683=IFCCARTESIANTRANSFORMATIONOPERATOR3D(#5679,#5680,#5682,1.,#5681);
#5684=IFCMAPPEDITEM(#5678,#5683);
#5685=IFCCARTESIANPOINT((57.,-214.,627.5));
#5686=IFCDIRECTION((0.,0.,1.));
#5687=IFCDIRECTION((1.,0.,0.));
#5688=IFCAXIS2PLACEMENT3D(#5685,#5686,#5687);
#5689=IFCLOCALPLACEMENT(#30,#5688);
#5690=IFCSHAPEREPRESENTATION(#18,'Body','MappedRepresentation',(#5684));
#5691=IFCPRODUCTDEFINITIONSHAPE($,$,(#5690));
#5692=IFCFASTENER('3ijrFTsgTArxjutFSCVJXT',#6,'Bolt Assembly',$,$,#5689,#5691,$);
#5693=IFCQUANTITYLENGTH('Length','Length',$,42.6);
#5694=IFCQUANTITYCOUNT('Count','Count',$,1.);
#5695=IFCELEMENTQUANTITY('10ItXzucL3uP3BcA8wwROh',#6,'Qto_FastenerBaseQuantities',$,'Custom',(#5693,#5694));
#5696=IFCRELDEFINESBYPROPERTIES('1WT8kqE$z7093ZEgXnI3K9',#6,$,$,(#5692),#5695);
#5697=IFCCARTESIANPOINT((6.5,0.));
#5698=IFCCARTESIANPOINT((3.25,5.62916512459885));
#5699=IFCCARTESIANPOINT((-3.25,5.62916512459885));
#5700=IFCCARTESIANPOINT((-6.5,7.9602041944578E-16));
#5701=IFCCARTESIANPOINT((-3.25,-5.62916512459885));
#5702=IFCCARTESIANPOINT((3.25,-5.62916512459885));
#5703=IFCCARTESIANPOINT((6.5,0.));
#5704=IFCPOLYLINE((#5697,#5698,#5699,#5700,#5701,#5702,#5703));
#5705=IFCCARTESIANPOINT((0.,0.));
#5706=IFCDIRECTION((1.,0.));
#5707=IFCAXIS2PLACEMENT2D(#5705,#5706);
#5708=IFCCIRCLE(#5707,4.);
#5709=IFCARBITRARYPROFILEDEFWITHVOIDS(.AREA.,'Hex Nut Profile',#5704,(#5708));
#5710=IFCCARTESIANPOINT((0.,0.,0.));
#5711=IFCDIRECTION((0.,0.,1.));
#5712=IFCDIRECTION((1.,0.,0.));
#5713=IFCAXIS2PLACEMENT3D(#5710,#5711,#5712);
#5714=IFCDIRECTION((0.,0.,1.));
#5715=IFCEXTRUDEDAREASOLID(#5709,#5713,#5714,6.8);
#5716=IFCSHAPEREPRESENTATION(#18,'Body','SweptSolid',(#5715));
#5717=IFCCARTESIANPOINT((0.,0.,0.));
#5718=IFCDIRECTION((0.,0.,1.));
#5719=IFCDIRECTION((1.,0.,0.));
#5720=IFCAXIS2PLACEMENT3D(#5717,#5718,#5719);
#5721=IFCREPRESENTATIONMAP(#5720,#5716);
#5722=IFCDIRECTION((1.,0.,0.));
#5723=IFCDIRECTION((0.,0.,1.));
#5724=IFCDIRECTION((-0.,-1.,-0.));
#5725=IFCCARTESIANPOINT((-57.,-180.5,787.5));
#5726=IFCCARTESIANTRANSFORMATIONOPERATOR3D(#5722,#5723,#5725,1.,#5724);
#5727=IFCMAPPEDITEM(#5721,#5726);
#5728=IFCCARTESIANPOINT((-57.,-180.5,787.5));
#5729=IFCDIRECTION((-0.,-1.,-0.));
#5730=IFCDIRECTION((1.,0.,0.));
#5731=IFCAXIS2PLACEMENT3D(#5728,#5729,#5730);
#5732=IFCLOCALPLACEMENT(#30,#5731);
#5733=IFCSHAPEREPRESENTATION(#18,'Body','MappedRepresentation',(#5727));
#5734=IFCPRODUCTDEFINITIONSHAPE($,$,(#5733));
#5735=IFCFASTENER('3rzidLvkf17PiBxO6eOFkV',#6,'Bolt Assembly',$,$,#5732,#5734,$);
#5736=IFCQUANTITYLENGTH('Length','Length',$,6.8);
#5737=IFCQUANTITYCOUNT('Count','Count',$,1.);
#5738=IFCELEMENTQUANTITY('31_sTdQybD_fdFSEV5WrSJ',#6,'Qto_FastenerBaseQuantities',$,'Custom',(#5736,#5737));
#5739=IFCRELDEFINESBYPROPERTIES('24O9RbodDEVA6SW7K8Nv3H',#6,$,$,(#5735),#5738);
#5740=IFCCARTESIANPOINT((6.5,0.));
#5741=IFCCARTESIANPOINT((3.25,5.62916512459885));
#5742=IFCCARTESIANPOINT((-3.25,5.62916512459885));
#5743=IFCCARTESIANPOINT((-6.5,7.9602041944578E-16));
#5744=IFCCARTESIANPOINT((-3.25,-5.62916512459885));
#5745=IFCCARTESIANPOINT((3.25,-5.62916512459885));
#5746=IFCCARTESIANPOINT((6.5,0.));
#5747=IFCPOLYLINE((#5740,#5741,#5742,#5743,#5744,#5745,#5746));
#5748=IFCCARTESIANPOINT((0.,0.));
#5749=IFCDIRECTION((1.,0.));
#5750=IFCAXIS2PLACEMENT2D(#5748,#5749);
#5751=IFCCIRCLE(#5750,4.);
#5752=IFCARBITRARYPROFILEDEFWITHVOIDS(.AREA.,'Hex Nut Profile',#5747,(#5751));
#5753=IFCCARTESIANPOINT((0.,0.,0.));
#5754=IFCDIRECTION((0.,0.,1.));
#5755=IFCDIRECTION((1.,0.,0.));
#5756=IFCAXIS2PLACEMENT3D(#5753,#5754,#5755);
#5757=IFCDIRECTION((0.,0.,1.));
#5758=IFCEXTRUDEDAREASOLID(#5752,#5756,#5757,6.8);
#5759=IFCSHAPEREPRESENTATION(#18,'Body','SweptSolid',(#5758));
#5760=IFCCARTESIANPOINT((0.,0.,0.));
#5761=IFCDIRECTION((0.,0.,1.));
#5762=IFCDIRECTION((1.,0.,0.));
#5763=IFCAXIS2PLACEMENT3D(#5760,#5761,#5762);
#5764=IFCREPRESENTATIONMAP(#5763,#5759);
#5765=IFCDIRECTION((1.,0.,0.));
#5766=IFCDIRECTION((0.,0.,1.));
#5767=IFCDIRECTION((-0.,-1.,-0.));
#5768=IFCCARTESIANPOINT((-27.,-180.5,787.5));
#5769=IFCCARTESIANTRANSFORMATIONOPERATOR3D(#5765,#5766,#5768,1.,#5767);
#5770=IFCMAPPEDITEM(#5764,#5769);
#5771=IFCCARTESIANPOINT((-27.,-180.5,787.5));
#5772=IFCDIRECTION((-0.,-1.,-0.));
#5773=IFCDIRECTION((1.,0.,0.));
#5774=IFCAXIS2PLACEMENT3D(#5771,#5772,#5773);
#5775=IFCLOCALPLACEMENT(#30,#5774);
#5776=IFCSHAPEREPRESENTATION(#18,'Body','MappedRepresentation',(#5770));
#5777=IFCPRODUCTDEFINITIONSHAPE($,$,(#5776));
#5778=IFCFASTENER('1_DRw7OgHFgwMUdcjYKClW',#6,'Bolt Assembly',$,$,#5775,#5777,$);
#5779=IFCQUANTITYLENGTH('Length','Length',$,6.8);
#5780=IFCQUANTITYCOUNT('Count','Count',$,1.);
#5781=IFCELEMENTQUANTITY('0oCSJKByn1$9jYx5YbumMq',#6,'Qto_FastenerBaseQuantities',$,'Custom',(#5779,#5780));
#5782=IFCRELDEFINESBYPROPERTIES('1gbH63TDfE5R_pTYFbRQfQ',#6,$,$,(#5778),#5781);
#5783=IFCCARTESIANPOINT((6.5,0.));
#5784=IFCCARTESIANPOINT((3.25,5.62916512459885));
#5785=IFCCARTESIANPOINT((-3.25,5.62916512459885));
#5786=IFCCARTESIANPOINT((-6.5,7.9602041944578E-16));
#5787=IFCCARTESIANPOINT((-3.25,-5.62916512459885));
#5788=IFCCARTESIANPOINT((3.25,-5.62916512459885));
#5789=IFCCARTESIANPOINT((6.5,0.));
#5790=IFCPOLYLINE((#5783,#5784,#5785,#5786,#5787,#5788,#5789));
#5791=IFCCARTESIANPOINT((0.,0.));
#5792=IFCDIRECTION((1.,0.));
#5793=IFCAXIS2PLACEMENT2D(#5791,#5792);
#5794=IFCCIRCLE(#5793,4.);
#5795=IFCARBITRARYPROFILEDEFWITHVOIDS(.AREA.,'Hex Nut Profile',#5790,(#5794));
#5796=IFCCARTESIANPOINT((0.,0.,0.));
#5797=IFCDIRECTION((0.,0.,1.));
#5798=IFCDIRECTION((1.,0.,0.));
#5799=IFCAXIS2PLACEMENT3D(#5796,#5797,#5798);
#5800=IFCDIRECTION((0.,0.,1.));
#5801=IFCEXTRUDEDAREASOLID(#5795,#5799,#5800,6.8);
#5802=IFCSHAPEREPRESENTATION(#18,'Body','SweptSolid',(#5801));
#5803=IFCCARTESIANPOINT((0.,0.,0.));
#5804=IFCDIRECTION((0.,0.,1.));
#5805=IFCDIRECTION((1.,0.,0.));
#5806=IFCAXIS2PLACEMENT3D(#5803,#5804,#5805);
#5807=IFCREPRESENTATIONMAP(#5806,#5802);
#5808=IFCDIRECTION((1.,0.,0.));
#5809=IFCDIRECTION((0.,0.,1.));
#5810=IFCDIRECTION((-0.,-1.,-0.));
#5811=IFCCARTESIANPOINT((27.,-180.5,787.5));
#5812=IFCCARTESIANTRANSFORMATIONOPERATOR3D(#5808,#5809,#5811,1.,#5810);
#5813=IFCMAPPEDITEM(#5807,#5812);
#5814=IFCCARTESIANPOINT((27.,-180.5,787.5));
#5815=IFCDIRECTION((-0.,-1.,-0.));
#5816=IFCDIRECTION((1.,0.,0.));
#5817=IFCAXIS2PLACEMENT3D(#5814,#5815,#5816);
#5818=IFCLOCALPLACEMENT(#30,#5817);
#5819=IFCSHAPEREPRESENTATION(#18,'Body','MappedRepresentation',(#5813));
#5820=IFCPRODUCTDEFINITIONSHAPE($,$,(#5819));
#5821=IFCFASTENER('2RH4y9bMz29AUcWPjq4_Ks',#6,'Bolt Assembly',$,$,#5818,#5820,$);
#5822=IFCQUANTITYLENGTH('Length','Length',$,6.8);
#5823=IFCQUANTITYCOUNT('Count','Count',$,1.);
#5824=IFCELEMENTQUANTITY('3dI3K6$Gr9vRFmNDS9Jt8X',#6,'Qto_FastenerBaseQuantities',$,'Custom',(#5822,#5823));
#5825=IFCRELDEFINESBYPROPERTIES('0IM37o3LP5AgQaUXh$ZhAh',#6,$,$,(#5821),#5824);
#5826=IFCCARTESIANPOINT((6.5,0.));
#5827=IFCCARTESIANPOINT((3.25,5.62916512459885));
#5828=IFCCARTESIANPOINT((-3.25,5.62916512459885));
#5829=IFCCARTESIANPOINT((-6.5,7.9602041944578E-16));
#5830=IFCCARTESIANPOINT((-3.25,-5.62916512459885));
#5831=IFCCARTESIANPOINT((3.25,-5.62916512459885));
#5832=IFCCARTESIANPOINT((6.5,0.));
#5833=IFCPOLYLINE((#5826,#5827,#5828,#5829,#5830,#5831,#5832));
#5834=IFCCARTESIANPOINT((0.,0.));
#5835=IFCDIRECTION((1.,0.));
#5836=IFCAXIS2PLACEMENT2D(#5834,#5835);
#5837=IFCCIRCLE(#5836,4.);
#5838=IFCARBITRARYPROFILEDEFWITHVOIDS(.AREA.,'Hex Nut Profile',#5833,(#5837));
#5839=IFCCARTESIANPOINT((0.,0.,0.));
#5840=IFCDIRECTION((0.,0.,1.));
#5841=IFCDIRECTION((1.,0.,0.));
#5842=IFCAXIS2PLACEMENT3D(#5839,#5840,#5841);
#5843=IFCDIRECTION((0.,0.,1.));
#5844=IFCEXTRUDEDAREASOLID(#5838,#5842,#5843,6.8);
#5845=IFCSHAPEREPRESENTATION(#18,'Body','SweptSolid',(#5844));
#5846=IFCCARTESIANPOINT((0.,0.,0.));
#5847=IFCDIRECTION((0.,0.,1.));
#5848=IFCDIRECTION((1.,0.,0.));
#5849=IFCAXIS2PLACEMENT3D(#5846,#5847,#5848);
#5850=IFCREPRESENTATIONMAP(#5849,#5845);
#5851=IFCDIRECTION((1.,0.,0.));
#5852=IFCDIRECTION((0.,0.,1.));
#5853=IFCDIRECTION((-0.,-1.,-0.));
#5854=IFCCARTESIANPOINT((57.,-180.5,787.5));
#5855=IFCCARTESIANTRANSFORMATIONOPERATOR3D(#5851,#5852,#5854,1.,#5853);
#5856=IFCMAPPEDITEM(#5850,#5855);
#5857=IFCCARTESIANPOINT((57.,-180.5,787.5));
#5858=IFCDIRECTION((-0.,-1.,-0.));
#5859=IFCDIRECTION((1.,0.,0.));
#5860=IFCAXIS2PLACEMENT3D(#5857,#5858,#5859);
#5861=IFCLOCALPLACEMENT(#30,#5860);
#5862=IFCSHAPEREPRESENTATION(#18,'Body','MappedRepresentation',(#5856));
#5863=IFCPRODUCTDEFINITIONSHAPE($,$,(#5862));
#5864=IFCFASTENER('0WOuwjMAHCqgd2OEq8M7nu',#6,'Bolt Assembly',$,$,#5861,#5863,$);
#5865=IFCQUANTITYLENGTH('Length','Length',$,6.8);
#5866=IFCQUANTITYCOUNT('Count','Count',$,1.);
#5867=IFCELEMENTQUANTITY('0chaBvxX1068YMt0ChRI7T',#6,'Qto_FastenerBaseQuantities',$,'Custom',(#5865,#5866));
#5868=IFCRELDEFINESBYPROPERTIES('2I53hw6sr4CBtegfw2nmrq',#6,$,$,(#5864),#5867);
#5869=IFCCARTESIANPOINT((6.5,0.));
#5870=IFCCARTESIANPOINT((3.25,5.62916512459885));
#5871=IFCCARTESIANPOINT((-3.25,5.62916512459885));
#5872=IFCCARTESIANPOINT((-6.5,7.9602041944578E-16));
#5873=IFCCARTESIANPOINT((-3.25,-5.62916512459885));
#5874=IFCCARTESIANPOINT((3.25,-5.62916512459885));
#5875=IFCCARTESIANPOINT((6.5,0.));
#5876=IFCPOLYLINE((#5869,#5870,#5871,#5872,#5873,#5874,#5875));
#5877=IFCCARTESIANPOINT((0.,0.));
#5878=IFCDIRECTION((1.,0.));
#5879=IFCAXIS2PLACEMENT2D(#5877,#5878);
#5880=IFCCIRCLE(#5879,4.);
#5881=IFCARBITRARYPROFILEDEFWITHVOIDS(.AREA.,'Hex Nut Profile',#5876,(#5880));
#5882=IFCCARTESIANPOINT((0.,0.,0.));
#5883=IFCDIRECTION((0.,0.,1.));
#5884=IFCDIRECTION((1.,0.,0.));
#5885=IFCAXIS2PLACEMENT3D(#5882,#5883,#5884);
#5886=IFCDIRECTION((0.,0.,1.));
#5887=IFCEXTRUDEDAREASOLID(#5881,#5885,#5886,6.8);
#5888=IFCSHAPEREPRESENTATION(#18,'Body','SweptSolid',(#5887));
#5889=IFCCARTESIANPOINT((0.,0.,0.));
#5890=IFCDIRECTION((0.,0.,1.));
#5891=IFCDIRECTION((1.,0.,0.));
#5892=IFCAXIS2PLACEMENT3D(#5889,#5890,#5891);
#5893=IFCREPRESENTATIONMAP(#5892,#5888);
#5894=IFCDIRECTION((1.,0.,0.));
#5895=IFCDIRECTION((0.,0.,1.));
#5896=IFCDIRECTION((-0.,-1.,-0.));
#5897=IFCCARTESIANPOINT((-57.,-180.5,537.5));
#5898=IFCCARTESIANTRANSFORMATIONOPERATOR3D(#5894,#5895,#5897,1.,#5896);
#5899=IFCMAPPEDITEM(#5893,#5898);
#5900=IFCCARTESIANPOINT((-57.,-180.5,537.5));
#5901=IFCDIRECTION((-0.,-1.,-0.));
#5902=IFCDIRECTION((1.,0.,0.));
#5903=IFCAXIS2PLACEMENT3D(#5900,#5901,#5902);
#5904=IFCLOCALPLACEMENT(#30,#5903);
#5905=IFCSHAPEREPRESENTATION(#18,'Body','MappedRepresentation',(#5899));
#5906=IFCPRODUCTDEFINITIONSHAPE($,$,(#5905));
#5907=IFCFASTENER('0pkyKey_PCdwIuikeYybye',#6,'Bolt Assembly',$,$,#5904,#5906,$);
#5908=IFCQUANTITYLENGTH('Length','Length',$,6.8);
#5909=IFCQUANTITYCOUNT('Count','Count',$,1.);
#5910=IFCELEMENTQUANTITY('01HrN7acn4ev1bfTRzfyif',#6,'Qto_FastenerBaseQuantities',$,'Custom',(#5908,#5909));
#5911=IFCRELDEFINESBYPROPERTIES('1WSzSwyPz1iwzgfq7aClDK',#6,$,$,(#5907),#5910);
#5912=IFCCARTESIANPOINT((6.5,0.));
#5913=IFCCARTESIANPOINT((3.25,5.62916512459885));
#5914=IFCCARTESIANPOINT((-3.25,5.62916512459885));
#5915=IFCCARTESIANPOINT((-6.5,7.9602041944578E-16));
#5916=IFCCARTESIANPOINT((-3.25,-5.62916512459885));
#5917=IFCCARTESIANPOINT((3.25,-5.62916512459885));
#5918=IFCCARTESIANPOINT((6.5,0.));
#5919=IFCPOLYLINE((#5912,#5913,#5914,#5915,#5916,#5917,#5918));
#5920=IFCCARTESIANPOINT((0.,0.));
#5921=IFCDIRECTION((1.,0.));
#5922=IFCAXIS2PLACEMENT2D(#5920,#5921);
#5923=IFCCIRCLE(#5922,4.);
#5924=IFCARBITRARYPROFILEDEFWITHVOIDS(.AREA.,'Hex Nut Profile',#5919,(#5923));
#5925=IFCCARTESIANPOINT((0.,0.,0.));
#5926=IFCDIRECTION((0.,0.,1.));
#5927=IFCDIRECTION((1.,0.,0.));
#5928=IFCAXIS2PLACEMENT3D(#5925,#5926,#5927);
#5929=IFCDIRECTION((0.,0.,1.));
#5930=IFCEXTRUDEDAREASOLID(#5924,#5928,#5929,6.8);
#5931=IFCSHAPEREPRESENTATION(#18,'Body','SweptSolid',(#5930));
#5932=IFCCARTESIANPOINT((0.,0.,0.));
#5933=IFCDIRECTION((0.,0.,1.));
#5934=IFCDIRECTION((1.,0.,0.));
#5935=IFCAXIS2PLACEMENT3D(#5932,#5933,#5934);
#5936=IFCREPRESENTATIONMAP(#5935,#5931);
#5937=IFCDIRECTION((1.,0.,0.));
#5938=IFCDIRECTION((0.,0.,1.));
#5939=IFCDIRECTION((-0.,-1.,-0.));
#5940=IFCCARTESIANPOINT((-27.,-180.5,537.5));
#5941=IFCCARTESIANTRANSFORMATIONOPERATOR3D(#5937,#5938,#5940,1.,#5939);
#5942=IFCMAPPEDITEM(#5936,#5941);
#5943=IFCCARTESIANPOINT((-27.,-180.5,537.5));
#5944=IFCDIRECTION((-0.,-1.,-0.));
#5945=IFCDIRECTION((1.,0.,0.));
#5946=IFCAXIS2PLACEMENT3D(#5943,#5944,#5945);
#5947=IFCLOCALPLACEMENT(#30,#5946);
#5948=IFCSHAPEREPRESENTATION(#18,'Body','MappedRepresentation',(#5942));
#5949=IFCPRODUCTDEFINITIONSHAPE($,$,(#5948));
#5950=IFCFASTENER('1gHVlCt4z059uoGd6DXKjf',#6,'Bolt Assembly',$,$,#5947,#5949,$);
#5951=IFCQUANTITYLENGTH('Length','Length',$,6.8);
#5952=IFCQUANTITYCOUNT('Count','Count',$,1.);
#5953=IFCELEMENTQUANTITY('332RnHVsH478ppMD3HNObf',#6,'Qto_FastenerBaseQuantities',$,'Custom',(#5951,#5952));
#5954=IFCRELDEFINESBYPROPERTIES('3KYQPa3ITACQK4TuLkiKTG',#6,$,$,(#5950),#5953);
#5955=IFCCARTESIANPOINT((6.5,0.));
#5956=IFCCARTESIANPOINT((3.25,5.62916512459885));
#5957=IFCCARTESIANPOINT((-3.25,5.62916512459885));
#5958=IFCCARTESIANPOINT((-6.5,7.9602041944578E-16));
#5959=IFCCARTESIANPOINT((-3.25,-5.62916512459885));
#5960=IFCCARTESIANPOINT((3.25,-5.62916512459885));
#5961=IFCCARTESIANPOINT((6.5,0.));
#5962=IFCPOLYLINE((#5955,#5956,#5957,#5958,#5959,#5960,#5961));
#5963=IFCCARTESIANPOINT((0.,0.));
#5964=IFCDIRECTION((1.,0.));
#5965=IFCAXIS2PLACEMENT2D(#5963,#5964);
#5966=IFCCIRCLE(#5965,4.);
#5967=IFCARBITRARYPROFILEDEFWITHVOIDS(.AREA.,'Hex Nut Profile',#5962,(#5966));
#5968=IFCCARTESIANPOINT((0.,0.,0.));
#5969=IFCDIRECTION((0.,0.,1.));
#5970=IFCDIRECTION((1.,0.,0.));
#5971=IFCAXIS2PLACEMENT3D(#5968,#5969,#5970);
#5972=IFCDIRECTION((0.,0.,1.));
#5973=IFCEXTRUDEDAREASOLID(#5967,#5971,#5972,6.8);
#5974=IFCSHAPEREPRESENTATION(#18,'Body','SweptSolid',(#5973));
#5975=IFCCARTESIANPOINT((0.,0.,0.));
#5976=IFCDIRECTION((0.,0.,1.));
#5977=IFCDIRECTION((1.,0.,0.));
#5978=IFCAXIS2PLACEMENT3D(#5975,#5976,#5977);
#5979=IFCREPRESENTATIONMAP(#5978,#5974);
#5980=IFCDIRECTION((1.,0.,0.));
#5981=IFCDIRECTION((0.,0.,1.));
#5982=IFCDIRECTION((-0.,-1.,-0.));
#5983=IFCCARTESIANPOINT((27.,-180.5,537.5));
#5984=IFCCARTESIANTRANSFORMATIONOPERATOR3D(#5980,#5981,#5983,1.,#5982);
#5985=IFCMAPPEDITEM(#5979,#5984);
#5986=IFCCARTESIANPOINT((27.,-180.5,537.5));
#5987=IFCDIRECTION((-0.,-1.,-0.));
#5988=IFCDIRECTION((1.,0.,0.));
#5989=IFCAXIS2PLACEMENT3D(#5986,#5987,#5988);
#5990=IFCLOCALPLACEMENT(#30,#5989);
#5991=IFCSHAPEREPRESENTATION(#18,'Body','MappedRepresentation',(#5985));
#5992=IFCPRODUCTDEFINITIONSHAPE($,$,(#5991));
#5993=IFCFASTENER('2U14VN$7v6AQoeSePX08$Y',#6,'Bolt Assembly',$,$,#5990,#5992,$);
#5994=IFCQUANTITYLENGTH('Length','Length',$,6.8);
#5995=IFCQUANTITYCOUNT('Count','Count',$,1.);
#5996=IFCELEMENTQUANTITY('2CSmKdoC15Z9JzbJXDfRf0',#6,'Qto_FastenerBaseQuantities',$,'Custom',(#5994,#5995));
#5997=IFCRELDEFINESBYPROPERTIES('0Wt2jag3L9UOq0cgAawcXa',#6,$,$,(#5993),#5996);
#5998=IFCCARTESIANPOINT((6.5,0.));
#5999=IFCCARTESIANPOINT((3.25,5.62916512459885));
#6000=IFCCARTESIANPOINT((-3.25,5.62916512459885));
#6001=IFCCARTESIANPOINT((-6.5,7.9602041944578E-16));
#6002=IFCCARTESIANPOINT((-3.25,-5.62916512459885));
#6003=IFCCARTESIANPOINT((3.25,-5.62916512459885));
#6004=IFCCARTESIANPOINT((6.5,0.));
#6005=IFCPOLYLINE((#5998,#5999,#6000,#6001,#6002,#6003,#6004));
#6006=IFCCARTESIANPOINT((0.,0.));
#6007=IFCDIRECTION((1.,0.));
#6008=IFCAXIS2PLACEMENT2D(#6006,#6007);
#6009=IFCCIRCLE(#6008,4.);
#6010=IFCARBITRARYPROFILEDEFWITHVOIDS(.AREA.,'Hex Nut Profile',#6005,(#6009));
#6011=IFCCARTESIANPOINT((0.,0.,0.));
#6012=IFCDIRECTION((0.,0.,1.));
#6013=IFCDIRECTION((1.,0.,0.));
#6014=IFCAXIS2PLACEMENT3D(#6011,#6012,#6013);
#6015=IFCDIRECTION((0.,0.,1.));
#6016=IFCEXTRUDEDAREASOLID(#6010,#6014,#6015,6.8);
#6017=IFCSHAPEREPRESENTATION(#18,'Body','SweptSolid',(#6016));
#6018=IFCCARTESIANPOINT((0.,0.,0.));
#6019=IFCDIRECTION((0.,0.,1.));
#6020=IFCDIRECTION((1.,0.,0.));
#6021=IFCAXIS2PLACEMENT3D(#6018,#6019,#6020);
#6022=IFCREPRESENTATIONMAP(#6021,#6017);
#6023=IFCDIRECTION((1.,0.,0.));
#6024=IFCDIRECTION((0.,0.,1.));
#6025=IFCDIRECTION((-0.,-1.,-0.));
#6026=IFCCARTESIANPOINT((57.,-180.5,537.5));
#6027=IFCCARTESIANTRANSFORMATIONOPERATOR3D(#6023,#6024,#6026,1.,#6025);
#6028=IFCMAPPEDITEM(#6022,#6027);
#6029=IFCCARTESIANPOINT((57.,-180.5,537.5));
#6030=IFCDIRECTION((-0.,-1.,-0.));
#6031=IFCDIRECTION((1.,0.,0.));
#6032=IFCAXIS2PLACEMENT3D(#6029,#6030,#6031);
#6033=IFCLOCALPLACEMENT(#30,#6032);
#6034=IFCSHAPEREPRESENTATION(#18,'Body','MappedRepresentation',(#6028));
#6035=IFCPRODUCTDEFINITIONSHAPE($,$,(#6034));
#6036=IFCFASTENER('2N8btiNuL57QoIyzfFOvAa',#6,'Bolt Assembly',$,$,#6033,#6035,$);
#6037=IFCQUANTITYLENGTH('Length','Length',$,6.8);
#6038=IFCQUANTITYCOUNT('Count','Count',$,1.);
#6039=IFCELEMENTQUANTITY('0s_Z8RXzv8QBrpu2nlUeTm',#6,'Qto_FastenerBaseQuantities',$,'Custom',(#6037,#6038));
#6040=IFCRELDEFINESBYPROPERTIES('3dd3qEzWf4JxfRzbaHek3V',#6,$,$,(#6036),#6039);
#6041=IFCCARTESIANPOINT((6.5,0.));
#6042=IFCCARTESIANPOINT((3.25,5.62916512459885));
#6043=IFCCARTESIANPOINT((-3.25,5.62916512459885));
#6044=IFCCARTESIANPOINT((-6.5,7.9602041944578E-16));
#6045=IFCCARTESIANPOINT((-3.25,-5.62916512459885));
#6046=IFCCARTESIANPOINT((3.25,-5.62916512459885));
#6047=IFCCARTESIANPOINT((6.5,0.));
#6048=IFCPOLYLINE((#6041,#6042,#6043,#6044,#6045,#6046,#6047));
#6049=IFCCARTESIANPOINT((0.,0.));
#6050=IFCDIRECTION((1.,0.));
#6051=IFCAXIS2PLACEMENT2D(#6049,#6050);
#6052=IFCCIRCLE(#6051,4.);
#6053=IFCARBITRARYPROFILEDEFWITHVOIDS(.AREA.,'Hex Nut Profile',#6048,(#6052));
#6054=IFCCARTESIANPOINT((0.,0.,0.));
#6055=IFCDIRECTION((0.,0.,1.));
#6056=IFCDIRECTION((1.,0.,0.));
#6057=IFCAXIS2PLACEMENT3D(#6054,#6055,#6056);
#6058=IFCDIRECTION((0.,0.,1.));
#6059=IFCEXTRUDEDAREASOLID(#6053,#6057,#6058,6.8);
#6060=IFCSHAPEREPRESENTATION(#18,'Body','SweptSolid',(#6059));
#6061=IFCCARTESIANPOINT((0.,0.,0.));
#6062=IFCDIRECTION((0.,0.,1.));
#6063=IFCDIRECTION((1.,0.,0.));
#6064=IFCAXIS2PLACEMENT3D(#6061,#6062,#6063);
#6065=IFCREPRESENTATIONMAP(#6064,#6060);
#6066=IFCDIRECTION((1.,0.,0.));
#6067=IFCDIRECTION((0.,0.,1.));
#6068=IFCDIRECTION((-0.,-1.,-0.));
#6069=IFCCARTESIANPOINT((-57.,-180.5,757.5));
#6070=IFCCARTESIANTRANSFORMATIONOPERATOR3D(#6066,#6067,#6069,1.,#6068);
#6071=IFCMAPPEDITEM(#6065,#6070);
#6072=IFCCARTESIANPOINT((-57.,-180.5,757.5));
#6073=IFCDIRECTION((-0.,-1.,-0.));
#6074=IFCDIRECTION((1.,0.,0.));
#6075=IFCAXIS2PLACEMENT3D(#6072,#6073,#6074);
#6076=IFCLOCALPLACEMENT(#30,#6075);
#6077=IFCSHAPEREPRESENTATION(#18,'Body','MappedRepresentation',(#6071));
#6078=IFCPRODUCTDEFINITIONSHAPE($,$,(#6077));
#6079=IFCFASTENER('3bMTGC5Qf6l9FTLwwAvR0t',#6,'Bolt Assembly',$,$,#6076,#6078,$);
#6080=IFCQUANTITYLENGTH('Length','Length',$,6.8);
#6081=IFCQUANTITYCOUNT('Count','Count',$,1.);
#6082=IFCELEMENTQUANTITY('06uhpF7lr6TeOCN_NV1HPf',#6,'Qto_FastenerBaseQuantities',$,'Custom',(#6080,#6081));
#6083=IFCRELDEFINESBYPROPERTIES('25y0lCCgv13Pt8$OiwMXFE',#6,$,$,(#6079),#6082);
#6084=IFCCARTESIANPOINT((6.5,0.));
#6085=IFCCARTESIANPOINT((3.25,5.62916512459885));
#6086=IFCCARTESIANPOINT((-3.25,5.62916512459885));
#6087=IFCCARTESIANPOINT((-6.5,7.9602041944578E-16));
#6088=IFCCARTESIANPOINT((-3.25,-5.62916512459885));
#6089=IFCCARTESIANPOINT((3.25,-5.62916512459885));
#6090=IFCCARTESIANPOINT((6.5,0.));
#6091=IFCPOLYLINE((#6084,#6085,#6086,#6087,#6088,#6089,#6090));
#6092=IFCCARTESIANPOINT((0.,0.));
#6093=IFCDIRECTION((1.,0.));
#6094=IFCAXIS2PLACEMENT2D(#6092,#6093);
#6095=IFCCIRCLE(#6094,4.);
#6096=IFCARBITRARYPROFILEDEFWITHVOIDS(.AREA.,'Hex Nut Profile',#6091,(#6095));
#6097=IFCCARTESIANPOINT((0.,0.,0.));
#6098=IFCDIRECTION((0.,0.,1.));
#6099=IFCDIRECTION((1.,0.,0.));
#6100=IFCAXIS2PLACEMENT3D(#6097,#6098,#6099);
#6101=IFCDIRECTION((0.,0.,1.));
#6102=IFCEXTRUDEDAREASOLID(#6096,#6100,#6101,6.8);
#6103=IFCSHAPEREPRESENTATION(#18,'Body','SweptSolid',(#6102));
#6104=IFCCARTESIANPOINT((0.,0.,0.));
#6105=IFCDIRECTION((0.,0.,1.));
#6106=IFCDIRECTION((1.,0.,0.));
#6107=IFCAXIS2PLACEMENT3D(#6104,#6105,#6106);
#6108=IFCREPRESENTATIONMAP(#6107,#6103);
#6109=IFCDIRECTION((1.,0.,0.));
#6110=IFCDIRECTION((0.,0.,1.));
#6111=IFCDIRECTION((-0.,-1.,-0.));
#6112=IFCCARTESIANPOINT((-27.,-180.5,757.5));
#6113=IFCCARTESIANTRANSFORMATIONOPERATOR3D(#6109,#6110,#6112,1.,#6111);
#6114=IFCMAPPEDITEM(#6108,#6113);
#6115=IFCCARTESIANPOINT((-27.,-180.5,757.5));
#6116=IFCDIRECTION((-0.,-1.,-0.));
#6117=IFCDIRECTION((1.,0.,0.));
#6118=IFCAXIS2PLACEMENT3D(#6115,#6116,#6117);
#6119=IFCLOCALPLACEMENT(#30,#6118);
#6120=IFCSHAPEREPRESENTATION(#18,'Body','MappedRepresentation',(#6114));
#6121=IFCPRODUCTDEFINITIONSHAPE($,$,(#6120));
#6122=IFCFASTENER('3yiJw5Gk98uhGIHHCctY_x',#6,'Bolt Assembly',$,$,#6119,#6121,$);
#6123=IFCQUANTITYLENGTH('Length','Length',$,6.8);
#6124=IFCQUANTITYCOUNT('Count','Count',$,1.);
#6125=IFCELEMENTQUANTITY('3zIxBB7tLFdxavZspNOXW5',#6,'Qto_FastenerBaseQuantities',$,'Custom',(#6123,#6124));
#6126=IFCRELDEFINESBYPROPERTIES('17XoXWgPHDtfYGWvKT6Q_Z',#6,$,$,(#6122),#6125);
#6127=IFCCARTESIANPOINT((6.5,0.));
#6128=IFCCARTESIANPOINT((3.25,5.62916512459885));
#6129=IFCCARTESIANPOINT((-3.25,5.62916512459885));
#6130=IFCCARTESIANPOINT((-6.5,7.9602041944578E-16));
#6131=IFCCARTESIANPOINT((-3.25,-5.62916512459885));
#6132=IFCCARTESIANPOINT((3.25,-5.62916512459885));
#6133=IFCCARTESIANPOINT((6.5,0.));
#6134=IFCPOLYLINE((#6127,#6128,#6129,#6130,#6131,#6132,#6133));
#6135=IFCCARTESIANPOINT((0.,0.));
#6136=IFCDIRECTION((1.,0.));
#6137=IFCAXIS2PLACEMENT2D(#6135,#6136);
#6138=IFCCIRCLE(#6137,4.);
#6139=IFCARBITRARYPROFILEDEFWITHVOIDS(.AREA.,'Hex Nut Profile',#6134,(#6138));
#6140=IFCCARTESIANPOINT((0.,0.,0.));
#6141=IFCDIRECTION((0.,0.,1.));
#6142=IFCDIRECTION((1.,0.,0.));
#6143=IFCAXIS2PLACEMENT3D(#6140,#6141,#6142);
#6144=IFCDIRECTION((0.,0.,1.));
#6145=IFCEXTRUDEDAREASOLID(#6139,#6143,#6144,6.8);
#6146=IFCSHAPEREPRESENTATION(#18,'Body','SweptSolid',(#6145));
#6147=IFCCARTESIANPOINT((0.,0.,0.));
#6148=IFCDIRECTION((0.,0.,1.));
#6149=IFCDIRECTION((1.,0.,0.));
#6150=IFCAXIS2PLACEMENT3D(#6147,#6148,#6149);
#6151=IFCREPRESENTATIONMAP(#6150,#6146);
#6152=IFCDIRECTION((1.,0.,0.));
#6153=IFCDIRECTION((0.,0.,1.));
#6154=IFCDIRECTION((-0.,-1.,-0.));
#6155=IFCCARTESIANPOINT((27.,-180.5,757.5));
#6156=IFCCARTESIANTRANSFORMATIONOPERATOR3D(#6152,#6153,#6155,1.,#6154);
#6157=IFCMAPPEDITEM(#6151,#6156);
#6158=IFCCARTESIANPOINT((27.,-180.5,757.5));
#6159=IFCDIRECTION((-0.,-1.,-0.));
#6160=IFCDIRECTION((1.,0.,0.));
#6161=IFCAXIS2PLACEMENT3D(#6158,#6159,#6160);
#6162=IFCLOCALPLACEMENT(#30,#6161);
#6163=IFCSHAPEREPRESENTATION(#18,'Body','MappedRepresentation',(#6157));
#6164=IFCPRODUCTDEFINITIONSHAPE($,$,(#6163));
#6165=IFCFASTENER('1Uw635iFv9uOkrnzxM6KbT',#6,'Bolt Assembly',$,$,#6162,#6164,$);
#6166=IFCQUANTITYLENGTH('Length','Length',$,6.8);
#6167=IFCQUANTITYCOUNT('Count','Count',$,1.);
#6168=IFCELEMENTQUANTITY('2mww9tHdv51QAg8Js6KxCE',#6,'Qto_FastenerBaseQuantities',$,'Custom',(#6166,#6167));
#6169=IFCRELDEFINESBYPROPERTIES('2Auo0ArkLAwuj9xsaZWH3F',#6,$,$,(#6165),#6168);
#6170=IFCCARTESIANPOINT((6.5,0.));
#6171=IFCCARTESIANPOINT((3.25,5.62916512459885));
#6172=IFCCARTESIANPOINT((-3.25,5.62916512459885));
#6173=IFCCARTESIANPOINT((-6.5,7.9602041944578E-16));
#6174=IFCCARTESIANPOINT((-3.25,-5.62916512459885));
#6175=IFCCARTESIANPOINT((3.25,-5.62916512459885));
#6176=IFCCARTESIANPOINT((6.5,0.));
#6177=IFCPOLYLINE((#6170,#6171,#6172,#6173,#6174,#6175,#6176));
#6178=IFCCARTESIANPOINT((0.,0.));
#6179=IFCDIRECTION((1.,0.));
#6180=IFCAXIS2PLACEMENT2D(#6178,#6179);
#6181=IFCCIRCLE(#6180,4.);
#6182=IFCARBITRARYPROFILEDEFWITHVOIDS(.AREA.,'Hex Nut Profile',#6177,(#6181));
#6183=IFCCARTESIANPOINT((0.,0.,0.));
#6184=IFCDIRECTION((0.,0.,1.));
#6185=IFCDIRECTION((1.,0.,0.));
#6186=IFCAXIS2PLACEMENT3D(#6183,#6184,#6185);
#6187=IFCDIRECTION((0.,0.,1.));
#6188=IFCEXTRUDEDAREASOLID(#6182,#6186,#6187,6.8);
#6189=IFCSHAPEREPRESENTATION(#18,'Body','SweptSolid',(#6188));
#6190=IFCCARTESIANPOINT((0.,0.,0.));
#6191=IFCDIRECTION((0.,0.,1.));
#6192=IFCDIRECTION((1.,0.,0.));
#6193=IFCAXIS2PLACEMENT3D(#6190,#6191,#6192);
#6194=IFCREPRESENTATIONMAP(#6193,#6189);
#6195=IFCDIRECTION((1.,0.,0.));
#6196=IFCDIRECTION((0.,0.,1.));
#6197=IFCDIRECTION((-0.,-1.,-0.));
#6198=IFCCARTESIANPOINT((57.,-180.5,757.5));
#6199=IFCCARTESIANTRANSFORMATIONOPERATOR3D(#6195,#6196,#6198,1.,#6197);
#6200=IFCMAPPEDITEM(#6194,#6199);
#6201=IFCCARTESIANPOINT((57.,-180.5,757.5));
#6202=IFCDIRECTION((-0.,-1.,-0.));
#6203=IFCDIRECTION((1.,0.,0.));
#6204=IFCAXIS2PLACEMENT3D(#6201,#6202,#6203);
#6205=IFCLOCALPLACEMENT(#30,#6204);
#6206=IFCSHAPEREPRESENTATION(#18,'Body','MappedRepresentation',(#6200));
#6207=IFCPRODUCTDEFINITIONSHAPE($,$,(#6206));
#6208=IFCFASTENER('3uLHTu06rFD8Vgyz2OZ4IE',#6,'Bolt Assembly',$,$,#6205,#6207,$);
#6209=IFCQUANTITYLENGTH('Length','Length',$,6.8);
#6210=IFCQUANTITYCOUNT('Count','Count',$,1.);
#6211=IFCELEMENTQUANTITY('32yAcT3bfANwU2kbtGE0j8',#6,'Qto_FastenerBaseQuantities',$,'Custom',(#6209,#6210));
#6212=IFCRELDEFINESBYPROPERTIES('193pnZzNPDmwf_Y7gZHX4_',#6,$,$,(#6208),#6211);
#6213=IFCCARTESIANPOINT((6.5,0.));
#6214=IFCCARTESIANPOINT((3.25,5.62916512459885));
#6215=IFCCARTESIANPOINT((-3.25,5.62916512459885));
#6216=IFCCARTESIANPOINT((-6.5,7.9602041944578E-16));
#6217=IFCCARTESIANPOINT((-3.25,-5.62916512459885));
#6218=IFCCARTESIANPOINT((3.25,-5.62916512459885));
#6219=IFCCARTESIANPOINT((6.5,0.));
#6220=IFCPOLYLINE((#6213,#6214,#6215,#6216,#6217,#6218,#6219));
#6221=IFCCARTESIANPOINT((0.,0.));
#6222=IFCDIRECTION((1.,0.));
#6223=IFCAXIS2PLACEMENT2D(#6221,#6222);
#6224=IFCCIRCLE(#6223,4.);
#6225=IFCARBITRARYPROFILEDEFWITHVOIDS(.AREA.,'Hex Nut Profile',#6220,(#6224));
#6226=IFCCARTESIANPOINT((0.,0.,0.));
#6227=IFCDIRECTION((0.,0.,1.));
#6228=IFCDIRECTION((1.,0.,0.));
#6229=IFCAXIS2PLACEMENT3D(#6226,#6227,#6228);
#6230=IFCDIRECTION((0.,0.,1.));
#6231=IFCEXTRUDEDAREASOLID(#6225,#6229,#6230,6.8);
#6232=IFCSHAPEREPRESENTATION(#18,'Body','SweptSolid',(#6231));
#6233=IFCCARTESIANPOINT((0.,0.,0.));
#6234=IFCDIRECTION((0.,0.,1.));
#6235=IFCDIRECTION((1.,0.,0.));
#6236=IFCAXIS2PLACEMENT3D(#6233,#6234,#6235);
#6237=IFCREPRESENTATIONMAP(#6236,#6232);
#6238=IFCDIRECTION((1.,0.,0.));
#6239=IFCDIRECTION((0.,0.,1.));
#6240=IFCDIRECTION((-0.,-1.,-0.));
#6241=IFCCARTESIANPOINT((-57.,-180.5,567.5));
#6242=IFCCARTESIANTRANSFORMATIONOPERATOR3D(#6238,#6239,#6241,1.,#6240);
#6243=IFCMAPPEDITEM(#6237,#6242);
#6244=IFCCARTESIANPOINT((-57.,-180.5,567.5));
#6245=IFCDIRECTION((-0.,-1.,-0.));
#6246=IFCDIRECTION((1.,0.,0.));
#6247=IFCAXIS2PLACEMENT3D(#6244,#6245,#6246);
#6248=IFCLOCALPLACEMENT(#30,#6247);
#6249=IFCSHAPEREPRESENTATION(#18,'Body','MappedRepresentation',(#6243));
#6250=IFCPRODUCTDEFINITIONSHAPE($,$,(#6249));
#6251=IFCFASTENER('306QifgpPEWwoocpw1UDQv',#6,'Bolt Assembly',$,$,#6248,#6250,$);
#6252=IFCQUANTITYLENGTH('Length','Length',$,6.8);
#6253=IFCQUANTITYCOUNT('Count','Count',$,1.);
#6254=IFCELEMENTQUANTITY('1jZvF0RkX8Uela9UJ2Ytok',#6,'Qto_FastenerBaseQuantities',$,'Custom',(#6252,#6253));
#6255=IFCRELDEFINESBYPROPERTIES('3NgaxSq5L2c98JT01x1cuH',#6,$,$,(#6251),#6254);
#6256=IFCCARTESIANPOINT((6.5,0.));
#6257=IFCCARTESIANPOINT((3.25,5.62916512459885));
#6258=IFCCARTESIANPOINT((-3.25,5.62916512459885));
#6259=IFCCARTESIANPOINT((-6.5,7.9602041944578E-16));
#6260=IFCCARTESIANPOINT((-3.25,-5.62916512459885));
#6261=IFCCARTESIANPOINT((3.25,-5.62916512459885));
#6262=IFCCARTESIANPOINT((6.5,0.));
#6263=IFCPOLYLINE((#6256,#6257,#6258,#6259,#6260,#6261,#6262));
#6264=IFCCARTESIANPOINT((0.,0.));
#6265=IFCDIRECTION((1.,0.));
#6266=IFCAXIS2PLACEMENT2D(#6264,#6265);
#6267=IFCCIRCLE(#6266,4.);
#6268=IFCARBITRARYPROFILEDEFWITHVOIDS(.AREA.,'Hex Nut Profile',#6263,(#6267));
#6269=IFCCARTESIANPOINT((0.,0.,0.));
#6270=IFCDIRECTION((0.,0.,1.));
#6271=IFCDIRECTION((1.,0.,0.));
#6272=IFCAXIS2PLACEMENT3D(#6269,#6270,#6271);
#6273=IFCDIRECTION((0.,0.,1.));
#6274=IFCEXTRUDEDAREASOLID(#6268,#6272,#6273,6.8);
#6275=IFCSHAPEREPRESENTATION(#18,'Body','SweptSolid',(#6274));
#6276=IFCCARTESIANPOINT((0.,0.,0.));
#6277=IFCDIRECTION((0.,0.,1.));
#6278=IFCDIRECTION((1.,0.,0.));
#6279=IFCAXIS2PLACEMENT3D(#6276,#6277,#6278);
#6280=IFCREPRESENTATIONMAP(#6279,#6275);
#6281=IFCDIRECTION((1.,0.,0.));
#6282=IFCDIRECTION((0.,0.,1.));
#6283=IFCDIRECTION((-0.,-1.,-0.));
#6284=IFCCARTESIANPOINT((-27.,-180.5,567.5));
#6285=IFCCARTESIANTRANSFORMATIONOPERATOR3D(#6281,#6282,#6284,1.,#6283);
#6286=IFCMAPPEDITEM(#6280,#6285);
#6287=IFCCARTESIANPOINT((-27.,-180.5,567.5));
#6288=IFCDIRECTION((-0.,-1.,-0.));
#6289=IFCDIRECTION((1.,0.,0.));
#6290=IFCAXIS2PLACEMENT3D(#6287,#6288,#6289);
#6291=IFCLOCALPLACEMENT(#30,#6290);
#6292=IFCSHAPEREPRESENTATION(#18,'Body','MappedRepresentation',(#6286));
#6293=IFCPRODUCTDEFINITIONSHAPE($,$,(#6292));
#6294=IFCFASTENER('3AJri3s3PFUgT$J69bVGMU',#6,'Bolt Assembly',$,$,#6291,#6293,$);
#6295=IFCQUANTITYLENGTH('Length','Length',$,6.8);
#6296=IFCQUANTITYCOUNT('Count','Count',$,1.);
#6297=IFCELEMENTQUANTITY('0NK8ufpXbE9xIuToZ3ObnP',#6,'Qto_FastenerBaseQuantities',$,'Custom',(#6295,#6296));
#6298=IFCRELDEFINESBYPROPERTIES('3eiVm4B0nA3unYI90oMDsb',#6,$,$,(#6294),#6297);
#6299=IFCCARTESIANPOINT((6.5,0.));
#6300=IFCCARTESIANPOINT((3.25,5.62916512459885));
#6301=IFCCARTESIANPOINT((-3.25,5.62916512459885));
#6302=IFCCARTESIANPOINT((-6.5,7.9602041944578E-16));
#6303=IFCCARTESIANPOINT((-3.25,-5.62916512459885));
#6304=IFCCARTESIANPOINT((3.25,-5.62916512459885));
#6305=IFCCARTESIANPOINT((6.5,0.));
#6306=IFCPOLYLINE((#6299,#6300,#6301,#6302,#6303,#6304,#6305));
#6307=IFCCARTESIANPOINT((0.,0.));
#6308=IFCDIRECTION((1.,0.));
#6309=IFCAXIS2PLACEMENT2D(#6307,#6308);
#6310=IFCCIRCLE(#6309,4.);
#6311=IFCARBITRARYPROFILEDEFWITHVOIDS(.AREA.,'Hex Nut Profile',#6306,(#6310));
#6312=IFCCARTESIANPOINT((0.,0.,0.));
#6313=IFCDIRECTION((0.,0.,1.));
#6314=IFCDIRECTION((1.,0.,0.));
#6315=IFCAXIS2PLACEMENT3D(#6312,#6313,#6314);
#6316=IFCDIRECTION((0.,0.,1.));
#6317=IFCEXTRUDEDAREASOLID(#6311,#6315,#6316,6.8);
#6318=IFCSHAPEREPRESENTATION(#18,'Body','SweptSolid',(#6317));
#6319=IFCCARTESIANPOINT((0.,0.,0.));
#6320=IFCDIRECTION((0.,0.,1.));
#6321=IFCDIRECTION((1.,0.,0.));
#6322=IFCAXIS2PLACEMENT3D(#6319,#6320,#6321);
#6323=IFCREPRESENTATIONMAP(#6322,#6318);
#6324=IFCDIRECTION((1.,0.,0.));
#6325=IFCDIRECTION((0.,0.,1.));
#6326=IFCDIRECTION((-0.,-1.,-0.));
#6327=IFCCARTESIANPOINT((27.,-180.5,567.5));
#6328=IFCCARTESIANTRANSFORMATIONOPERATOR3D(#6324,#6325,#6327,1.,#6326);
#6329=IFCMAPPEDITEM(#6323,#6328);
#6330=IFCCARTESIANPOINT((27.,-180.5,567.5));
#6331=IFCDIRECTION((-0.,-1.,-0.));
#6332=IFCDIRECTION((1.,0.,0.));
#6333=IFCAXIS2PLACEMENT3D(#6330,#6331,#6332);
#6334=IFCLOCALPLACEMENT(#30,#6333);
#6335=IFCSHAPEREPRESENTATION(#18,'Body','MappedRepresentation',(#6329));
#6336=IFCPRODUCTDEFINITIONSHAPE($,$,(#6335));
#6337=IFCFASTENER('3zjnoptuP8_ugyKVzcHVGy',#6,'Bolt Assembly',$,$,#6334,#6336,$);
#6338=IFCQUANTITYLENGTH('Length','Length',$,6.8);
#6339=IFCQUANTITYCOUNT('Count','Count',$,1.);
#6340=IFCELEMENTQUANTITY('3JMvxI6LLFEPYqYcZ$X5L7',#6,'Qto_FastenerBaseQuantities',$,'Custom',(#6338,#6339));
#6341=IFCRELDEFINESBYPROPERTIES('36GvW$GnPFIh4b0ibII3r0',#6,$,$,(#6337),#6340);
#6342=IFCCARTESIANPOINT((6.5,0.));
#6343=IFCCARTESIANPOINT((3.25,5.62916512459885));
#6344=IFCCARTESIANPOINT((-3.25,5.62916512459885));
#6345=IFCCARTESIANPOINT((-6.5,7.9602041944578E-16));
#6346=IFCCARTESIANPOINT((-3.25,-5.62916512459885));
#6347=IFCCARTESIANPOINT((3.25,-5.62916512459885));
#6348=IFCCARTESIANPOINT((6.5,0.));
#6349=IFCPOLYLINE((#6342,#6343,#6344,#6345,#6346,#6347,#6348));
#6350=IFCCARTESIANPOINT((0.,0.));
#6351=IFCDIRECTION((1.,0.));
#6352=IFCAXIS2PLACEMENT2D(#6350,#6351);
#6353=IFCCIRCLE(#6352,4.);
#6354=IFCARBITRARYPROFILEDEFWITHVOIDS(.AREA.,'Hex Nut Profile',#6349,(#6353));
#6355=IFCCARTESIANPOINT((0.,0.,0.));
#6356=IFCDIRECTION((0.,0.,1.));
#6357=IFCDIRECTION((1.,0.,0.));
#6358=IFCAXIS2PLACEMENT3D(#6355,#6356,#6357);
#6359=IFCDIRECTION((0.,0.,1.));
#6360=IFCEXTRUDEDAREASOLID(#6354,#6358,#6359,6.8);
#6361=IFCSHAPEREPRESENTATION(#18,'Body','SweptSolid',(#6360));
#6362=IFCCARTESIANPOINT((0.,0.,0.));
#6363=IFCDIRECTION((0.,0.,1.));
#6364=IFCDIRECTION((1.,0.,0.));
#6365=IFCAXIS2PLACEMENT3D(#6362,#6363,#6364);
#6366=IFCREPRESENTATIONMAP(#6365,#6361);
#6367=IFCDIRECTION((1.,0.,0.));
#6368=IFCDIRECTION((0.,0.,1.));
#6369=IFCDIRECTION((-0.,-1.,-0.));
#6370=IFCCARTESIANPOINT((57.,-180.5,567.5));
#6371=IFCCARTESIANTRANSFORMATIONOPERATOR3D(#6367,#6368,#6370,1.,#6369);
#6372=IFCMAPPEDITEM(#6366,#6371);
#6373=IFCCARTESIANPOINT((57.,-180.5,567.5));
#6374=IFCDIRECTION((-0.,-1.,-0.));
#6375=IFCDIRECTION((1.,0.,0.));
#6376=IFCAXIS2PLACEMENT3D(#6373,#6374,#6375);
#6377=IFCLOCALPLACEMENT(#30,#6376);
#6378=IFCSHAPEREPRESENTATION(#18,'Body','MappedRepresentation',(#6372));
#6379=IFCPRODUCTDEFINITIONSHAPE($,$,(#6378));
#6380=IFCFASTENER('3UA$EIkNrC2wBz2ktl94Iv',#6,'Bolt Assembly',$,$,#6377,#6379,$);
#6381=IFCQUANTITYLENGTH('Length','Length',$,6.8);
#6382=IFCQUANTITYCOUNT('Count','Count',$,1.);
#6383=IFCELEMENTQUANTITY('329k2oEwP8Uun5e34XHJu2',#6,'Qto_FastenerBaseQuantities',$,'Custom',(#6381,#6382));
#6384=IFCRELDEFINESBYPROPERTIES('1UJdms4QT2b9qID2sqfNYt',#6,$,$,(#6380),#6383);
#6385=IFCCARTESIANPOINT((6.5,0.));
#6386=IFCCARTESIANPOINT((3.25,5.62916512459885));
#6387=IFCCARTESIANPOINT((-3.25,5.62916512459885));
#6388=IFCCARTESIANPOINT((-6.5,7.9602041944578E-16));
#6389=IFCCARTESIANPOINT((-3.25,-5.62916512459885));
#6390=IFCCARTESIANPOINT((3.25,-5.62916512459885));
#6391=IFCCARTESIANPOINT((6.5,0.));
#6392=IFCPOLYLINE((#6385,#6386,#6387,#6388,#6389,#6390,#6391));
#6393=IFCCARTESIANPOINT((0.,0.));
#6394=IFCDIRECTION((1.,0.));
#6395=IFCAXIS2PLACEMENT2D(#6393,#6394);
#6396=IFCCIRCLE(#6395,4.);
#6397=IFCARBITRARYPROFILEDEFWITHVOIDS(.AREA.,'Hex Nut Profile',#6392,(#6396));
#6398=IFCCARTESIANPOINT((0.,0.,0.));
#6399=IFCDIRECTION((0.,0.,1.));
#6400=IFCDIRECTION((1.,0.,0.));
#6401=IFCAXIS2PLACEMENT3D(#6398,#6399,#6400);
#6402=IFCDIRECTION((0.,0.,1.));
#6403=IFCEXTRUDEDAREASOLID(#6397,#6401,#6402,6.8);
#6404=IFCSHAPEREPRESENTATION(#18,'Body','SweptSolid',(#6403));
#6405=IFCCARTESIANPOINT((0.,0.,0.));
#6406=IFCDIRECTION((0.,0.,1.));
#6407=IFCDIRECTION((1.,0.,0.));
#6408=IFCAXIS2PLACEMENT3D(#6405,#6406,#6407);
#6409=IFCREPRESENTATIONMAP(#6408,#6404);
#6410=IFCDIRECTION((1.,0.,0.));
#6411=IFCDIRECTION((0.,0.,1.));
#6412=IFCDIRECTION((-0.,-1.,-0.));
#6413=IFCCARTESIANPOINT((-57.,-180.5,727.5));
#6414=IFCCARTESIANTRANSFORMATIONOPERATOR3D(#6410,#6411,#6413,1.,#6412);
#6415=IFCMAPPEDITEM(#6409,#6414);
#6416=IFCCARTESIANPOINT((-57.,-180.5,727.5));
#6417=IFCDIRECTION((-0.,-1.,-0.));
#6418=IFCDIRECTION((1.,0.,0.));
#6419=IFCAXIS2PLACEMENT3D(#6416,#6417,#6418);
#6420=IFCLOCALPLACEMENT(#30,#6419);
#6421=IFCSHAPEREPRESENTATION(#18,'Body','MappedRepresentation',(#6415));
#6422=IFCPRODUCTDEFINITIONSHAPE($,$,(#6421));
#6423=IFCFASTENER('00$mSpjBnE4vZQS7gMadz3',#6,'Bolt Assembly',$,$,#6420,#6422,$);
#6424=IFCQUANTITYLENGTH('Length','Length',$,6.8);
#6425=IFCQUANTITYCOUNT('Count','Count',$,1.);
#6426=IFCELEMENTQUANTITY('3esr7gHov3kQit5pSV8ith',#6,'Qto_FastenerBaseQuantities',$,'Custom',(#6424,#6425));
#6427=IFCRELDEFINESBYPROPERTIES('3q22h8GN1DQeXIwnWQoiDM',#6,$,$,(#6423),#6426);
#6428=IFCCARTESIANPOINT((6.5,0.));
#6429=IFCCARTESIANPOINT((3.25,5.62916512459885));
#6430=IFCCARTESIANPOINT((-3.25,5.62916512459885));
#6431=IFCCARTESIANPOINT((-6.5,7.9602041944578E-16));
#6432=IFCCARTESIANPOINT((-3.25,-5.62916512459885));
#6433=IFCCARTESIANPOINT((3.25,-5.62916512459885));
#6434=IFCCARTESIANPOINT((6.5,0.));
#6435=IFCPOLYLINE((#6428,#6429,#6430,#6431,#6432,#6433,#6434));
#6436=IFCCARTESIANPOINT((0.,0.));
#6437=IFCDIRECTION((1.,0.));
#6438=IFCAXIS2PLACEMENT2D(#6436,#6437);
#6439=IFCCIRCLE(#6438,4.);
#6440=IFCARBITRARYPROFILEDEFWITHVOIDS(.AREA.,'Hex Nut Profile',#6435,(#6439));
#6441=IFCCARTESIANPOINT((0.,0.,0.));
#6442=IFCDIRECTION((0.,0.,1.));
#6443=IFCDIRECTION((1.,0.,0.));
#6444=IFCAXIS2PLACEMENT3D(#6441,#6442,#6443);
#6445=IFCDIRECTION((0.,0.,1.));
#6446=IFCEXTRUDEDAREASOLID(#6440,#6444,#6445,6.8);
#6447=IFCSHAPEREPRESENTATION(#18,'Body','SweptSolid',(#6446));
#6448=IFCCARTESIANPOINT((0.,0.,0.));
#6449=IFCDIRECTION((0.,0.,1.));
#6450=IFCDIRECTION((1.,0.,0.));
#6451=IFCAXIS2PLACEMENT3D(#6448,#6449,#6450);
#6452=IFCREPRESENTATIONMAP(#6451,#6447);
#6453=IFCDIRECTION((1.,0.,0.));
#6454=IFCDIRECTION((0.,0.,1.));
#6455=IFCDIRECTION((-0.,-1.,-0.));
#6456=IFCCARTESIANPOINT((-27.,-180.5,727.5));
#6457=IFCCARTESIANTRANSFORMATIONOPERATOR3D(#6453,#6454,#6456,1.,#6455);
#6458=IFCMAPPEDITEM(#6452,#6457);
#6459=IFCCARTESIANPOINT((-27.,-180.5,727.5));
#6460=IFCDIRECTION((-0.,-1.,-0.));
#6461=IFCDIRECTION((1.,0.,0.));
#6462=IFCAXIS2PLACEMENT3D(#6459,#6460,#6461);
#6463=IFCLOCALPLACEMENT(#30,#6462);
#6464=IFCSHAPEREPRESENTATION(#18,'Body','MappedRepresentation',(#6458));
#6465=IFCPRODUCTDEFINITIONSHAPE($,$,(#6464));
#6466=IFCFASTENER('1dL5bYXtH229I70WF7irXo',#6,'Bolt Assembly',$,$,#6463,#6465,$);
#6467=IFCQUANTITYLENGTH('Length','Length',$,6.8);
#6468=IFCQUANTITYCOUNT('Count','Count',$,1.);
#6469=IFCELEMENTQUANTITY('00FViOJ8551PGD1MEmB1sT',#6,'Qto_FastenerBaseQuantities',$,'Custom',(#6467,#6468));
#6470=IFCRELDEFINESBYPROPERTIES('2K_eEEVoT0Yu3bAZyhRh7C',#6,$,$,(#6466),#6469);
#6471=IFCCARTESIANPOINT((6.5,0.));
#6472=IFCCARTESIANPOINT((3.25,5.62916512459885));
#6473=IFCCARTESIANPOINT((-3.25,5.62916512459885));
#6474=IFCCARTESIANPOINT((-6.5,7.9602041944578E-16));
#6475=IFCCARTESIANPOINT((-3.25,-5.62916512459885));
#6476=IFCCARTESIANPOINT((3.25,-5.62916512459885));
#6477=IFCCARTESIANPOINT((6.5,0.));
#6478=IFCPOLYLINE((#6471,#6472,#6473,#6474,#6475,#6476,#6477));
#6479=IFCCARTESIANPOINT((0.,0.));
#6480=IFCDIRECTION((1.,0.));
#6481=IFCAXIS2PLACEMENT2D(#6479,#6480);
#6482=IFCCIRCLE(#6481,4.);
#6483=IFCARBITRARYPROFILEDEFWITHVOIDS(.AREA.,'Hex Nut Profile',#6478,(#6482));
#6484=IFCCARTESIANPOINT((0.,0.,0.));
#6485=IFCDIRECTION((0.,0.,1.));
#6486=IFCDIRECTION((1.,0.,0.));
#6487=IFCAXIS2PLACEMENT3D(#6484,#6485,#6486);
#6488=IFCDIRECTION((0.,0.,1.));
#6489=IFCEXTRUDEDAREASOLID(#6483,#6487,#6488,6.8);
#6490=IFCSHAPEREPRESENTATION(#18,'Body','SweptSolid',(#6489));
#6491=IFCCARTESIANPOINT((0.,0.,0.));
#6492=IFCDIRECTION((0.,0.,1.));
#6493=IFCDIRECTION((1.,0.,0.));
#6494=IFCAXIS2PLACEMENT3D(#6491,#6492,#6493);
#6495=IFCREPRESENTATIONMAP(#6494,#6490);
#6496=IFCDIRECTION((1.,0.,0.));
#6497=IFCDIRECTION((0.,0.,1.));
#6498=IFCDIRECTION((-0.,-1.,-0.));
#6499=IFCCARTESIANPOINT((27.,-180.5,727.5));
#6500=IFCCARTESIANTRANSFORMATIONOPERATOR3D(#6496,#6497,#6499,1.,#6498);
#6501=IFCMAPPEDITEM(#6495,#6500);
#6502=IFCCARTESIANPOINT((27.,-180.5,727.5));
#6503=IFCDIRECTION((-0.,-1.,-0.));
#6504=IFCDIRECTION((1.,0.,0.));
#6505=IFCAXIS2PLACEMENT3D(#6502,#6503,#6504);
#6506=IFCLOCALPLACEMENT(#30,#6505);
#6507=IFCSHAPEREPRESENTATION(#18,'Body','MappedRepresentation',(#6501));
#6508=IFCPRODUCTDEFINITIONSHAPE($,$,(#6507));
#6509=IFCFASTENER('21ME_sVqbElPV1El$$ffjt',#6,'Bolt Assembly',$,$,#6506,#6508,$);
#6510=IFCQUANTITYLENGTH('Length','Length',$,6.8);
#6511=IFCQUANTITYCOUNT('Count','Count',$,1.);
#6512=IFCELEMENTQUANTITY('2OE1xOfjPEtPMhuoCgc6kY',#6,'Qto_FastenerBaseQuantities',$,'Custom',(#6510,#6511));
#6513=IFCRELDEFINESBYPROPERTIES('1GoQIVbSDCCx38GNyXthcf',#6,$,$,(#6509),#6512);
#6514=IFCCARTESIANPOINT((6.5,0.));
#6515=IFCCARTESIANPOINT((3.25,5.62916512459885));
#6516=IFCCARTESIANPOINT((-3.25,5.62916512459885));
#6517=IFCCARTESIANPOINT((-6.5,7.9602041944578E-16));
#6518=IFCCARTESIANPOINT((-3.25,-5.62916512459885));
#6519=IFCCARTESIANPOINT((3.25,-5.62916512459885));
#6520=IFCCARTESIANPOINT((6.5,0.));
#6521=IFCPOLYLINE((#6514,#6515,#6516,#6517,#6518,#6519,#6520));
#6522=IFCCARTESIANPOINT((0.,0.));
#6523=IFCDIRECTION((1.,0.));
#6524=IFCAXIS2PLACEMENT2D(#6522,#6523);
#6525=IFCCIRCLE(#6524,4.);
#6526=IFCARBITRARYPROFILEDEFWITHVOIDS(.AREA.,'Hex Nut Profile',#6521,(#6525));
#6527=IFCCARTESIANPOINT((0.,0.,0.));
#6528=IFCDIRECTION((0.,0.,1.));
#6529=IFCDIRECTION((1.,0.,0.));
#6530=IFCAXIS2PLACEMENT3D(#6527,#6528,#6529);
#6531=IFCDIRECTION((0.,0.,1.));
#6532=IFCEXTRUDEDAREASOLID(#6526,#6530,#6531,6.8);
#6533=IFCSHAPEREPRESENTATION(#18,'Body','SweptSolid',(#6532));
#6534=IFCCARTESIANPOINT((0.,0.,0.));
#6535=IFCDIRECTION((0.,0.,1.));
#6536=IFCDIRECTION((1.,0.,0.));
#6537=IFCAXIS2PLACEMENT3D(#6534,#6535,#6536);
#6538=IFCREPRESENTATIONMAP(#6537,#6533);
#6539=IFCDIRECTION((1.,0.,0.));
#6540=IFCDIRECTION((0.,0.,1.));
#6541=IFCDIRECTION((-0.,-1.,-0.));
#6542=IFCCARTESIANPOINT((57.,-180.5,727.5));
#6543=IFCCARTESIANTRANSFORMATIONOPERATOR3D(#6539,#6540,#6542,1.,#6541);
#6544=IFCMAPPEDITEM(#6538,#6543);
#6545=IFCCARTESIANPOINT((57.,-180.5,727.5));
#6546=IFCDIRECTION((-0.,-1.,-0.));
#6547=IFCDIRECTION((1.,0.,0.));
#6548=IFCAXIS2PLACEMENT3D(#6545,#6546,#6547);
#6549=IFCLOCALPLACEMENT(#30,#6548);
#6550=IFCSHAPEREPRESENTATION(#18,'Body','MappedRepresentation',(#6544));
#6551=IFCPRODUCTDEFINITIONSHAPE($,$,(#6550));
#6552=IFCFASTENER('3Pcrm131D0HR5Xml8PWMiS',#6,'Bolt Assembly',$,$,#6549,#6551,$);
#6553=IFCQUANTITYLENGTH('Length','Length',$,6.8);
#6554=IFCQUANTITYCOUNT('Count','Count',$,1.);
#6555=IFCELEMENTQUANTITY('2Pictt3pn9AQfuSFPwSZy3',#6,'Qto_FastenerBaseQuantities',$,'Custom',(#6553,#6554));
#6556=IFCRELDEFINESBYPROPERTIES('0mIE4HBp90ng6YWjYnYVwu',#6,$,$,(#6552),#6555);
#6557=IFCCARTESIANPOINT((6.5,0.));
#6558=IFCCARTESIANPOINT((3.25,5.62916512459885));
#6559=IFCCARTESIANPOINT((-3.25,5.62916512459885));
#6560=IFCCARTESIANPOINT((-6.5,7.9602041944578E-16));
#6561=IFCCARTESIANPOINT((-3.25,-5.62916512459885));
#6562=IFCCARTESIANPOINT((3.25,-5.62916512459885));
#6563=IFCCARTESIANPOINT((6.5,0.));
#6564=IFCPOLYLINE((#6557,#6558,#6559,#6560,#6561,#6562,#6563));
#6565=IFCCARTESIANPOINT((0.,0.));
#6566=IFCDIRECTION((1.,0.));
#6567=IFCAXIS2PLACEMENT2D(#6565,#6566);
#6568=IFCCIRCLE(#6567,4.);
#6569=IFCARBITRARYPROFILEDEFWITHVOIDS(.AREA.,'Hex Nut Profile',#6564,(#6568));
#6570=IFCCARTESIANPOINT((0.,0.,0.));
#6571=IFCDIRECTION((0.,0.,1.));
#6572=IFCDIRECTION((1.,0.,0.));
#6573=IFCAXIS2PLACEMENT3D(#6570,#6571,#6572);
#6574=IFCDIRECTION((0.,0.,1.));
#6575=IFCEXTRUDEDAREASOLID(#6569,#6573,#6574,6.8);
#6576=IFCSHAPEREPRESENTATION(#18,'Body','SweptSolid',(#6575));
#6577=IFCCARTESIANPOINT((0.,0.,0.));
#6578=IFCDIRECTION((0.,0.,1.));
#6579=IFCDIRECTION((1.,0.,0.));
#6580=IFCAXIS2PLACEMENT3D(#6577,#6578,#6579);
#6581=IFCREPRESENTATIONMAP(#6580,#6576);
#6582=IFCDIRECTION((1.,0.,0.));
#6583=IFCDIRECTION((0.,0.,1.));
#6584=IFCDIRECTION((-0.,-1.,-0.));
#6585=IFCCARTESIANPOINT((-57.,-180.5,597.5));
#6586=IFCCARTESIANTRANSFORMATIONOPERATOR3D(#6582,#6583,#6585,1.,#6584);
#6587=IFCMAPPEDITEM(#6581,#6586);
#6588=IFCCARTESIANPOINT((-57.,-180.5,597.5));
#6589=IFCDIRECTION((-0.,-1.,-0.));
#6590=IFCDIRECTION((1.,0.,0.));
#6591=IFCAXIS2PLACEMENT3D(#6588,#6589,#6590);
#6592=IFCLOCALPLACEMENT(#30,#6591);
#6593=IFCSHAPEREPRESENTATION(#18,'Body','MappedRepresentation',(#6587));
#6594=IFCPRODUCTDEFINITIONSHAPE($,$,(#6593));
#6595=IFCFASTENER('02XseA2u1BXgf1PdU9qKbI',#6,'Bolt Assembly',$,$,#6592,#6594,$);
#6596=IFCQUANTITYLENGTH('Length','Length',$,6.8);
#6597=IFCQUANTITYCOUNT('Count','Count',$,1.);
#6598=IFCELEMENTQUANTITY('20H8anh7jFAxI7LNhSQWxj',#6,'Qto_FastenerBaseQuantities',$,'Custom',(#6596,#6597));
#6599=IFCRELDEFINESBYPROPERTIES('3QNiw03O56EwxcsKh_4XvF',#6,$,$,(#6595),#6598);
#6600=IFCCARTESIANPOINT((6.5,0.));
#6601=IFCCARTESIANPOINT((3.25,5.62916512459885));
#6602=IFCCARTESIANPOINT((-3.25,5.62916512459885));
#6603=IFCCARTESIANPOINT((-6.5,7.9602041944578E-16));
#6604=IFCCARTESIANPOINT((-3.25,-5.62916512459885));
#6605=IFCCARTESIANPOINT((3.25,-5.62916512459885));
#6606=IFCCARTESIANPOINT((6.5,0.));
#6607=IFCPOLYLINE((#6600,#6601,#6602,#6603,#6604,#6605,#6606));
#6608=IFCCARTESIANPOINT((0.,0.));
#6609=IFCDIRECTION((1.,0.));
#6610=IFCAXIS2PLACEMENT2D(#6608,#6609);
#6611=IFCCIRCLE(#6610,4.);
#6612=IFCARBITRARYPROFILEDEFWITHVOIDS(.AREA.,'Hex Nut Profile',#6607,(#6611));
#6613=IFCCARTESIANPOINT((0.,0.,0.));
#6614=IFCDIRECTION((0.,0.,1.));
#6615=IFCDIRECTION((1.,0.,0.));
#6616=IFCAXIS2PLACEMENT3D(#6613,#6614,#6615);
#6617=IFCDIRECTION((0.,0.,1.));
#6618=IFCEXTRUDEDAREASOLID(#6612,#6616,#6617,6.8);
#6619=IFCSHAPEREPRESENTATION(#18,'Body','SweptSolid',(#6618));
#6620=IFCCARTESIANPOINT((0.,0.,0.));
#6621=IFCDIRECTION((0.,0.,1.));
#6622=IFCDIRECTION((1.,0.,0.));
#6623=IFCAXIS2PLACEMENT3D(#6620,#6621,#6622);
#6624=IFCREPRESENTATIONMAP(#6623,#6619);
#6625=IFCDIRECTION((1.,0.,0.));
#6626=IFCDIRECTION((0.,0.,1.));
#6627=IFCDIRECTION((-0.,-1.,-0.));
#6628=IFCCARTESIANPOINT((-27.,-180.5,597.5));
#6629=IFCCARTESIANTRANSFORMATIONOPERATOR3D(#6625,#6626,#6628,1.,#6627);
#6630=IFCMAPPEDITEM(#6624,#6629);
#6631=IFCCARTESIANPOINT((-27.,-180.5,597.5));
#6632=IFCDIRECTION((-0.,-1.,-0.));
#6633=IFCDIRECTION((1.,0.,0.));
#6634=IFCAXIS2PLACEMENT3D(#6631,#6632,#6633);
#6635=IFCLOCALPLACEMENT(#30,#6634);
#6636=IFCSHAPEREPRESENTATION(#18,'Body','MappedRepresentation',(#6630));
#6637=IFCPRODUCTDEFINITIONSHAPE($,$,(#6636));
#6638=IFCFASTENER('0a6fMYf81EYPc6mpXSuoAF',#6,'Bolt Assembly',$,$,#6635,#6637,$);
#6639=IFCQUANTITYLENGTH('Length','Length',$,6.8);
#6640=IFCQUANTITYCOUNT('Count','Count',$,1.);
#6641=IFCELEMENTQUANTITY('37$YKRkUfC3B$hlZVXDldM',#6,'Qto_FastenerBaseQuantities',$,'Custom',(#6639,#6640));
#6642=IFCRELDEFINESBYPROPERTIES('2SPV5XsEzEFheOx42D14p_',#6,$,$,(#6638),#6641);
#6643=IFCCARTESIANPOINT((6.5,0.));
#6644=IFCCARTESIANPOINT((3.25,5.62916512459885));
#6645=IFCCARTESIANPOINT((-3.25,5.62916512459885));
#6646=IFCCARTESIANPOINT((-6.5,7.9602041944578E-16));
#6647=IFCCARTESIANPOINT((-3.25,-5.62916512459885));
#6648=IFCCARTESIANPOINT((3.25,-5.62916512459885));
#6649=IFCCARTESIANPOINT((6.5,0.));
#6650=IFCPOLYLINE((#6643,#6644,#6645,#6646,#6647,#6648,#6649));
#6651=IFCCARTESIANPOINT((0.,0.));
#6652=IFCDIRECTION((1.,0.));
#6653=IFCAXIS2PLACEMENT2D(#6651,#6652);
#6654=IFCCIRCLE(#6653,4.);
#6655=IFCARBITRARYPROFILEDEFWITHVOIDS(.AREA.,'Hex Nut Profile',#6650,(#6654));
#6656=IFCCARTESIANPOINT((0.,0.,0.));
#6657=IFCDIRECTION((0.,0.,1.));
#6658=IFCDIRECTION((1.,0.,0.));
#6659=IFCAXIS2PLACEMENT3D(#6656,#6657,#6658);
#6660=IFCDIRECTION((0.,0.,1.));
#6661=IFCEXTRUDEDAREASOLID(#6655,#6659,#6660,6.8);
#6662=IFCSHAPEREPRESENTATION(#18,'Body','SweptSolid',(#6661));
#6663=IFCCARTESIANPOINT((0.,0.,0.));
#6664=IFCDIRECTION((0.,0.,1.));
#6665=IFCDIRECTION((1.,0.,0.));
#6666=IFCAXIS2PLACEMENT3D(#6663,#6664,#6665);
#6667=IFCREPRESENTATIONMAP(#6666,#6662);
#6668=IFCDIRECTION((1.,0.,0.));
#6669=IFCDIRECTION((0.,0.,1.));
#6670=IFCDIRECTION((-0.,-1.,-0.));
#6671=IFCCARTESIANPOINT((27.,-180.5,597.5));
#6672=IFCCARTESIANTRANSFORMATIONOPERATOR3D(#6668,#6669,#6671,1.,#6670);
#6673=IFCMAPPEDITEM(#6667,#6672);
#6674=IFCCARTESIANPOINT((27.,-180.5,597.5));
#6675=IFCDIRECTION((-0.,-1.,-0.));
#6676=IFCDIRECTION((1.,0.,0.));
#6677=IFCAXIS2PLACEMENT3D(#6674,#6675,#6676);
#6678=IFCLOCALPLACEMENT(#30,#6677);
#6679=IFCSHAPEREPRESENTATION(#18,'Body','MappedRepresentation',(#6673));
#6680=IFCPRODUCTDEFINITIONSHAPE($,$,(#6679));
#6681=IFCFASTENER('064HWhNZ57E9v1omMK3WoV',#6,'Bolt Assembly',$,$,#6678,#6680,$);
#6682=IFCQUANTITYLENGTH('Length','Length',$,6.8);
#6683=IFCQUANTITYCOUNT('Count','Count',$,1.);
#6684=IFCELEMENTQUANTITY('3IOHWD9rrCYOjV7loBCKDm',#6,'Qto_FastenerBaseQuantities',$,'Custom',(#6682,#6683));
#6685=IFCRELDEFINESBYPROPERTIES('0rTwbgUZn7guTjQbzrsjKj',#6,$,$,(#6681),#6684);
#6686=IFCCARTESIANPOINT((6.5,0.));
#6687=IFCCARTESIANPOINT((3.25,5.62916512459885));
#6688=IFCCARTESIANPOINT((-3.25,5.62916512459885));
#6689=IFCCARTESIANPOINT((-6.5,7.9602041944578E-16));
#6690=IFCCARTESIANPOINT((-3.25,-5.62916512459885));
#6691=IFCCARTESIANPOINT((3.25,-5.62916512459885));
#6692=IFCCARTESIANPOINT((6.5,0.));
#6693=IFCPOLYLINE((#6686,#6687,#6688,#6689,#6690,#6691,#6692));
#6694=IFCCARTESIANPOINT((0.,0.));
#6695=IFCDIRECTION((1.,0.));
#6696=IFCAXIS2PLACEMENT2D(#6694,#6695);
#6697=IFCCIRCLE(#6696,4.);
#6698=IFCARBITRARYPROFILEDEFWITHVOIDS(.AREA.,'Hex Nut Profile',#6693,(#6697));
#6699=IFCCARTESIANPOINT((0.,0.,0.));
#6700=IFCDIRECTION((0.,0.,1.));
#6701=IFCDIRECTION((1.,0.,0.));
#6702=IFCAXIS2PLACEMENT3D(#6699,#6700,#6701);
#6703=IFCDIRECTION((0.,0.,1.));
#6704=IFCEXTRUDEDAREASOLID(#6698,#6702,#6703,6.8);
#6705=IFCSHAPEREPRESENTATION(#18,'Body','SweptSolid',(#6704));
#6706=IFCCARTESIANPOINT((0.,0.,0.));
#6707=IFCDIRECTION((0.,0.,1.));
#6708=IFCDIRECTION((1.,0.,0.));
#6709=IFCAXIS2PLACEMENT3D(#6706,#6707,#6708);
#6710=IFCREPRESENTATIONMAP(#6709,#6705);
#6711=IFCDIRECTION((1.,0.,0.));
#6712=IFCDIRECTION((0.,0.,1.));
#6713=IFCDIRECTION((-0.,-1.,-0.));
#6714=IFCCARTESIANPOINT((57.,-180.5,597.5));
#6715=IFCCARTESIANTRANSFORMATIONOPERATOR3D(#6711,#6712,#6714,1.,#6713);
#6716=IFCMAPPEDITEM(#6710,#6715);
#6717=IFCCARTESIANPOINT((57.,-180.5,597.5));
#6718=IFCDIRECTION((-0.,-1.,-0.));
#6719=IFCDIRECTION((1.,0.,0.));
#6720=IFCAXIS2PLACEMENT3D(#6717,#6718,#6719);
#6721=IFCLOCALPLACEMENT(#30,#6720);
#6722=IFCSHAPEREPRESENTATION(#18,'Body','MappedRepresentation',(#6716));
#6723=IFCPRODUCTDEFINITIONSHAPE($,$,(#6722));
#6724=IFCFASTENER('3lwJNmHaHEUgOuertU3BqP',#6,'Bolt Assembly',$,$,#6721,#6723,$);
#6725=IFCQUANTITYLENGTH('Length','Length',$,6.8);
#6726=IFCQUANTITYCOUNT('Count','Count',$,1.);
#6727=IFCELEMENTQUANTITY('3$hzKe5BDB_RkJCREnkPjQ',#6,'Qto_FastenerBaseQuantities',$,'Custom',(#6725,#6726));
#6728=IFCRELDEFINESBYPROPERTIES('0runveZtrFRup6IAXfox$I',#6,$,$,(#6724),#6727);
#6729=IFCCARTESIANPOINT((6.5,0.));
#6730=IFCCARTESIANPOINT((3.25,5.62916512459885));
#6731=IFCCARTESIANPOINT((-3.25,5.62916512459885));
#6732=IFCCARTESIANPOINT((-6.5,7.9602041944578E-16));
#6733=IFCCARTESIANPOINT((-3.25,-5.62916512459885));
#6734=IFCCARTESIANPOINT((3.25,-5.62916512459885));
#6735=IFCCARTESIANPOINT((6.5,0.));
#6736=IFCPOLYLINE((#6729,#6730,#6731,#6732,#6733,#6734,#6735));
#6737=IFCCARTESIANPOINT((0.,0.));
#6738=IFCDIRECTION((1.,0.));
#6739=IFCAXIS2PLACEMENT2D(#6737,#6738);
#6740=IFCCIRCLE(#6739,4.);
#6741=IFCARBITRARYPROFILEDEFWITHVOIDS(.AREA.,'Hex Nut Profile',#6736,(#6740));
#6742=IFCCARTESIANPOINT((0.,0.,0.));
#6743=IFCDIRECTION((0.,0.,1.));
#6744=IFCDIRECTION((1.,0.,0.));
#6745=IFCAXIS2PLACEMENT3D(#6742,#6743,#6744);
#6746=IFCDIRECTION((0.,0.,1.));
#6747=IFCEXTRUDEDAREASOLID(#6741,#6745,#6746,6.8);
#6748=IFCSHAPEREPRESENTATION(#18,'Body','SweptSolid',(#6747));
#6749=IFCCARTESIANPOINT((0.,0.,0.));
#6750=IFCDIRECTION((0.,0.,1.));
#6751=IFCDIRECTION((1.,0.,0.));
#6752=IFCAXIS2PLACEMENT3D(#6749,#6750,#6751);
#6753=IFCREPRESENTATIONMAP(#6752,#6748);
#6754=IFCDIRECTION((1.,0.,0.));
#6755=IFCDIRECTION((0.,0.,1.));
#6756=IFCDIRECTION((-0.,-1.,-0.));
#6757=IFCCARTESIANPOINT((-57.,-180.5,697.5));
#6758=IFCCARTESIANTRANSFORMATIONOPERATOR3D(#6754,#6755,#6757,1.,#6756);
#6759=IFCMAPPEDITEM(#6753,#6758);
#6760=IFCCARTESIANPOINT((-57.,-180.5,697.5));
#6761=IFCDIRECTION((-0.,-1.,-0.));
#6762=IFCDIRECTION((1.,0.,0.));
#6763=IFCAXIS2PLACEMENT3D(#6760,#6761,#6762);
#6764=IFCLOCALPLACEMENT(#30,#6763);
#6765=IFCSHAPEREPRESENTATION(#18,'Body','MappedRepresentation',(#6759));
#6766=IFCPRODUCTDEFINITIONSHAPE($,$,(#6765));
#6767=IFCFASTENER('2TJFNiOJ19tf_nekEOfRDz',#6,'Bolt Assembly',$,$,#6764,#6766,$);
#6768=IFCQUANTITYLENGTH('Length','Length',$,6.8);
#6769=IFCQUANTITYCOUNT('Count','Count',$,1.);
#6770=IFCELEMENTQUANTITY('3JbWXdpb1FzeMSRYKaCJ3B',#6,'Qto_FastenerBaseQuantities',$,'Custom',(#6768,#6769));
#6771=IFCRELDEFINESBYPROPERTIES('3NyX9DaAbFCOp1MZhrSs19',#6,$,$,(#6767),#6770);
#6772=IFCCARTESIANPOINT((6.5,0.));
#6773=IFCCARTESIANPOINT((3.25,5.62916512459885));
#6774=IFCCARTESIANPOINT((-3.25,5.62916512459885));
#6775=IFCCARTESIANPOINT((-6.5,7.9602041944578E-16));
#6776=IFCCARTESIANPOINT((-3.25,-5.62916512459885));
#6777=IFCCARTESIANPOINT((3.25,-5.62916512459885));
#6778=IFCCARTESIANPOINT((6.5,0.));
#6779=IFCPOLYLINE((#6772,#6773,#6774,#6775,#6776,#6777,#6778));
#6780=IFCCARTESIANPOINT((0.,0.));
#6781=IFCDIRECTION((1.,0.));
#6782=IFCAXIS2PLACEMENT2D(#6780,#6781);
#6783=IFCCIRCLE(#6782,4.);
#6784=IFCARBITRARYPROFILEDEFWITHVOIDS(.AREA.,'Hex Nut Profile',#6779,(#6783));
#6785=IFCCARTESIANPOINT((0.,0.,0.));
#6786=IFCDIRECTION((0.,0.,1.));
#6787=IFCDIRECTION((1.,0.,0.));
#6788=IFCAXIS2PLACEMENT3D(#6785,#6786,#6787);
#6789=IFCDIRECTION((0.,0.,1.));
#6790=IFCEXTRUDEDAREASOLID(#6784,#6788,#6789,6.8);
#6791=IFCSHAPEREPRESENTATION(#18,'Body','SweptSolid',(#6790));
#6792=IFCCARTESIANPOINT((0.,0.,0.));
#6793=IFCDIRECTION((0.,0.,1.));
#6794=IFCDIRECTION((1.,0.,0.));
#6795=IFCAXIS2PLACEMENT3D(#6792,#6793,#6794);
#6796=IFCREPRESENTATIONMAP(#6795,#6791);
#6797=IFCDIRECTION((1.,0.,0.));
#6798=IFCDIRECTION((0.,0.,1.));
#6799=IFCDIRECTION((-0.,-1.,-0.));
#6800=IFCCARTESIANPOINT((-27.,-180.5,697.5));
#6801=IFCCARTESIANTRANSFORMATIONOPERATOR3D(#6797,#6798,#6800,1.,#6799);
#6802=IFCMAPPEDITEM(#6796,#6801);
#6803=IFCCARTESIANPOINT((-27.,-180.5,697.5));
#6804=IFCDIRECTION((-0.,-1.,-0.));
#6805=IFCDIRECTION((1.,0.,0.));
#6806=IFCAXIS2PLACEMENT3D(#6803,#6804,#6805);
#6807=IFCLOCALPLACEMENT(#30,#6806);
#6808=IFCSHAPEREPRESENTATION(#18,'Body','MappedRepresentation',(#6802));
#6809=IFCPRODUCTDEFINITIONSHAPE($,$,(#6808));
#6810=IFCFASTENER('1keBu5v9DAVucM8JgCCnrC',#6,'Bolt Assembly',$,$,#6807,#6809,$);
#6811=IFCQUANTITYLENGTH('Length','Length',$,6.8);
#6812=IFCQUANTITYCOUNT('Count','Count',$,1.);
#6813=IFCELEMENTQUANTITY('0pXeu1QD9Ci8iEknbiWQlO',#6,'Qto_FastenerBaseQuantities',$,'Custom',(#6811,#6812));
#6814=IFCRELDEFINESBYPROPERTIES('2VdngOLS96tRRvI7tlBowG',#6,$,$,(#6810),#6813);
#6815=IFCCARTESIANPOINT((6.5,0.));
#6816=IFCCARTESIANPOINT((3.25,5.62916512459885));
#6817=IFCCARTESIANPOINT((-3.25,5.62916512459885));
#6818=IFCCARTESIANPOINT((-6.5,7.9602041944578E-16));
#6819=IFCCARTESIANPOINT((-3.25,-5.62916512459885));
#6820=IFCCARTESIANPOINT((3.25,-5.62916512459885));
#6821=IFCCARTESIANPOINT((6.5,0.));
#6822=IFCPOLYLINE((#6815,#6816,#6817,#6818,#6819,#6820,#6821));
#6823=IFCCARTESIANPOINT((0.,0.));
#6824=IFCDIRECTION((1.,0.));
#6825=IFCAXIS2PLACEMENT2D(#6823,#6824);
#6826=IFCCIRCLE(#6825,4.);
#6827=IFCARBITRARYPROFILEDEFWITHVOIDS(.AREA.,'Hex Nut Profile',#6822,(#6826));
#6828=IFCCARTESIANPOINT((0.,0.,0.));
#6829=IFCDIRECTION((0.,0.,1.));
#6830=IFCDIRECTION((1.,0.,0.));
#6831=IFCAXIS2PLACEMENT3D(#6828,#6829,#6830);
#6832=IFCDIRECTION((0.,0.,1.));
#6833=IFCEXTRUDEDAREASOLID(#6827,#6831,#6832,6.8);
#6834=IFCSHAPEREPRESENTATION(#18,'Body','SweptSolid',(#6833));
#6835=IFCCARTESIANPOINT((0.,0.,0.));
#6836=IFCDIRECTION((0.,0.,1.));
#6837=IFCDIRECTION((1.,0.,0.));
#6838=IFCAXIS2PLACEMENT3D(#6835,#6836,#6837);
#6839=IFCREPRESENTATIONMAP(#6838,#6834);
#6840=IFCDIRECTION((1.,0.,0.));
#6841=IFCDIRECTION((0.,0.,1.));
#6842=IFCDIRECTION((-0.,-1.,-0.));
#6843=IFCCARTESIANPOINT((27.,-180.5,697.5));
#6844=IFCCARTESIANTRANSFORMATIONOPERATOR3D(#6840,#6841,#6843,1.,#6842);
#6845=IFCMAPPEDITEM(#6839,#6844);
#6846=IFCCARTESIANPOINT((27.,-180.5,697.5));
#6847=IFCDIRECTION((-0.,-1.,-0.));
#6848=IFCDIRECTION((1.,0.,0.));
#6849=IFCAXIS2PLACEMENT3D(#6846,#6847,#6848);
#6850=IFCLOCALPLACEMENT(#30,#6849);
#6851=IFCSHAPEREPRESENTATION(#18,'Body','MappedRepresentation',(#6845));
#6852=IFCPRODUCTDEFINITIONSHAPE($,$,(#6851));
#6853=IFCFASTENER('0uOnoXTsbCS8bkx3KUO77S',#6,'Bolt Assembly',$,$,#6850,#6852,$);
#6854=IFCQUANTITYLENGTH('Length','Length',$,6.8);
#6855=IFCQUANTITYCOUNT('Count','Count',$,1.);
#6856=IFCELEMENTQUANTITY('1vxI2yTZ5DPu_S0lckIuGz',#6,'Qto_FastenerBaseQuantities',$,'Custom',(#6854,#6855));
#6857=IFCRELDEFINESBYPROPERTIES('1K2cyATuv0hRH1zbaOTUtS',#6,$,$,(#6853),#6856);
#6858=IFCCARTESIANPOINT((6.5,0.));
#6859=IFCCARTESIANPOINT((3.25,5.62916512459885));
#6860=IFCCARTESIANPOINT((-3.25,5.62916512459885));
#6861=IFCCARTESIANPOINT((-6.5,7.9602041944578E-16));
#6862=IFCCARTESIANPOINT((-3.25,-5.62916512459885));
#6863=IFCCARTESIANPOINT((3.25,-5.62916512459885));
#6864=IFCCARTESIANPOINT((6.5,0.));
#6865=IFCPOLYLINE((#6858,#6859,#6860,#6861,#6862,#6863,#6864));
#6866=IFCCARTESIANPOINT((0.,0.));
#6867=IFCDIRECTION((1.,0.));
#6868=IFCAXIS2PLACEMENT2D(#6866,#6867);
#6869=IFCCIRCLE(#6868,4.);
#6870=IFCARBITRARYPROFILEDEFWITHVOIDS(.AREA.,'Hex Nut Profile',#6865,(#6869));
#6871=IFCCARTESIANPOINT((0.,0.,0.));
#6872=IFCDIRECTION((0.,0.,1.));
#6873=IFCDIRECTION((1.,0.,0.));
#6874=IFCAXIS2PLACEMENT3D(#6871,#6872,#6873);
#6875=IFCDIRECTION((0.,0.,1.));
#6876=IFCEXTRUDEDAREASOLID(#6870,#6874,#6875,6.8);
#6877=IFCSHAPEREPRESENTATION(#18,'Body','SweptSolid',(#6876));
#6878=IFCCARTESIANPOINT((0.,0.,0.));
#6879=IFCDIRECTION((0.,0.,1.));
#6880=IFCDIRECTION((1.,0.,0.));
#6881=IFCAXIS2PLACEMENT3D(#6878,#6879,#6880);
#6882=IFCREPRESENTATIONMAP(#6881,#6877);
#6883=IFCDIRECTION((1.,0.,0.));
#6884=IFCDIRECTION((0.,0.,1.));
#6885=IFCDIRECTION((-0.,-1.,-0.));
#6886=IFCCARTESIANPOINT((57.,-180.5,697.5));
#6887=IFCCARTESIANTRANSFORMATIONOPERATOR3D(#6883,#6884,#6886,1.,#6885);
#6888=IFCMAPPEDITEM(#6882,#6887);
#6889=IFCCARTESIANPOINT((57.,-180.5,697.5));
#6890=IFCDIRECTION((-0.,-1.,-0.));
#6891=IFCDIRECTION((1.,0.,0.));
#6892=IFCAXIS2PLACEMENT3D(#6889,#6890,#6891);
#6893=IFCLOCALPLACEMENT(#30,#6892);
#6894=IFCSHAPEREPRESENTATION(#18,'Body','MappedRepresentation',(#6888));
#6895=IFCPRODUCTDEFINITIONSHAPE($,$,(#6894));
#6896=IFCFASTENER('2QI1PWqCrDKQF4tNB1uvC5',#6,'Bolt Assembly',$,$,#6893,#6895,$);
#6897=IFCQUANTITYLENGTH('Length','Length',$,6.8);
#6898=IFCQUANTITYCOUNT('Count','Count',$,1.);
#6899=IFCELEMENTQUANTITY('3KtjJYSMPC7hFoKFDK6Zdt',#6,'Qto_FastenerBaseQuantities',$,'Custom',(#6897,#6898));
#6900=IFCRELDEFINESBYPROPERTIES('3VPf5FVoHFT92$LgOSiNYx',#6,$,$,(#6896),#6899);
#6901=IFCCARTESIANPOINT((6.5,0.));
#6902=IFCCARTESIANPOINT((3.25,5.62916512459885));
#6903=IFCCARTESIANPOINT((-3.25,5.62916512459885));
#6904=IFCCARTESIANPOINT((-6.5,7.9602041944578E-16));
#6905=IFCCARTESIANPOINT((-3.25,-5.62916512459885));
#6906=IFCCARTESIANPOINT((3.25,-5.62916512459885));
#6907=IFCCARTESIANPOINT((6.5,0.));
#6908=IFCPOLYLINE((#6901,#6902,#6903,#6904,#6905,#6906,#6907));
#6909=IFCCARTESIANPOINT((0.,0.));
#6910=IFCDIRECTION((1.,0.));
#6911=IFCAXIS2PLACEMENT2D(#6909,#6910);
#6912=IFCCIRCLE(#6911,4.);
#6913=IFCARBITRARYPROFILEDEFWITHVOIDS(.AREA.,'Hex Nut Profile',#6908,(#6912));
#6914=IFCCARTESIANPOINT((0.,0.,0.));
#6915=IFCDIRECTION((0.,0.,1.));
#6916=IFCDIRECTION((1.,0.,0.));
#6917=IFCAXIS2PLACEMENT3D(#6914,#6915,#6916);
#6918=IFCDIRECTION((0.,0.,1.));
#6919=IFCEXTRUDEDAREASOLID(#6913,#6917,#6918,6.8);
#6920=IFCSHAPEREPRESENTATION(#18,'Body','SweptSolid',(#6919));
#6921=IFCCARTESIANPOINT((0.,0.,0.));
#6922=IFCDIRECTION((0.,0.,1.));
#6923=IFCDIRECTION((1.,0.,0.));
#6924=IFCAXIS2PLACEMENT3D(#6921,#6922,#6923);
#6925=IFCREPRESENTATIONMAP(#6924,#6920);
#6926=IFCDIRECTION((1.,0.,0.));
#6927=IFCDIRECTION((0.,0.,1.));
#6928=IFCDIRECTION((-0.,-1.,-0.));
#6929=IFCCARTESIANPOINT((-57.,-180.5,627.5));
#6930=IFCCARTESIANTRANSFORMATIONOPERATOR3D(#6926,#6927,#6929,1.,#6928);
#6931=IFCMAPPEDITEM(#6925,#6930);
#6932=IFCCARTESIANPOINT((-57.,-180.5,627.5));
#6933=IFCDIRECTION((-0.,-1.,-0.));
#6934=IFCDIRECTION((1.,0.,0.));
#6935=IFCAXIS2PLACEMENT3D(#6932,#6933,#6934);
#6936=IFCLOCALPLACEMENT(#30,#6935);
#6937=IFCSHAPEREPRESENTATION(#18,'Body','MappedRepresentation',(#6931));
#6938=IFCPRODUCTDEFINITIONSHAPE($,$,(#6937));
#6939=IFCFASTENER('0Zwz3SUMr6cuKBPhpuC0G2',#6,'Bolt Assembly',$,$,#6936,#6938,$);
#6940=IFCQUANTITYLENGTH('Length','Length',$,6.8);
#6941=IFCQUANTITYCOUNT('Count','Count',$,1.);
#6942=IFCELEMENTQUANTITY('2jEmQQ4BD73QfZQtQaxX6j',#6,'Qto_FastenerBaseQuantities',$,'Custom',(#6940,#6941));
#6943=IFCRELDEFINESBYPROPERTIES('2gUHbBxADEOgsIQnhgp4mg',#6,$,$,(#6939),#6942);
#6944=IFCCARTESIANPOINT((6.5,0.));
#6945=IFCCARTESIANPOINT((3.25,5.62916512459885));
#6946=IFCCARTESIANPOINT((-3.25,5.62916512459885));
#6947=IFCCARTESIANPOINT((-6.5,7.9602041944578E-16));
#6948=IFCCARTESIANPOINT((-3.25,-5.62916512459885));
#6949=IFCCARTESIANPOINT((3.25,-5.62916512459885));
#6950=IFCCARTESIANPOINT((6.5,0.));
#6951=IFCPOLYLINE((#6944,#6945,#6946,#6947,#6948,#6949,#6950));
#6952=IFCCARTESIANPOINT((0.,0.));
#6953=IFCDIRECTION((1.,0.));
#6954=IFCAXIS2PLACEMENT2D(#6952,#6953);
#6955=IFCCIRCLE(#6954,4.);
#6956=IFCARBITRARYPROFILEDEFWITHVOIDS(.AREA.,'Hex Nut Profile',#6951,(#6955));
#6957=IFCCARTESIANPOINT((0.,0.,0.));
#6958=IFCDIRECTION((0.,0.,1.));
#6959=IFCDIRECTION((1.,0.,0.));
#6960=IFCAXIS2PLACEMENT3D(#6957,#6958,#6959);
#6961=IFCDIRECTION((0.,0.,1.));
#6962=IFCEXTRUDEDAREASOLID(#6956,#6960,#6961,6.8);
#6963=IFCSHAPEREPRESENTATION(#18,'Body','SweptSolid',(#6962));
#6964=IFCCARTESIANPOINT((0.,0.,0.));
#6965=IFCDIRECTION((0.,0.,1.));
#6966=IFCDIRECTION((1.,0.,0.));
#6967=IFCAXIS2PLACEMENT3D(#6964,#6965,#6966);
#6968=IFCREPRESENTATIONMAP(#6967,#6963);
#6969=IFCDIRECTION((1.,0.,0.));
#6970=IFCDIRECTION((0.,0.,1.));
#6971=IFCDIRECTION((-0.,-1.,-0.));
#6972=IFCCARTESIANPOINT((-27.,-180.5,627.5));
#6973=IFCCARTESIANTRANSFORMATIONOPERATOR3D(#6969,#6970,#6972,1.,#6971);
#6974=IFCMAPPEDITEM(#6968,#6973);
#6975=IFCCARTESIANPOINT((-27.,-180.5,627.5));
#6976=IFCDIRECTION((-0.,-1.,-0.));
#6977=IFCDIRECTION((1.,0.,0.));
#6978=IFCAXIS2PLACEMENT3D(#6975,#6976,#6977);
#6979=IFCLOCALPLACEMENT(#30,#6978);
#6980=IFCSHAPEREPRESENTATION(#18,'Body','MappedRepresentation',(#6974));
#6981=IFCPRODUCTDEFINITIONSHAPE($,$,(#6980));
#6982=IFCFASTENER('36mijTZmr3mfFGBfiHvH9P',#6,'Bolt Assembly',$,$,#6979,#6981,$);
#6983=IFCQUANTITYLENGTH('Length','Length',$,6.8);
#6984=IFCQUANTITYCOUNT('Count','Count',$,1.);
#6985=IFCELEMENTQUANTITY('38oSesGmLDYuveA$jopem3',#6,'Qto_FastenerBaseQuantities',$,'Custom',(#6983,#6984));
#6986=IFCRELDEFINESBYPROPERTIES('26QCHjXSbDY8iVLHxr$pj7',#6,$,$,(#6982),#6985);
#6987=IFCCARTESIANPOINT((6.5,0.));
#6988=IFCCARTESIANPOINT((3.25,5.62916512459885));
#6989=IFCCARTESIANPOINT((-3.25,5.62916512459885));
#6990=IFCCARTESIANPOINT((-6.5,7.9602041944578E-16));
#6991=IFCCARTESIANPOINT((-3.25,-5.62916512459885));
#6992=IFCCARTESIANPOINT((3.25,-5.62916512459885));
#6993=IFCCARTESIANPOINT((6.5,0.));
#6994=IFCPOLYLINE((#6987,#6988,#6989,#6990,#6991,#6992,#6993));
#6995=IFCCARTESIANPOINT((0.,0.));
#6996=IFCDIRECTION((1.,0.));
#6997=IFCAXIS2PLACEMENT2D(#6995,#6996);
#6998=IFCCIRCLE(#6997,4.);
#6999=IFCARBITRARYPROFILEDEFWITHVOIDS(.AREA.,'Hex Nut Profile',#6994,(#6998));
#7000=IFCCARTESIANPOINT((0.,0.,0.));
#7001=IFCDIRECTION((0.,0.,1.));
#7002=IFCDIRECTION((1.,0.,0.));
#7003=IFCAXIS2PLACEMENT3D(#7000,#7001,#7002);
#7004=IFCDIRECTION((0.,0.,1.));
#7005=IFCEXTRUDEDAREASOLID(#6999,#7003,#7004,6.8);
#7006=IFCSHAPEREPRESENTATION(#18,'Body','SweptSolid',(#7005));
#7007=IFCCARTESIANPOINT((0.,0.,0.));
#7008=IFCDIRECTION((0.,0.,1.));
#7009=IFCDIRECTION((1.,0.,0.));
#7010=IFCAXIS2PLACEMENT3D(#7007,#7008,#7009);
#7011=IFCREPRESENTATIONMAP(#7010,#7006);
#7012=IFCDIRECTION((1.,0.,0.));
#7013=IFCDIRECTION((0.,0.,1.));
#7014=IFCDIRECTION((-0.,-1.,-0.));
#7015=IFCCARTESIANPOINT((27.,-180.5,627.5));
#7016=IFCCARTESIANTRANSFORMATIONOPERATOR3D(#7012,#7013,#7015,1.,#7014);
#7017=IFCMAPPEDITEM(#7011,#7016);
#7018=IFCCARTESIANPOINT((27.,-180.5,627.5));
#7019=IFCDIRECTION((-0.,-1.,-0.));
#7020=IFCDIRECTION((1.,0.,0.));
#7021=IFCAXIS2PLACEMENT3D(#7018,#7019,#7020);
#7022=IFCLOCALPLACEMENT(#30,#7021);
#7023=IFCSHAPEREPRESENTATION(#18,'Body','MappedRepresentation',(#7017));
#7024=IFCPRODUCTDEFINITIONSHAPE($,$,(#7023));
#7025=IFCFASTENER('2XXp5hfWn7RO7gwTNTtNNY',#6,'Bolt Assembly',$,$,#7022,#7024,$);
#7026=IFCQUANTITYLENGTH('Length','Length',$,6.8);
#7027=IFCQUANTITYCOUNT('Count','Count',$,1.);
#7028=IFCELEMENTQUANTITY('1Gq$ysuiD6VQtLgW57VX77',#6,'Qto_FastenerBaseQuantities',$,'Custom',(#7026,#7027));
#7029=IFCRELDEFINESBYPROPERTIES('0gZkHkyjn7fukN4lbQpwzk',#6,$,$,(#7025),#7028);
#7030=IFCCARTESIANPOINT((6.5,0.));
#7031=IFCCARTESIANPOINT((3.25,5.62916512459885));
#7032=IFCCARTESIANPOINT((-3.25,5.62916512459885));
#7033=IFCCARTESIANPOINT((-6.5,7.9602041944578E-16));
#7034=IFCCARTESIANPOINT((-3.25,-5.62916512459885));
#7035=IFCCARTESIANPOINT((3.25,-5.62916512459885));
#7036=IFCCARTESIANPOINT((6.5,0.));
#7037=IFCPOLYLINE((#7030,#7031,#7032,#7033,#7034,#7035,#7036));
#7038=IFCCARTESIANPOINT((0.,0.));
#7039=IFCDIRECTION((1.,0.));
#7040=IFCAXIS2PLACEMENT2D(#7038,#7039);
#7041=IFCCIRCLE(#7040,4.);
#7042=IFCARBITRARYPROFILEDEFWITHVOIDS(.AREA.,'Hex Nut Profile',#7037,(#7041));
#7043=IFCCARTESIANPOINT((0.,0.,0.));
#7044=IFCDIRECTION((0.,0.,1.));
#7045=IFCDIRECTION((1.,0.,0.));
#7046=IFCAXIS2PLACEMENT3D(#7043,#7044,#7045);
#7047=IFCDIRECTION((0.,0.,1.));
#7048=IFCEXTRUDEDAREASOLID(#7042,#7046,#7047,6.8);
#7049=IFCSHAPEREPRESENTATION(#18,'Body','SweptSolid',(#7048));
#7050=IFCCARTESIANPOINT((0.,0.,0.));
#7051=IFCDIRECTION((0.,0.,1.));
#7052=IFCDIRECTION((1.,0.,0.));
#7053=IFCAXIS2PLACEMENT3D(#7050,#7051,#7052);
#7054=IFCREPRESENTATIONMAP(#7053,#7049);
#7055=IFCDIRECTION((1.,0.,0.));
#7056=IFCDIRECTION((0.,0.,1.));
#7057=IFCDIRECTION((-0.,-1.,-0.));
#7058=IFCCARTESIANPOINT((57.,-180.5,627.5));
#7059=IFCCARTESIANTRANSFORMATIONOPERATOR3D(#7055,#7056,#7058,1.,#7057);
#7060=IFCMAPPEDITEM(#7054,#7059);
#7061=IFCCARTESIANPOINT((57.,-180.5,627.5));
#7062=IFCDIRECTION((-0.,-1.,-0.));
#7063=IFCDIRECTION((1.,0.,0.));
#7064=IFCAXIS2PLACEMENT3D(#7061,#7062,#7063);
#7065=IFCLOCALPLACEMENT(#30,#7064);
#7066=IFCSHAPEREPRESENTATION(#18,'Body','MappedRepresentation',(#7060));
#7067=IFCPRODUCTDEFINITIONSHAPE($,$,(#7066));
#7068=IFCFASTENER('2$XM2e96rD5QVAvIwf6Whd',#6,'Bolt Assembly',$,$,#7065,#7067,$);
#7069=IFCQUANTITYLENGTH('Length','Length',$,6.8);
#7070=IFCQUANTITYCOUNT('Count','Count',$,1.);
#7071=IFCELEMENTQUANTITY('2Ih4wHlWXAGPBleb0o2SMG',#6,'Qto_FastenerBaseQuantities',$,'Custom',(#7069,#7070));
#7072=IFCRELDEFINESBYPROPERTIES('0D5OPRb9zBiv9CyAh7Ur5w',#6,$,$,(#7068),#7071);
#7073=IFCCARTESIANPOINT((0.,0.));
#7074=IFCDIRECTION((1.,0.));
#7075=IFCAXIS2PLACEMENT2D(#7073,#7074);
#7076=IFCRECTANGLEPROFILEDEF(.AREA.,$,#7075,7.4,10.);
#7077=IFCCARTESIANPOINT((-100.,-217.7,807.5));
#7078=IFCDIRECTION((1.,0.,0.));
#7079=IFCDIRECTION((0.,-1.,0.));
#7080=IFCAXIS2PLACEMENT3D(#7077,#7078,#7079);
#7081=IFCDIRECTION((0.,0.,1.));
#7082=IFCEXTRUDEDAREASOLID(#7076,#7080,#7081,200.);
#7083=IFCCARTESIANPOINT((-100.,-217.7,807.5));
#7084=IFCDIRECTION((1.,0.,0.));
#7085=IFCDIRECTION((0.,-1.,0.));
#7086=IFCAXIS2PLACEMENT3D(#7083,#7084,#7085);
#7087=IFCLOCALPLACEMENT(#30,#7086);
#7088=IFCSHAPEREPRESENTATION(#18,'Body','SweptSolid',(#7082));
#7089=IFCPRODUCTDEFINITIONSHAPE($,$,(#7088));
#7090=IFCFASTENER('0_UQaFVffAxhBbH_IFJfF$',#6,'Weld Joint',$,'WELD',#7087,#7089,$);
#7091=IFCPROPERTYSINGLEVALUE('DesignCode','DesignCode',IFCLABEL('IS 800:2007'),$);
#7092=IFCPROPERTYSINGLEVALUE('ExportTime','ExportTime',IFCLABEL('2026-04-07 11:25:01'),$);
#7093=IFCPROPERTYSET('1I4TY06QD1ogw7JqRPljWz',#6,'Pset_OsdagDesignData',$,(#7091,#7092));
#7094=IFCRELDEFINESBYPROPERTIES('0_QwIdE7TDXBlLUkSenVHG',#6,$,$,(#7090),#7093);
#7095=IFCPROPERTYSINGLEVALUE('WeldType','WeldType',IFCLABEL('Groove'),$);
#7096=IFCPROPERTYSET('0Lna0bm3r3yRkEf8egFvvc',#6,'Pset_WeldCommon',$,(#7095));
#7097=IFCRELDEFINESBYPROPERTIES('3aiBjsnOb0Lvavytvbw5UD',#6,$,$,(#7090),#7096);
#7098=IFCQUANTITYLENGTH('Length','Length',$,200.);
#7099=IFCQUANTITYLENGTH('Depth','Depth',$,7.4);
#7100=IFCELEMENTQUANTITY('0orO2bcrT3d9RyRazZOaWf',#6,'Qto_WeldBaseQuantities',$,'Custom',(#7098,#7099));
#7101=IFCRELDEFINESBYPROPERTIES('1mR2RqV4999BTIh89J7sYA',#6,$,$,(#7090),#7100);
#7102=IFCCARTESIANPOINT((0.,0.));
#7103=IFCDIRECTION((1.,0.));
#7104=IFCAXIS2PLACEMENT2D(#7102,#7103);
#7105=IFCRECTANGLEPROFILEDEF(.AREA.,$,#7104,7.4,10.);
#7106=IFCCARTESIANPOINT((100.,-217.7,517.5));
#7107=IFCDIRECTION((-1.,0.,0.));
#7108=IFCDIRECTION((0.,-1.,0.));
#7109=IFCAXIS2PLACEMENT3D(#7106,#7107,#7108);
#7110=IFCDIRECTION((0.,0.,1.));
#7111=IFCEXTRUDEDAREASOLID(#7105,#7109,#7110,200.);
#7112=IFCCARTESIANPOINT((100.,-217.7,517.5));
#7113=IFCDIRECTION((-1.,0.,0.));
#7114=IFCDIRECTION((0.,-1.,0.));
#7115=IFCAXIS2PLACEMENT3D(#7112,#7113,#7114);
#7116=IFCLOCALPLACEMENT(#30,#7115);
#7117=IFCSHAPEREPRESENTATION(#18,'Body','SweptSolid',(#7111));
#7118=IFCPRODUCTDEFINITIONSHAPE($,$,(#7117));
#7119=IFCFASTENER('3CDRZ4haPEM8Xp78bZ$PtT',#6,'Weld Joint',$,'WELD',#7116,#7118,$);
#7120=IFCPROPERTYSINGLEVALUE('DesignCode','DesignCode',IFCLABEL('IS 800:2007'),$);
#7121=IFCPROPERTYSINGLEVALUE('ExportTime','ExportTime',IFCLABEL('2026-04-07 11:25:01'),$);
#7122=IFCPROPERTYSET('29mRyAmBXDSR7rSFBAyrR3',#6,'Pset_OsdagDesignData',$,(#7120,#7121));
#7123=IFCRELDEFINESBYPROPERTIES('3gWFnHIn91xBdP5Po8zxM7',#6,$,$,(#7119),#7122);
#7124=IFCPROPERTYSINGLEVALUE('WeldType','WeldType',IFCLABEL('Groove'),$);
#7125=IFCPROPERTYSET('3FbXoMx6b78RyiMMsdNr08',#6,'Pset_WeldCommon',$,(#7124));
#7126=IFCRELDEFINESBYPROPERTIES('1u6cwEj7H8xPydoPWppKc5',#6,$,$,(#7119),#7125);
#7127=IFCQUANTITYLENGTH('Length','Length',$,200.);
#7128=IFCQUANTITYLENGTH('Depth','Depth',$,7.4);
#7129=IFCELEMENTQUANTITY('05aHg$s_10hfoppxIU7aMT',#6,'Qto_WeldBaseQuantities',$,'Custom',(#7127,#7128));
#7130=IFCRELDEFINESBYPROPERTIES('252qROOgnD1xch7Rb7qYSA',#6,$,$,(#7119),#7129);
#7131=IFCCARTESIANPOINT((0.,0.));
#7132=IFCDIRECTION((1.,0.));
#7133=IFCAXIS2PLACEMENT2D(#7131,#7132);
#7134=IFCRECTANGLEPROFILEDEF(.AREA.,$,#7133,7.4,7.4);
#7135=IFCCARTESIANPOINT((0.,-217.7,522.5));
#7136=IFCDIRECTION((0.,0.,1.));
#7137=IFCDIRECTION((0.,-1.,0.));
#7138=IFCAXIS2PLACEMENT3D(#7135,#7136,#7137);
#7139=IFCDIRECTION((0.,0.,1.));
#7140=IFCEXTRUDEDAREASOLID(#7134,#7138,#7139,280.);
#7141=IFCCARTESIANPOINT((0.,-217.7,522.5));
#7142=IFCDIRECTION((0.,0.,1.));
#7143=IFCDIRECTION((0.,-1.,0.));
#7144=IFCAXIS2PLACEMENT3D(#7141,#7142,#7143);
#7145=IFCLOCALPLACEMENT(#30,#7144);
#7146=IFCSHAPEREPRESENTATION(#18,'Body','SweptSolid',(#7140));
#7147=IFCPRODUCTDEFINITIONSHAPE($,$,(#7146));
#7148=IFCFASTENER('0yJier1nnA5grfegEpxkwL',#6,'Weld Joint',$,'WELD',#7145,#7147,$);
#7149=IFCPROPERTYSINGLEVALUE('DesignCode','DesignCode',IFCLABEL('IS 800:2007'),$);
#7150=IFCPROPERTYSINGLEVALUE('ExportTime','ExportTime',IFCLABEL('2026-04-07 11:25:01'),$);
#7151=IFCPROPERTYSET('0fISXdarn5CORKmona$8Ae',#6,'Pset_OsdagDesignData',$,(#7149,#7150));
#7152=IFCRELDEFINESBYPROPERTIES('0s82pRdR90GAk2PpHzsduP',#6,$,$,(#7148),#7151);
#7153=IFCPROPERTYSINGLEVALUE('WeldType','WeldType',IFCLABEL('Groove'),$);
#7154=IFCPROPERTYSET('3_aA6s7G96qfQU1Ha4zkpF',#6,'Pset_WeldCommon',$,(#7153));
#7155=IFCRELDEFINESBYPROPERTIES('0waDkq$3nA1PWV5eI79RCQ',#6,$,$,(#7148),#7154);
#7156=IFCQUANTITYLENGTH('Length','Length',$,280.);
#7157=IFCQUANTITYLENGTH('Depth','Depth',$,7.4);
#7158=IFCELEMENTQUANTITY('2RXLvavnXFHxmnaXLdq4GK',#6,'Qto_WeldBaseQuantities',$,'Custom',(#7156,#7157));
#7159=IFCRELDEFINESBYPROPERTIES('3d8NfbJZfFKg27jA5QtnUZ',#6,$,$,(#7148),#7158);
#7160=IFCCARTESIANPOINT((0.,0.));
#7161=IFCCARTESIANPOINT((5.,0.));
#7162=IFCCARTESIANPOINT((0.,5.));
#7163=IFCCARTESIANPOINT((0.,0.));
#7164=IFCPOLYLINE((#7160,#7161,#7162,#7163));
#7165=IFCARBITRARYCLOSEDPROFILEDEF(.AREA.,$,#7164);
#7166=IFCCARTESIANPOINT((26.55,-187.3,800.5));
#7167=IFCDIRECTION((1.,0.,0.));
#7168=IFCDIRECTION((0.,0.,-1.));
#7169=IFCAXIS2PLACEMENT3D(#7166,#7167,#7168);
#7170=IFCDIRECTION((0.,0.,1.));
#7171=IFCEXTRUDEDAREASOLID(#7165,#7169,#7170,98.45);
#7172=IFCCARTESIANPOINT((26.55,-187.3,800.5));
#7173=IFCDIRECTION((1.,0.,0.));
#7174=IFCDIRECTION((0.,0.,-1.));
#7175=IFCAXIS2PLACEMENT3D(#7172,#7173,#7174);
#7176=IFCLOCALPLACEMENT(#30,#7175);
#7177=IFCSHAPEREPRESENTATION(#18,'Body','SweptSolid',(#7171));
#7178=IFCPRODUCTDEFINITIONSHAPE($,$,(#7177));
#7179=IFCFASTENER('2Tbm7xI6P6ohWwEcuyvc4n',#6,'Weld Joint',$,'WELD',#7176,#7178,$);
#7180=IFCPROPERTYSINGLEVALUE('DesignCode','DesignCode',IFCLABEL('IS 800:2007'),$);
#7181=IFCPROPERTYSINGLEVALUE('ExportTime','ExportTime',IFCLABEL('2026-04-07 11:25:01'),$);
#7182=IFCPROPERTYSET('0sE_MI53r4jAsTb4usFCI6',#6,'Pset_OsdagDesignData',$,(#7180,#7181));
#7183=IFCRELDEFINESBYPROPERTIES('14_2FMuIv5thlhFw0bvXpB',#6,$,$,(#7179),#7182);
#7184=IFCPROPERTYSINGLEVALUE('WeldType','WeldType',IFCLABEL('Fillet'),$);
#7185=IFCPROPERTYSET('1BjW3sWAD4B99f9gBKhaNH',#6,'Pset_WeldCommon',$,(#7184));
#7186=IFCRELDEFINESBYPROPERTIES('2qxU_wBfH5wRElue0uUuvs',#6,$,$,(#7179),#7185);
#7187=IFCQUANTITYLENGTH('Length','Length',$,98.45);
#7188=IFCQUANTITYLENGTH('Depth','Depth',$,5.);
#7189=IFCELEMENTQUANTITY('0tPCSY1jvCo8oVikOC1eRY',#6,'Qto_WeldBaseQuantities',$,'Custom',(#7187,#7188));
#7190=IFCRELDEFINESBYPROPERTIES('0Y8OR50HH1IuCnfJK8bA5j',#6,$,$,(#7179),#7189);
#7191=IFCCARTESIANPOINT((0.,0.));
#7192=IFCCARTESIANPOINT((5.,0.));
#7193=IFCCARTESIANPOINT((0.,5.));
#7194=IFCCARTESIANPOINT((0.,0.));
#7195=IFCPOLYLINE((#7191,#7192,#7193,#7194));
#7196=IFCARBITRARYCLOSEDPROFILEDEF(.AREA.,$,#7195);
#7197=IFCCARTESIANPOINT((4.55,-165.3,800.5));
#7198=IFCDIRECTION((0.,1.,0.));
#7199=IFCDIRECTION((1.,0.,0.));
#7200=IFCAXIS2PLACEMENT3D(#7197,#7198,#7199);
#7201=IFCDIRECTION((0.,0.,1.));
#7202=IFCEXTRUDEDAREASOLID(#7196,#7200,#7201,330.6);
#7203=IFCCARTESIANPOINT((4.55,-165.3,800.5));
#7204=IFCDIRECTION((0.,1.,0.));
#7205=IFCDIRECTION((1.,0.,0.));
#7206=IFCAXIS2PLACEMENT3D(#7203,#7204,#7205);
#7207=IFCLOCALPLACEMENT(#30,#7206);
#7208=IFCSHAPEREPRESENTATION(#18,'Body','SweptSolid',(#7202));
#7209=IFCPRODUCTDEFINITIONSHAPE($,$,(#7208));
#7210=IFCFASTENER('3DIwlCzVz2gxvb2TuvWKXX',#6,'Weld Joint',$,'WELD',#7207,#7209,$);
#7211=IFCPROPERTYSINGLEVALUE('DesignCode','DesignCode',IFCLABEL('IS 800:2007'),$);
#7212=IFCPROPERTYSINGLEVALUE('ExportTime','ExportTime',IFCLABEL('2026-04-07 11:25:01'),$);
#7213=IFCPROPERTYSET('39v$BeV4b6rvB2JykCUloy',#6,'Pset_OsdagDesignData',$,(#7211,#7212));
#7214=IFCRELDEFINESBYPROPERTIES('0LwNCPRFP97hJ$UIwf_YIN',#6,$,$,(#7210),#7213);
#7215=IFCPROPERTYSINGLEVALUE('WeldType','WeldType',IFCLABEL('Fillet'),$);
#7216=IFCPROPERTYSET('0MoH7Ey2z8lAc2sM9fZf1C',#6,'Pset_WeldCommon',$,(#7215));
#7217=IFCRELDEFINESBYPROPERTIES('0faecSkqb7uBgyOTVwGvPv',#6,$,$,(#7210),#7216);
#7218=IFCQUANTITYLENGTH('Length','Length',$,330.6);
#7219=IFCQUANTITYLENGTH('Depth','Depth',$,5.);
#7220=IFCELEMENTQUANTITY('0rdKCg3Rn5pPujw$aeZzOW',#6,'Qto_WeldBaseQuantities',$,'Custom',(#7218,#7219));
#7221=IFCRELDEFINESBYPROPERTIES('1Ok$3_a0D9OwRq9kVSU38Z',#6,$,$,(#7210),#7220);
#7222=IFCCARTESIANPOINT((0.,0.));
#7223=IFCCARTESIANPOINT((5.,0.));
#7224=IFCCARTESIANPOINT((0.,5.));
#7225=IFCCARTESIANPOINT((0.,0.));
#7226=IFCPOLYLINE((#7222,#7223,#7224,#7225));
#7227=IFCARBITRARYCLOSEDPROFILEDEF(.AREA.,$,#7226);
#7228=IFCCARTESIANPOINT((26.55,187.3,800.5));
#7229=IFCDIRECTION((1.,0.,0.));
#7230=IFCDIRECTION((0.,-1.,0.));
#7231=IFCAXIS2PLACEMENT3D(#7228,#7229,#7230);
#7232=IFCDIRECTION((0.,0.,1.));
#7233=IFCEXTRUDEDAREASOLID(#7227,#7231,#7232,98.45);
#7234=IFCCARTESIANPOINT((26.55,187.3,800.5));
#7235=IFCDIRECTION((1.,0.,0.));
#7236=IFCDIRECTION((0.,-1.,0.));
#7237=IFCAXIS2PLACEMENT3D(#7234,#7235,#7236);
#7238=IFCLOCALPLACEMENT(#30,#7237);
#7239=IFCSHAPEREPRESENTATION(#18,'Body','SweptSolid',(#7233));
#7240=IFCPRODUCTDEFINITIONSHAPE($,$,(#7239));
#7241=IFCFASTENER('1zGwg0xHXCDg2mS9Zq1H_E',#6,'Weld Joint',$,'WELD',#7238,#7240,$);
#7242=IFCPROPERTYSINGLEVALUE('DesignCode','DesignCode',IFCLABEL('IS 800:2007'),$);
#7243=IFCPROPERTYSINGLEVALUE('ExportTime','ExportTime',IFCLABEL('2026-04-07 11:25:01'),$);
#7244=IFCPROPERTYSET('2TUrkWMUH9ZRLBDT7tvmFJ',#6,'Pset_OsdagDesignData',$,(#7242,#7243));
#7245=IFCRELDEFINESBYPROPERTIES('0e7Ir$fkvBwPRKuYfaTyy$',#6,$,$,(#7241),#7244);
#7246=IFCPROPERTYSINGLEVALUE('WeldType','WeldType',IFCLABEL('Fillet'),$);
#7247=IFCPROPERTYSET('0A8rs2P9T0T9vUJnh8GFck',#6,'Pset_WeldCommon',$,(#7246));
#7248=IFCRELDEFINESBYPROPERTIES('38n23x0OD5axoMryQkIviI',#6,$,$,(#7241),#7247);
#7249=IFCQUANTITYLENGTH('Length','Length',$,98.45);
#7250=IFCQUANTITYLENGTH('Depth','Depth',$,5.);
#7251=IFCELEMENTQUANTITY('0XKv$xTk98eBVU2SfwRV07',#6,'Qto_WeldBaseQuantities',$,'Custom',(#7249,#7250));
#7252=IFCRELDEFINESBYPROPERTIES('3Oozdbnff0ogjcz9LXwDKa',#6,$,$,(#7241),#7251);
#7253=IFCCARTESIANPOINT((0.,0.));
#7254=IFCCARTESIANPOINT((5.,0.));
#7255=IFCCARTESIANPOINT((0.,5.));
#7256=IFCCARTESIANPOINT((0.,0.));
#7257=IFCPOLYLINE((#7253,#7254,#7255,#7256));
#7258=IFCARBITRARYCLOSEDPROFILEDEF(.AREA.,$,#7257);
#7259=IFCCARTESIANPOINT((26.55,-187.3,814.5));
#7260=IFCDIRECTION((1.,0.,0.));
#7261=IFCDIRECTION((0.,1.,0.));
#7262=IFCAXIS2PLACEMENT3D(#7259,#7260,#7261);
#7263=IFCDIRECTION((0.,0.,1.));
#7264=IFCEXTRUDEDAREASOLID(#7258,#7262,#7263,98.45);
#7265=IFCCARTESIANPOINT((26.55,-187.3,814.5));
#7266=IFCDIRECTION((1.,0.,0.));
#7267=IFCDIRECTION((0.,1.,0.));
#7268=IFCAXIS2PLACEMENT3D(#7265,#7266,#7267);
#7269=IFCLOCALPLACEMENT(#30,#7268);
#7270=IFCSHAPEREPRESENTATION(#18,'Body','SweptSolid',(#7264));
#7271=IFCPRODUCTDEFINITIONSHAPE($,$,(#7270));
#7272=IFCFASTENER('1BzWhiIBbCYQjX6DeKnBoY',#6,'Weld Joint',$,'WELD',#7269,#7271,$);
#7273=IFCPROPERTYSINGLEVALUE('DesignCode','DesignCode',IFCLABEL('IS 800:2007'),$);
#7274=IFCPROPERTYSINGLEVALUE('ExportTime','ExportTime',IFCLABEL('2026-04-07 11:25:01'),$);
#7275=IFCPROPERTYSET('1IsphVHajFnvmtmVPiJPov',#6,'Pset_OsdagDesignData',$,(#7273,#7274));
#7276=IFCRELDEFINESBYPROPERTIES('284EFHASf2$BX3OwI0BfNm',#6,$,$,(#7272),#7275);
#7277=IFCPROPERTYSINGLEVALUE('WeldType','WeldType',IFCLABEL('Fillet'),$);
#7278=IFCPROPERTYSET('3DH44j_H5D5f7utkMt3yA4',#6,'Pset_WeldCommon',$,(#7277));
#7279=IFCRELDEFINESBYPROPERTIES('3saW63hXX5n9$Fu96_$NRc',#6,$,$,(#7272),#7278);
#7280=IFCQUANTITYLENGTH('Length','Length',$,98.45);
#7281=IFCQUANTITYLENGTH('Depth','Depth',$,5.);
#7282=IFCELEMENTQUANTITY('1TwmTkAZT4r8obeANYg4Pl',#6,'Qto_WeldBaseQuantities',$,'Custom',(#7280,#7281));
#7283=IFCRELDEFINESBYPROPERTIES('0mddtgjHjFk8bXBc7iJq_F',#6,$,$,(#7272),#7282);
#7284=IFCCARTESIANPOINT((0.,0.));
#7285=IFCCARTESIANPOINT((5.,0.));
#7286=IFCCARTESIANPOINT((0.,5.));
#7287=IFCCARTESIANPOINT((0.,0.));
#7288=IFCPOLYLINE((#7284,#7285,#7286,#7287));
#7289=IFCARBITRARYCLOSEDPROFILEDEF(.AREA.,$,#7288);
#7290=IFCCARTESIANPOINT((4.55,-165.3,814.5));
#7291=IFCDIRECTION((0.,1.,0.));
#7292=IFCDIRECTION((0.,0.,1.));
#7293=IFCAXIS2PLACEMENT3D(#7290,#7291,#7292);
#7294=IFCDIRECTION((0.,0.,1.));
#7295=IFCEXTRUDEDAREASOLID(#7289,#7293,#7294,330.6);
#7296=IFCCARTESIANPOINT((4.55,-165.3,814.5));
#7297=IFCDIRECTION((0.,1.,0.));
#7298=IFCDIRECTION((0.,0.,1.));
#7299=IFCAXIS2PLACEMENT3D(#7296,#7297,#7298);
#7300=IFCLOCALPLACEMENT(#30,#7299);
#7301=IFCSHAPEREPRESENTATION(#18,'Body','SweptSolid',(#7295));
#7302=IFCPRODUCTDEFINITIONSHAPE($,$,(#7301));
#7303=IFCFASTENER('0x4Z5rCyfFtv65hkEu_140',#6,'Weld Joint',$,'WELD',#7300,#7302,$);
#7304=IFCPROPERTYSINGLEVALUE('DesignCode','DesignCode',IFCLABEL('IS 800:2007'),$);
#7305=IFCPROPERTYSINGLEVALUE('ExportTime','ExportTime',IFCLABEL('2026-04-07 11:25:01'),$);
#7306=IFCPROPERTYSET('2_cxMssMT02fPhRB_IIK20',#6,'Pset_OsdagDesignData',$,(#7304,#7305));
#7307=IFCRELDEFINESBYPROPERTIES('3FcGb834v8jBTa9AEJQzih',#6,$,$,(#7303),#7306);
#7308=IFCPROPERTYSINGLEVALUE('WeldType','WeldType',IFCLABEL('Fillet'),$);
#7309=IFCPROPERTYSET('1U5NmxQZv7Rv77AzurFHAW',#6,'Pset_WeldCommon',$,(#7308));
#7310=IFCRELDEFINESBYPROPERTIES('2z_VL9AHr8JA5VBu3JIBhS',#6,$,$,(#7303),#7309);
#7311=IFCQUANTITYLENGTH('Length','Length',$,330.6);
#7312=IFCQUANTITYLENGTH('Depth','Depth',$,5.);
#7313=IFCELEMENTQUANTITY('2uLBveiF5CjAd8x73nEWyW',#6,'Qto_WeldBaseQuantities',$,'Custom',(#7311,#7312));
#7314=IFCRELDEFINESBYPROPERTIES('1Sy8gpLmTAx9flZ6Dywf1I',#6,$,$,(#7303),#7313);
#7315=IFCCARTESIANPOINT((0.,0.));
#7316=IFCCARTESIANPOINT((5.,0.));
#7317=IFCCARTESIANPOINT((0.,5.));
#7318=IFCCARTESIANPOINT((0.,0.));
#7319=IFCPOLYLINE((#7315,#7316,#7317,#7318));
#7320=IFCARBITRARYCLOSEDPROFILEDEF(.AREA.,$,#7319);
#7321=IFCCARTESIANPOINT((26.55,187.3,814.5));
#7322=IFCDIRECTION((1.,0.,0.));
#7323=IFCDIRECTION((0.,0.,1.));
#7324=IFCAXIS2PLACEMENT3D(#7321,#7322,#7323);
#7325=IFCDIRECTION((0.,0.,1.));
#7326=IFCEXTRUDEDAREASOLID(#7320,#7324,#7325,98.45);
#7327=IFCCARTESIANPOINT((26.55,187.3,814.5));
#7328=IFCDIRECTION((1.,0.,0.));
#7329=IFCDIRECTION((0.,0.,1.));
#7330=IFCAXIS2PLACEMENT3D(#7327,#7328,#7329);
#7331=IFCLOCALPLACEMENT(#30,#7330);
#7332=IFCSHAPEREPRESENTATION(#18,'Body','SweptSolid',(#7326));
#7333=IFCPRODUCTDEFINITIONSHAPE($,$,(#7332));
#7334=IFCFASTENER('3Hcq5Ou294dPqWBaMCLip0',#6,'Weld Joint',$,'WELD',#7331,#7333,$);
#7335=IFCPROPERTYSINGLEVALUE('DesignCode','DesignCode',IFCLABEL('IS 800:2007'),$);
#7336=IFCPROPERTYSINGLEVALUE('ExportTime','ExportTime',IFCLABEL('2026-04-07 11:25:01'),$);
#7337=IFCPROPERTYSET('3ldgpSS7D3lvCMy9g35xxj',#6,'Pset_OsdagDesignData',$,(#7335,#7336));
#7338=IFCRELDEFINESBYPROPERTIES('0ox$49BdnDqxpQAU3xxQbZ',#6,$,$,(#7334),#7337);
#7339=IFCPROPERTYSINGLEVALUE('WeldType','WeldType',IFCLABEL('Fillet'),$);
#7340=IFCPROPERTYSET('0nHZYKpwD4XOR_UywS3KxV',#6,'Pset_WeldCommon',$,(#7339));
#7341=IFCRELDEFINESBYPROPERTIES('3DNYihCfHDggoJ8GEkC5ul',#6,$,$,(#7334),#7340);
#7342=IFCQUANTITYLENGTH('Length','Length',$,98.45);
#7343=IFCQUANTITYLENGTH('Depth','Depth',$,5.);
#7344=IFCELEMENTQUANTITY('0wJmu3huf1j9KCPDZfSnO4',#6,'Qto_WeldBaseQuantities',$,'Custom',(#7342,#7343));
#7345=IFCRELDEFINESBYPROPERTIES('3eFPEvvA57dwMhJtY3frtG',#6,$,$,(#7334),#7344);
#7346=IFCCARTESIANPOINT((0.,0.));
#7347=IFCCARTESIANPOINT((5.,0.));
#7348=IFCCARTESIANPOINT((0.,5.));
#7349=IFCCARTESIANPOINT((0.,0.));
#7350=IFCPOLYLINE((#7346,#7347,#7348,#7349));
#7351=IFCARBITRARYCLOSEDPROFILEDEF(.AREA.,$,#7350);
#7352=IFCCARTESIANPOINT((26.55,-187.3,510.5));
#7353=IFCDIRECTION((1.,0.,0.));
#7354=IFCDIRECTION((0.,0.,-1.));
#7355=IFCAXIS2PLACEMENT3D(#7352,#7353,#7354);
#7356=IFCDIRECTION((0.,0.,1.));
#7357=IFCEXTRUDEDAREASOLID(#7351,#7355,#7356,98.45);
#7358=IFCCARTESIANPOINT((26.55,-187.3,510.5));
#7359=IFCDIRECTION((1.,0.,0.));
#7360=IFCDIRECTION((0.,0.,-1.));
#7361=IFCAXIS2PLACEMENT3D(#7358,#7359,#7360);
#7362=IFCLOCALPLACEMENT(#30,#7361);
#7363=IFCSHAPEREPRESENTATION(#18,'Body','SweptSolid',(#7357));
#7364=IFCPRODUCTDEFINITIONSHAPE($,$,(#7363));
#7365=IFCFASTENER('3tOKFONlf0v9EiRyDC_htV',#6,'Weld Joint',$,'WELD',#7362,#7364,$);
#7366=IFCPROPERTYSINGLEVALUE('DesignCode','DesignCode',IFCLABEL('IS 800:2007'),$);
#7367=IFCPROPERTYSINGLEVALUE('ExportTime','ExportTime',IFCLABEL('2026-04-07 11:25:01'),$);
#7368=IFCPROPERTYSET('2f$Mr9akL9bRJQB$K1HSxc',#6,'Pset_OsdagDesignData',$,(#7366,#7367));
#7369=IFCRELDEFINESBYPROPERTIES('1_n7W6KOL8suNHzOJ4B0hw',#6,$,$,(#7365),#7368);
#7370=IFCPROPERTYSINGLEVALUE('WeldType','WeldType',IFCLABEL('Fillet'),$);
#7371=IFCPROPERTYSET('3MtSQt_DD56gqJNwZhtAiH',#6,'Pset_WeldCommon',$,(#7370));
#7372=IFCRELDEFINESBYPROPERTIES('2eJqbEXZ10oeVl94G_PeQj',#6,$,$,(#7365),#7371);
#7373=IFCQUANTITYLENGTH('Length','Length',$,98.45);
#7374=IFCQUANTITYLENGTH('Depth','Depth',$,5.);
#7375=IFCELEMENTQUANTITY('2P1CDkVj93VfBSuNOW3Vks',#6,'Qto_WeldBaseQuantities',$,'Custom',(#7373,#7374));
#7376=IFCRELDEFINESBYPROPERTIES('2kksnnaRDFbwuP5gCq3RR2',#6,$,$,(#7365),#7375);
#7377=IFCCARTESIANPOINT((0.,0.));
#7378=IFCCARTESIANPOINT((5.,0.));
#7379=IFCCARTESIANPOINT((0.,5.));
#7380=IFCCARTESIANPOINT((0.,0.));
#7381=IFCPOLYLINE((#7377,#7378,#7379,#7380));
#7382=IFCARBITRARYCLOSEDPROFILEDEF(.AREA.,$,#7381);
#7383=IFCCARTESIANPOINT((4.55,-165.3,510.5));
#7384=IFCDIRECTION((0.,1.,0.));
#7385=IFCDIRECTION((1.,0.,0.));
#7386=IFCAXIS2PLACEMENT3D(#7383,#7384,#7385);
#7387=IFCDIRECTION((0.,0.,1.));
#7388=IFCEXTRUDEDAREASOLID(#7382,#7386,#7387,330.6);
#7389=IFCCARTESIANPOINT((4.55,-165.3,510.5));
#7390=IFCDIRECTION((0.,1.,0.));
#7391=IFCDIRECTION((1.,0.,0.));
#7392=IFCAXIS2PLACEMENT3D(#7389,#7390,#7391);
#7393=IFCLOCALPLACEMENT(#30,#7392);
#7394=IFCSHAPEREPRESENTATION(#18,'Body','SweptSolid',(#7388));
#7395=IFCPRODUCTDEFINITIONSHAPE($,$,(#7394));
#7396=IFCFASTENER('342WG__Pr02xhCfVVWVLh1',#6,'Weld Joint',$,'WELD',#7393,#7395,$);
#7397=IFCPROPERTYSINGLEVALUE('DesignCode','DesignCode',IFCLABEL('IS 800:2007'),$);
#7398=IFCPROPERTYSINGLEVALUE('ExportTime','ExportTime',IFCLABEL('2026-04-07 11:25:01'),$);
#7399=IFCPROPERTYSET('0xJnm9KHz3aP7WFHBwF9Ex',#6,'Pset_OsdagDesignData',$,(#7397,#7398));
#7400=IFCRELDEFINESBYPROPERTIES('3yoV910_9EaQhkCdMjKxCo',#6,$,$,(#7396),#7399);
#7401=IFCPROPERTYSINGLEVALUE('WeldType','WeldType',IFCLABEL('Fillet'),$);
#7402=IFCPROPERTYSET('2QOIzkylv2Huyc1Lz86W$I',#6,'Pset_WeldCommon',$,(#7401));
#7403=IFCRELDEFINESBYPROPERTIES('0E$3FOotrAlhjgBG9OS5DF',#6,$,$,(#7396),#7402);
#7404=IFCQUANTITYLENGTH('Length','Length',$,330.6);
#7405=IFCQUANTITYLENGTH('Depth','Depth',$,5.);
#7406=IFCELEMENTQUANTITY('1xiUJ4erv8k8NcnfWuh$if',#6,'Qto_WeldBaseQuantities',$,'Custom',(#7404,#7405));
#7407=IFCRELDEFINESBYPROPERTIES('267ZeRCrTA8gmI3138FLPD',#6,$,$,(#7396),#7406);
#7408=IFCCARTESIANPOINT((0.,0.));
#7409=IFCCARTESIANPOINT((5.,0.));
#7410=IFCCARTESIANPOINT((0.,5.));
#7411=IFCCARTESIANPOINT((0.,0.));
#7412=IFCPOLYLINE((#7408,#7409,#7410,#7411));
#7413=IFCARBITRARYCLOSEDPROFILEDEF(.AREA.,$,#7412);
#7414=IFCCARTESIANPOINT((26.55,187.3,510.5));
#7415=IFCDIRECTION((1.,0.,0.));
#7416=IFCDIRECTION((0.,-1.,0.));
#7417=IFCAXIS2PLACEMENT3D(#7414,#7415,#7416);
#7418=IFCDIRECTION((0.,0.,1.));
#7419=IFCEXTRUDEDAREASOLID(#7413,#7417,#7418,98.45);
#7420=IFCCARTESIANPOINT((26.55,187.3,510.5));
#7421=IFCDIRECTION((1.,0.,0.));
#7422=IFCDIRECTION((0.,-1.,0.));
#7423=IFCAXIS2PLACEMENT3D(#7420,#7421,#7422);
#7424=IFCLOCALPLACEMENT(#30,#7423);
#7425=IFCSHAPEREPRESENTATION(#18,'Body','SweptSolid',(#7419));
#7426=IFCPRODUCTDEFINITIONSHAPE($,$,(#7425));
#7427=IFCFASTENER('25YM2j1BfEqRQrqfQNjMLH',#6,'Weld Joint',$,'WELD',#7424,#7426,$);
#7428=IFCPROPERTYSINGLEVALUE('DesignCode','DesignCode',IFCLABEL('IS 800:2007'),$);
#7429=IFCPROPERTYSINGLEVALUE('ExportTime','ExportTime',IFCLABEL('2026-04-07 11:25:01'),$);
#7430=IFCPROPERTYSET('3Pq9TtrVz9hBLEEZhxTJfC',#6,'Pset_OsdagDesignData',$,(#7428,#7429));
#7431=IFCRELDEFINESBYPROPERTIES('1iPvlVqIbAX8SRMHZsT4gE',#6,$,$,(#7427),#7430);
#7432=IFCPROPERTYSINGLEVALUE('WeldType','WeldType',IFCLABEL('Fillet'),$);
#7433=IFCPROPERTYSET('0CHW8J7ZLEL9RGsA4zJ7qi',#6,'Pset_WeldCommon',$,(#7432));
#7434=IFCRELDEFINESBYPROPERTIES('0xURASEpjA9uZzlVf_e4Wj',#6,$,$,(#7427),#7433);
#7435=IFCQUANTITYLENGTH('Length','Length',$,98.45);
#7436=IFCQUANTITYLENGTH('Depth','Depth',$,5.);
#7437=IFCELEMENTQUANTITY('0ArXXCbcb8mA7jdWRwTJTa',#6,'Qto_WeldBaseQuantities',$,'Custom',(#7435,#7436));
#7438=IFCRELDEFINESBYPROPERTIES('2o0H0FB2zFHhMSRT0akWL0',#6,$,$,(#7427),#7437);
#7439=IFCCARTESIANPOINT((0.,0.));
#7440=IFCCARTESIANPOINT((5.,0.));
#7441=IFCCARTESIANPOINT((0.,5.));
#7442=IFCCARTESIANPOINT((0.,0.));
#7443=IFCPOLYLINE((#7439,#7440,#7441,#7442));
#7444=IFCARBITRARYCLOSEDPROFILEDEF(.AREA.,$,#7443);
#7445=IFCCARTESIANPOINT((26.55,-187.3,524.5));
#7446=IFCDIRECTION((1.,0.,0.));
#7447=IFCDIRECTION((0.,1.,0.));
#7448=IFCAXIS2PLACEMENT3D(#7445,#7446,#7447);
#7449=IFCDIRECTION((0.,0.,1.));
#7450=IFCEXTRUDEDAREASOLID(#7444,#7448,#7449,98.45);
#7451=IFCCARTESIANPOINT((26.55,-187.3,524.5));
#7452=IFCDIRECTION((1.,0.,0.));
#7453=IFCDIRECTION((0.,1.,0.));
#7454=IFCAXIS2PLACEMENT3D(#7451,#7452,#7453);
#7455=IFCLOCALPLACEMENT(#30,#7454);
#7456=IFCSHAPEREPRESENTATION(#18,'Body','SweptSolid',(#7450));
#7457=IFCPRODUCTDEFINITIONSHAPE($,$,(#7456));
#7458=IFCFASTENER('1A755du8P61AzNiZ5bT7_3',#6,'Weld Joint',$,'WELD',#7455,#7457,$);
#7459=IFCPROPERTYSINGLEVALUE('DesignCode','DesignCode',IFCLABEL('IS 800:2007'),$);
#7460=IFCPROPERTYSINGLEVALUE('ExportTime','ExportTime',IFCLABEL('2026-04-07 11:25:01'),$);
#7461=IFCPROPERTYSET('03PPFfHLD9ouwH$R7ncOeP',#6,'Pset_OsdagDesignData',$,(#7459,#7460));
#7462=IFCRELDEFINESBYPROPERTIES('0A0374I6PBQwaZCzTZEiEw',#6,$,$,(#7458),#7461);
#7463=IFCPROPERTYSINGLEVALUE('WeldType','WeldType',IFCLABEL('Fillet'),$);
#7464=IFCPROPERTYSET('1Vbvfk0zH1AQLqDBI$n6tN',#6,'Pset_WeldCommon',$,(#7463));
#7465=IFCRELDEFINESBYPROPERTIES('1qIrgmH2T1KgVSCv6a7yfl',#6,$,$,(#7458),#7464);
#7466=IFCQUANTITYLENGTH('Length','Length',$,98.45);
#7467=IFCQUANTITYLENGTH('Depth','Depth',$,5.);
#7468=IFCELEMENTQUANTITY('1pBQ_XEurBVv4xOEtCi6pP',#6,'Qto_WeldBaseQuantities',$,'Custom',(#7466,#7467));
#7469=IFCRELDEFINESBYPROPERTIES('1$sp$v8KnDZfipEBHrR3RR',#6,$,$,(#7458),#7468);
#7470=IFCCARTESIANPOINT((0.,0.));
#7471=IFCCARTESIANPOINT((5.,0.));
#7472=IFCCARTESIANPOINT((0.,5.));
#7473=IFCCARTESIANPOINT((0.,0.));
#7474=IFCPOLYLINE((#7470,#7471,#7472,#7473));
#7475=IFCARBITRARYCLOSEDPROFILEDEF(.AREA.,$,#7474);
#7476=IFCCARTESIANPOINT((4.55,-165.3,524.5));
#7477=IFCDIRECTION((0.,1.,0.));
#7478=IFCDIRECTION((0.,0.,1.));
#7479=IFCAXIS2PLACEMENT3D(#7476,#7477,#7478);
#7480=IFCDIRECTION((0.,0.,1.));
#7481=IFCEXTRUDEDAREASOLID(#7475,#7479,#7480,330.6);
#7482=IFCCARTESIANPOINT((4.55,-165.3,524.5));
#7483=IFCDIRECTION((0.,1.,0.));
#7484=IFCDIRECTION((0.,0.,1.));
#7485=IFCAXIS2PLACEMENT3D(#7482,#7483,#7484);
#7486=IFCLOCALPLACEMENT(#30,#7485);
#7487=IFCSHAPEREPRESENTATION(#18,'Body','SweptSolid',(#7481));
#7488=IFCPRODUCTDEFINITIONSHAPE($,$,(#7487));
#7489=IFCFASTENER('2_f27SrknAFRaBzaX8_dg5',#6,'Weld Joint',$,'WELD',#7486,#7488,$);
#7490=IFCPROPERTYSINGLEVALUE('DesignCode','DesignCode',IFCLABEL('IS 800:2007'),$);
#7491=IFCPROPERTYSINGLEVALUE('ExportTime','ExportTime',IFCLABEL('2026-04-07 11:25:01'),$);
#7492=IFCPROPERTYSET('35T9jKT29BTQ4FLRvsRgrx',#6,'Pset_OsdagDesignData',$,(#7490,#7491));
#7493=IFCRELDEFINESBYPROPERTIES('12IZPIPCT5WezRZqmWzZ1F',#6,$,$,(#7489),#7492);
#7494=IFCPROPERTYSINGLEVALUE('WeldType','WeldType',IFCLABEL('Fillet'),$);
#7495=IFCPROPERTYSET('1EgViJnWf1yvBdORA5T$k4',#6,'Pset_WeldCommon',$,(#7494));
#7496=IFCRELDEFINESBYPROPERTIES('0yen9Tvrn70QYMaDC544KA',#6,$,$,(#7489),#7495);
#7497=IFCQUANTITYLENGTH('Length','Length',$,330.6);
#7498=IFCQUANTITYLENGTH('Depth','Depth',$,5.);
#7499=IFCELEMENTQUANTITY('16SedxtQz4eurrmL$IkAUP',#6,'Qto_WeldBaseQuantities',$,'Custom',(#7497,#7498));
#7500=IFCRELDEFINESBYPROPERTIES('2NYD6a$4bBMvXt2BpBVzWh',#6,$,$,(#7489),#7499);
#7501=IFCCARTESIANPOINT((0.,0.));
#7502=IFCCARTESIANPOINT((5.,0.));
#7503=IFCCARTESIANPOINT((0.,5.));
#7504=IFCCARTESIANPOINT((0.,0.));
#7505=IFCPOLYLINE((#7501,#7502,#7503,#7504));
#7506=IFCARBITRARYCLOSEDPROFILEDEF(.AREA.,$,#7505);
#7507=IFCCARTESIANPOINT((26.55,187.3,524.5));
#7508=IFCDIRECTION((1.,0.,0.));
#7509=IFCDIRECTION((0.,0.,1.));
#7510=IFCAXIS2PLACEMENT3D(#7507,#7508,#7509);
#7511=IFCDIRECTION((0.,0.,1.));
#7512=IFCEXTRUDEDAREASOLID(#7506,#7510,#7511,98.45);
#7513=IFCCARTESIANPOINT((26.55,187.3,524.5));
#7514=IFCDIRECTION((1.,0.,0.));
#7515=IFCDIRECTION((0.,0.,1.));
#7516=IFCAXIS2PLACEMENT3D(#7513,#7514,#7515);
#7517=IFCLOCALPLACEMENT(#30,#7516);
#7518=IFCSHAPEREPRESENTATION(#18,'Body','SweptSolid',(#7512));
#7519=IFCPRODUCTDEFINITIONSHAPE($,$,(#7518));
#7520=IFCFASTENER('3MQOUNzG95yehFTaMC2MrF',#6,'Weld Joint',$,'WELD',#7517,#7519,$);
#7521=IFCPROPERTYSINGLEVALUE('DesignCode','DesignCode',IFCLABEL('IS 800:2007'),$);
#7522=IFCPROPERTYSINGLEVALUE('ExportTime','ExportTime',IFCLABEL('2026-04-07 11:25:01'),$);
#7523=IFCPROPERTYSET('3Gaf9gYb13vfSLtmIAKEuF',#6,'Pset_OsdagDesignData',$,(#7521,#7522));
#7524=IFCRELDEFINESBYPROPERTIES('2YMbON_LD1lA8imiiHh8w$',#6,$,$,(#7520),#7523);
#7525=IFCPROPERTYSINGLEVALUE('WeldType','WeldType',IFCLABEL('Fillet'),$);
#7526=IFCPROPERTYSET('04WwQujHbD8uD2lPXKD4as',#6,'Pset_WeldCommon',$,(#7525));
#7527=IFCRELDEFINESBYPROPERTIES('1WIhIJyp5AbPZMbgcYsCO$',#6,$,$,(#7520),#7526);
#7528=IFCQUANTITYLENGTH('Length','Length',$,98.45);
#7529=IFCQUANTITYLENGTH('Depth','Depth',$,5.);
#7530=IFCELEMENTQUANTITY('26mHcbkjP4Xv2LD9CFeZEI',#6,'Qto_WeldBaseQuantities',$,'Custom',(#7528,#7529));
#7531=IFCRELDEFINESBYPROPERTIES('0aoYm8IMz97OfNtanvv_vT',#6,$,$,(#7520),#7530);
#7532=IFCCARTESIANPOINT((0.,0.));
#7533=IFCCARTESIANPOINT((5.,0.));
#7534=IFCCARTESIANPOINT((0.,5.));
#7535=IFCCARTESIANPOINT((0.,0.));
#7536=IFCPOLYLINE((#7532,#7533,#7534,#7535));
#7537=IFCARBITRARYCLOSEDPROFILEDEF(.AREA.,$,#7536);
#7538=IFCCARTESIANPOINT((-125.,-187.3,800.5));
#7539=IFCDIRECTION((1.,0.,0.));
#7540=IFCDIRECTION((0.,0.,-1.));
#7541=IFCAXIS2PLACEMENT3D(#7538,#7539,#7540);
#7542=IFCDIRECTION((0.,0.,1.));
#7543=IFCEXTRUDEDAREASOLID(#7537,#7541,#7542,98.45);
#7544=IFCCARTESIANPOINT((-125.,-187.3,800.5));
#7545=IFCDIRECTION((1.,0.,0.));
#7546=IFCDIRECTION((0.,0.,-1.));
#7547=IFCAXIS2PLACEMENT3D(#7544,#7545,#7546);
#7548=IFCLOCALPLACEMENT(#30,#7547);
#7549=IFCSHAPEREPRESENTATION(#18,'Body','SweptSolid',(#7543));
#7550=IFCPRODUCTDEFINITIONSHAPE($,$,(#7549));
#7551=IFCFASTENER('1gNyEyiPT4rxRFp5MDw$bR',#6,'Weld Joint',$,'WELD',#7548,#7550,$);
#7552=IFCPROPERTYSINGLEVALUE('DesignCode','DesignCode',IFCLABEL('IS 800:2007'),$);
#7553=IFCPROPERTYSINGLEVALUE('ExportTime','ExportTime',IFCLABEL('2026-04-07 11:25:01'),$);
#7554=IFCPROPERTYSET('293GsZFdv6XgxoBpb_1Fw1',#6,'Pset_OsdagDesignData',$,(#7552,#7553));
#7555=IFCRELDEFINESBYPROPERTIES('0WeQ4dCv13jgMQkcjxXrRF',#6,$,$,(#7551),#7554);
#7556=IFCPROPERTYSINGLEVALUE('WeldType','WeldType',IFCLABEL('Fillet'),$);
#7557=IFCPROPERTYSET('3kL3_oPzfD7x6gUy7zV2Zm',#6,'Pset_WeldCommon',$,(#7556));
#7558=IFCRELDEFINESBYPROPERTIES('13p_LpbQf1OeUKGujCnb8H',#6,$,$,(#7551),#7557);
#7559=IFCQUANTITYLENGTH('Length','Length',$,98.45);
#7560=IFCQUANTITYLENGTH('Depth','Depth',$,5.);
#7561=IFCELEMENTQUANTITY('1oHDszqozFSglJjQNokvoJ',#6,'Qto_WeldBaseQuantities',$,'Custom',(#7559,#7560));
#7562=IFCRELDEFINESBYPROPERTIES('3sOOuUGdL92egbmT12Se_r',#6,$,$,(#7551),#7561);
#7563=IFCCARTESIANPOINT((0.,0.));
#7564=IFCCARTESIANPOINT((5.,0.));
#7565=IFCCARTESIANPOINT((0.,5.));
#7566=IFCCARTESIANPOINT((0.,0.));
#7567=IFCPOLYLINE((#7563,#7564,#7565,#7566));
#7568=IFCARBITRARYCLOSEDPROFILEDEF(.AREA.,$,#7567);
#7569=IFCCARTESIANPOINT((-4.55,-165.3,800.5));
#7570=IFCDIRECTION((0.,1.,0.));
#7571=IFCDIRECTION((0.,0.,-1.));
#7572=IFCAXIS2PLACEMENT3D(#7569,#7570,#7571);
#7573=IFCDIRECTION((0.,0.,1.));
#7574=IFCEXTRUDEDAREASOLID(#7568,#7572,#7573,330.6);
#7575=IFCCARTESIANPOINT((-4.55,-165.3,800.5));
#7576=IFCDIRECTION((0.,1.,0.));
#7577=IFCDIRECTION((0.,0.,-1.));
#7578=IFCAXIS2PLACEMENT3D(#7575,#7576,#7577);
#7579=IFCLOCALPLACEMENT(#30,#7578);
#7580=IFCSHAPEREPRESENTATION(#18,'Body','SweptSolid',(#7574));
#7581=IFCPRODUCTDEFINITIONSHAPE($,$,(#7580));
#7582=IFCFASTENER('2X$iU2Jbv0WvyYy9Rby59Q',#6,'Weld Joint',$,'WELD',#7579,#7581,$);
#7583=IFCPROPERTYSINGLEVALUE('DesignCode','DesignCode',IFCLABEL('IS 800:2007'),$);
#7584=IFCPROPERTYSINGLEVALUE('ExportTime','ExportTime',IFCLABEL('2026-04-07 11:25:01'),$);
#7585=IFCPROPERTYSET('08LJK0ZfDE4P4$oKyC3vEA',#6,'Pset_OsdagDesignData',$,(#7583,#7584));
#7586=IFCRELDEFINESBYPROPERTIES('1XbIx0Kx98K9QTSP1p8IE9',#6,$,$,(#7582),#7585);
#7587=IFCPROPERTYSINGLEVALUE('WeldType','WeldType',IFCLABEL('Fillet'),$);
#7588=IFCPROPERTYSET('3yepN5qHrFrQINIqbE3OPJ',#6,'Pset_WeldCommon',$,(#7587));
#7589=IFCRELDEFINESBYPROPERTIES('09HNHpFKfByORUNz1pPSxL',#6,$,$,(#7582),#7588);
#7590=IFCQUANTITYLENGTH('Length','Length',$,330.6);
#7591=IFCQUANTITYLENGTH('Depth','Depth',$,5.);
#7592=IFCELEMENTQUANTITY('01NepMRWLC696BhQpYyFr2',#6,'Qto_WeldBaseQuantities',$,'Custom',(#7590,#7591));
#7593=IFCRELDEFINESBYPROPERTIES('1KJ44xOr15GQ8U$oAV_uON',#6,$,$,(#7582),#7592);
#7594=IFCCARTESIANPOINT((0.,0.));
#7595=IFCCARTESIANPOINT((5.,0.));
#7596=IFCCARTESIANPOINT((0.,5.));
#7597=IFCCARTESIANPOINT((0.,0.));
#7598=IFCPOLYLINE((#7594,#7595,#7596,#7597));
#7599=IFCARBITRARYCLOSEDPROFILEDEF(.AREA.,$,#7598);
#7600=IFCCARTESIANPOINT((-125.,187.3,800.5));
#7601=IFCDIRECTION((1.,0.,0.));
#7602=IFCDIRECTION((0.,-1.,0.));
#7603=IFCAXIS2PLACEMENT3D(#7600,#7601,#7602);
#7604=IFCDIRECTION((0.,0.,1.));
#7605=IFCEXTRUDEDAREASOLID(#7599,#7603,#7604,98.45);
#7606=IFCCARTESIANPOINT((-125.,187.3,800.5));
#7607=IFCDIRECTION((1.,0.,0.));
#7608=IFCDIRECTION((0.,-1.,0.));
#7609=IFCAXIS2PLACEMENT3D(#7606,#7607,#7608);
#7610=IFCLOCALPLACEMENT(#30,#7609);
#7611=IFCSHAPEREPRESENTATION(#18,'Body','SweptSolid',(#7605));
#7612=IFCPRODUCTDEFINITIONSHAPE($,$,(#7611));
#7613=IFCFASTENER('1MqjsJUnT0qO4F1uTD9$Sm',#6,'Weld Joint',$,'WELD',#7610,#7612,$);
#7614=IFCPROPERTYSINGLEVALUE('DesignCode','DesignCode',IFCLABEL('IS 800:2007'),$);
#7615=IFCPROPERTYSINGLEVALUE('ExportTime','ExportTime',IFCLABEL('2026-04-07 11:25:01'),$);
#7616=IFCPROPERTYSET('2mri37FpH1o92tKl4szsIV',#6,'Pset_OsdagDesignData',$,(#7614,#7615));
#7617=IFCRELDEFINESBYPROPERTIES('2S1IHDHD51ZA_Fskyin$oC',#6,$,$,(#7613),#7616);
#7618=IFCPROPERTYSINGLEVALUE('WeldType','WeldType',IFCLABEL('Fillet'),$);
#7619=IFCPROPERTYSET('2WCwB8rnv5pefDxcvmxQcM',#6,'Pset_WeldCommon',$,(#7618));
#7620=IFCRELDEFINESBYPROPERTIES('2RkEHaRUr9pfhMsM7NtErq',#6,$,$,(#7613),#7619);
#7621=IFCQUANTITYLENGTH('Length','Length',$,98.45);
#7622=IFCQUANTITYLENGTH('Depth','Depth',$,5.);
#7623=IFCELEMENTQUANTITY('1hDHSRyez7Sf1e0A6e5RJ5',#6,'Qto_WeldBaseQuantities',$,'Custom',(#7621,#7622));
#7624=IFCRELDEFINESBYPROPERTIES('2GazlAKcTB3QmO8kSnkBv5',#6,$,$,(#7613),#7623);
#7625=IFCCARTESIANPOINT((0.,0.));
#7626=IFCCARTESIANPOINT((5.,0.));
#7627=IFCCARTESIANPOINT((0.,5.));
#7628=IFCCARTESIANPOINT((0.,0.));
#7629=IFCPOLYLINE((#7625,#7626,#7627,#7628));
#7630=IFCARBITRARYCLOSEDPROFILEDEF(.AREA.,$,#7629);
#7631=IFCCARTESIANPOINT((-125.,-187.3,814.5));
#7632=IFCDIRECTION((1.,0.,0.));
#7633=IFCDIRECTION((0.,1.,0.));
#7634=IFCAXIS2PLACEMENT3D(#7631,#7632,#7633);
#7635=IFCDIRECTION((0.,0.,1.));
#7636=IFCEXTRUDEDAREASOLID(#7630,#7634,#7635,98.45);
#7637=IFCCARTESIANPOINT((-125.,-187.3,814.5));
#7638=IFCDIRECTION((1.,0.,0.));
#7639=IFCDIRECTION((0.,1.,0.));
#7640=IFCAXIS2PLACEMENT3D(#7637,#7638,#7639);
#7641=IFCLOCALPLACEMENT(#30,#7640);
#7642=IFCSHAPEREPRESENTATION(#18,'Body','SweptSolid',(#7636));
#7643=IFCPRODUCTDEFINITIONSHAPE($,$,(#7642));
#7644=IFCFASTENER('0l9GtKm25DuQYQGWKWLoOg',#6,'Weld Joint',$,'WELD',#7641,#7643,$);
#7645=IFCPROPERTYSINGLEVALUE('DesignCode','DesignCode',IFCLABEL('IS 800:2007'),$);
#7646=IFCPROPERTYSINGLEVALUE('ExportTime','ExportTime',IFCLABEL('2026-04-07 11:25:01'),$);
#7647=IFCPROPERTYSET('1X4W9kAzf3AxofE$cr4Dbf',#6,'Pset_OsdagDesignData',$,(#7645,#7646));
#7648=IFCRELDEFINESBYPROPERTIES('0Sf0Y_vJDC$Oce18BTg5jH',#6,$,$,(#7644),#7647);
#7649=IFCPROPERTYSINGLEVALUE('WeldType','WeldType',IFCLABEL('Fillet'),$);
#7650=IFCPROPERTYSET('3nezHMr5fEnRT$cAS3IdKU',#6,'Pset_WeldCommon',$,(#7649));
#7651=IFCRELDEFINESBYPROPERTIES('2KcN7CLy5BFAWIBGh5kaJn',#6,$,$,(#7644),#7650);
#7652=IFCQUANTITYLENGTH('Length','Length',$,98.45);
#7653=IFCQUANTITYLENGTH('Depth','Depth',$,5.);
#7654=IFCELEMENTQUANTITY('24Wwx4LmH6ofkq332VhKE_',#6,'Qto_WeldBaseQuantities',$,'Custom',(#7652,#7653));
#7655=IFCRELDEFINESBYPROPERTIES('02yaDeFT13AeOOAccX42ZR',#6,$,$,(#7644),#7654);
#7656=IFCCARTESIANPOINT((0.,0.));
#7657=IFCCARTESIANPOINT((5.,0.));
#7658=IFCCARTESIANPOINT((0.,5.));
#7659=IFCCARTESIANPOINT((0.,0.));
#7660=IFCPOLYLINE((#7656,#7657,#7658,#7659));
#7661=IFCARBITRARYCLOSEDPROFILEDEF(.AREA.,$,#7660);
#7662=IFCCARTESIANPOINT((-4.55,-165.3,814.5));
#7663=IFCDIRECTION((0.,1.,0.));
#7664=IFCDIRECTION((-1.,0.,0.));
#7665=IFCAXIS2PLACEMENT3D(#7662,#7663,#7664);
#7666=IFCDIRECTION((0.,0.,1.));
#7667=IFCEXTRUDEDAREASOLID(#7661,#7665,#7666,330.6);
#7668=IFCCARTESIANPOINT((-4.55,-165.3,814.5));
#7669=IFCDIRECTION((0.,1.,0.));
#7670=IFCDIRECTION((-1.,0.,0.));
#7671=IFCAXIS2PLACEMENT3D(#7668,#7669,#7670);
#7672=IFCLOCALPLACEMENT(#30,#7671);
#7673=IFCSHAPEREPRESENTATION(#18,'Body','SweptSolid',(#7667));
#7674=IFCPRODUCTDEFINITIONSHAPE($,$,(#7673));
#7675=IFCFASTENER('3HPPl9gun7$AY2fh4WrJxG',#6,'Weld Joint',$,'WELD',#7672,#7674,$);
#7676=IFCPROPERTYSINGLEVALUE('DesignCode','DesignCode',IFCLABEL('IS 800:2007'),$);
#7677=IFCPROPERTYSINGLEVALUE('ExportTime','ExportTime',IFCLABEL('2026-04-07 11:25:01'),$);
#7678=IFCPROPERTYSET('33dJps$yn58PcSwaKjDmYH',#6,'Pset_OsdagDesignData',$,(#7676,#7677));
#7679=IFCRELDEFINESBYPROPERTIES('2TK7t4At5BiwxTyEJ3xeZb',#6,$,$,(#7675),#7678);
#7680=IFCPROPERTYSINGLEVALUE('WeldType','WeldType',IFCLABEL('Fillet'),$);
#7681=IFCPROPERTYSET('3r0NiWGoT1w9Y5VsX$L4qs',#6,'Pset_WeldCommon',$,(#7680));
#7682=IFCRELDEFINESBYPROPERTIES('2CH$KdnJn4WBvBtaoAVCJQ',#6,$,$,(#7675),#7681);
#7683=IFCQUANTITYLENGTH('Length','Length',$,330.6);
#7684=IFCQUANTITYLENGTH('Depth','Depth',$,5.);
#7685=IFCELEMENTQUANTITY('0TN8ENoH57LPnKIxxlK6wz',#6,'Qto_WeldBaseQuantities',$,'Custom',(#7683,#7684));
#7686=IFCRELDEFINESBYPROPERTIES('2ulQneQi5CY9jyGlinRsnV',#6,$,$,(#7675),#7685);
#7687=IFCCARTESIANPOINT((0.,0.));
#7688=IFCCARTESIANPOINT((5.,0.));
#7689=IFCCARTESIANPOINT((0.,5.));
#7690=IFCCARTESIANPOINT((0.,0.));
#7691=IFCPOLYLINE((#7687,#7688,#7689,#7690));
#7692=IFCARBITRARYCLOSEDPROFILEDEF(.AREA.,$,#7691);
#7693=IFCCARTESIANPOINT((-125.,187.3,814.5));
#7694=IFCDIRECTION((1.,0.,0.));
#7695=IFCDIRECTION((0.,0.,1.));
#7696=IFCAXIS2PLACEMENT3D(#7693,#7694,#7695);
#7697=IFCDIRECTION((0.,0.,1.));
#7698=IFCEXTRUDEDAREASOLID(#7692,#7696,#7697,98.45);
#7699=IFCCARTESIANPOINT((-125.,187.3,814.5));
#7700=IFCDIRECTION((1.,0.,0.));
#7701=IFCDIRECTION((0.,0.,1.));
#7702=IFCAXIS2PLACEMENT3D(#7699,#7700,#7701);
#7703=IFCLOCALPLACEMENT(#30,#7702);
#7704=IFCSHAPEREPRESENTATION(#18,'Body','SweptSolid',(#7698));
#7705=IFCPRODUCTDEFINITIONSHAPE($,$,(#7704));
#7706=IFCFASTENER('2wAMfmdhXCPvokroTOdbYu',#6,'Weld Joint',$,'WELD',#7703,#7705,$);
#7707=IFCPROPERTYSINGLEVALUE('DesignCode','DesignCode',IFCLABEL('IS 800:2007'),$);
#7708=IFCPROPERTYSINGLEVALUE('ExportTime','ExportTime',IFCLABEL('2026-04-07 11:25:01'),$);
#7709=IFCPROPERTYSET('1aj5c1FtD0j9kzEB2QLMUy',#6,'Pset_OsdagDesignData',$,(#7707,#7708));
#7710=IFCRELDEFINESBYPROPERTIES('2Zn6FxfmX3juZL8g5L2iO9',#6,$,$,(#7706),#7709);
#7711=IFCPROPERTYSINGLEVALUE('WeldType','WeldType',IFCLABEL('Fillet'),$);
#7712=IFCPROPERTYSET('1ZC$tzgxj8UwPgi1rp31B8',#6,'Pset_WeldCommon',$,(#7711));
#7713=IFCRELDEFINESBYPROPERTIES('3xk7GbPA9AXhLNjJX0cpEs',#6,$,$,(#7706),#7712);
#7714=IFCQUANTITYLENGTH('Length','Length',$,98.45);
#7715=IFCQUANTITYLENGTH('Depth','Depth',$,5.);
#7716=IFCELEMENTQUANTITY('3lbRDfPKLDqAUg0C03HwHP',#6,'Qto_WeldBaseQuantities',$,'Custom',(#7714,#7715));
#7717=IFCRELDEFINESBYPROPERTIES('2nLxAw9Ub3uuGJhbZGSB6r',#6,$,$,(#7706),#7716);
#7718=IFCCARTESIANPOINT((0.,0.));
#7719=IFCCARTESIANPOINT((5.,0.));
#7720=IFCCARTESIANPOINT((0.,5.));
#7721=IFCCARTESIANPOINT((0.,0.));
#7722=IFCPOLYLINE((#7718,#7719,#7720,#7721));
#7723=IFCARBITRARYCLOSEDPROFILEDEF(.AREA.,$,#7722);
#7724=IFCCARTESIANPOINT((-125.,-187.3,510.5));
#7725=IFCDIRECTION((1.,0.,0.));
#7726=IFCDIRECTION((0.,0.,-1.));
#7727=IFCAXIS2PLACEMENT3D(#7724,#7725,#7726);
#7728=IFCDIRECTION((0.,0.,1.));
#7729=IFCEXTRUDEDAREASOLID(#7723,#7727,#7728,98.45);
#7730=IFCCARTESIANPOINT((-125.,-187.3,510.5));
#7731=IFCDIRECTION((1.,0.,0.));
#7732=IFCDIRECTION((0.,0.,-1.));
#7733=IFCAXIS2PLACEMENT3D(#7730,#7731,#7732);
#7734=IFCLOCALPLACEMENT(#30,#7733);
#7735=IFCSHAPEREPRESENTATION(#18,'Body','SweptSolid',(#7729));
#7736=IFCPRODUCTDEFINITIONSHAPE($,$,(#7735));
#7737=IFCFASTENER('0al0j2XB585BlB55Upv6m$',#6,'Weld Joint',$,'WELD',#7734,#7736,$);
#7738=IFCPROPERTYSINGLEVALUE('DesignCode','DesignCode',IFCLABEL('IS 800:2007'),$);
#7739=IFCPROPERTYSINGLEVALUE('ExportTime','ExportTime',IFCLABEL('2026-04-07 11:25:01'),$);
#7740=IFCPROPERTYSET('13yDDkCwfEMu3G$k8yIU1_',#6,'Pset_OsdagDesignData',$,(#7738,#7739));
#7741=IFCRELDEFINESBYPROPERTIES('0OicS6tn91ugD0l29$Up$x',#6,$,$,(#7737),#7740);
#7742=IFCPROPERTYSINGLEVALUE('WeldType','WeldType',IFCLABEL('Fillet'),$);
#7743=IFCPROPERTYSET('0$WPFfwbL6jBsEjbyzDWyx',#6,'Pset_WeldCommon',$,(#7742));
#7744=IFCRELDEFINESBYPROPERTIES('0SMkLtpPH51OcRo82X7vAb',#6,$,$,(#7737),#7743);
#7745=IFCQUANTITYLENGTH('Length','Length',$,98.45);
#7746=IFCQUANTITYLENGTH('Depth','Depth',$,5.);
#7747=IFCELEMENTQUANTITY('0AgjR2IjL0cANf_YhJQoAQ',#6,'Qto_WeldBaseQuantities',$,'Custom',(#7745,#7746));
#7748=IFCRELDEFINESBYPROPERTIES('1mbOE5OSz3Yg2uJj1zQMO_',#6,$,$,(#7737),#7747);
#7749=IFCCARTESIANPOINT((0.,0.));
#7750=IFCCARTESIANPOINT((5.,0.));
#7751=IFCCARTESIANPOINT((0.,5.));
#7752=IFCCARTESIANPOINT((0.,0.));
#7753=IFCPOLYLINE((#7749,#7750,#7751,#7752));
#7754=IFCARBITRARYCLOSEDPROFILEDEF(.AREA.,$,#7753);
#7755=IFCCARTESIANPOINT((-4.55,-165.3,510.5));
#7756=IFCDIRECTION((0.,1.,0.));
#7757=IFCDIRECTION((0.,0.,-1.));
#7758=IFCAXIS2PLACEMENT3D(#7755,#7756,#7757);
#7759=IFCDIRECTION((0.,0.,1.));
#7760=IFCEXTRUDEDAREASOLID(#7754,#7758,#7759,330.6);
#7761=IFCCARTESIANPOINT((-4.55,-165.3,510.5));
#7762=IFCDIRECTION((0.,1.,0.));
#7763=IFCDIRECTION((0.,0.,-1.));
#7764=IFCAXIS2PLACEMENT3D(#7761,#7762,#7763);
#7765=IFCLOCALPLACEMENT(#30,#7764);
#7766=IFCSHAPEREPRESENTATION(#18,'Body','SweptSolid',(#7760));
#7767=IFCPRODUCTDEFINITIONSHAPE($,$,(#7766));
#7768=IFCFASTENER('3Lk1sp_NT7fBjHr7Og5CmL',#6,'Weld Joint',$,'WELD',#7765,#7767,$);
#7769=IFCPROPERTYSINGLEVALUE('DesignCode','DesignCode',IFCLABEL('IS 800:2007'),$);
#7770=IFCPROPERTYSINGLEVALUE('ExportTime','ExportTime',IFCLABEL('2026-04-07 11:25:01'),$);
#7771=IFCPROPERTYSET('338iP5DXL6vuXoblmII7pP',#6,'Pset_OsdagDesignData',$,(#7769,#7770));
#7772=IFCRELDEFINESBYPROPERTIES('1Z0qJW1JH8ZwNguLnhVj_y',#6,$,$,(#7768),#7771);
#7773=IFCPROPERTYSINGLEVALUE('WeldType','WeldType',IFCLABEL('Fillet'),$);
#7774=IFCPROPERTYSET('2BRm8KXI5E4woHMVMskEbz',#6,'Pset_WeldCommon',$,(#7773));
#7775=IFCRELDEFINESBYPROPERTIES('2RVjXdMVX56v1zWBpo5nma',#6,$,$,(#7768),#7774);
#7776=IFCQUANTITYLENGTH('Length','Length',$,330.6);
#7777=IFCQUANTITYLENGTH('Depth','Depth',$,5.);
#7778=IFCELEMENTQUANTITY('26O7qbtUP0e98$UGGCSzOw',#6,'Qto_WeldBaseQuantities',$,'Custom',(#7776,#7777));
#7779=IFCRELDEFINESBYPROPERTIES('1X21IoTz9ANAh$5deehwoM',#6,$,$,(#7768),#7778);
#7780=IFCCARTESIANPOINT((0.,0.));
#7781=IFCCARTESIANPOINT((5.,0.));
#7782=IFCCARTESIANPOINT((0.,5.));
#7783=IFCCARTESIANPOINT((0.,0.));
#7784=IFCPOLYLINE((#7780,#7781,#7782,#7783));
#7785=IFCARBITRARYCLOSEDPROFILEDEF(.AREA.,$,#7784);
#7786=IFCCARTESIANPOINT((-125.,187.3,510.5));
#7787=IFCDIRECTION((1.,0.,0.));
#7788=IFCDIRECTION((0.,-1.,0.));
#7789=IFCAXIS2PLACEMENT3D(#7786,#7787,#7788);
#7790=IFCDIRECTION((0.,0.,1.));
#7791=IFCEXTRUDEDAREASOLID(#7785,#7789,#7790,98.45);
#7792=IFCCARTESIANPOINT((-125.,187.3,510.5));
#7793=IFCDIRECTION((1.,0.,0.));
#7794=IFCDIRECTION((0.,-1.,0.));
#7795=IFCAXIS2PLACEMENT3D(#7792,#7793,#7794);
#7796=IFCLOCALPLACEMENT(#30,#7795);
#7797=IFCSHAPEREPRESENTATION(#18,'Body','SweptSolid',(#7791));
#7798=IFCPRODUCTDEFINITIONSHAPE($,$,(#7797));
#7799=IFCFASTENER('0Iem$36wn509dBjvTB3ApO',#6,'Weld Joint',$,'WELD',#7796,#7798,$);
#7800=IFCPROPERTYSINGLEVALUE('DesignCode','DesignCode',IFCLABEL('IS 800:2007'),$);
#7801=IFCPROPERTYSINGLEVALUE('ExportTime','ExportTime',IFCLABEL('2026-04-07 11:25:01'),$);
#7802=IFCPROPERTYSET('0QhZV09JLC7gE6Rk0kwNjS',#6,'Pset_OsdagDesignData',$,(#7800,#7801));
#7803=IFCRELDEFINESBYPROPERTIES('1GtkrlxWPAjhDhKzR4n2Ky',#6,$,$,(#7799),#7802);
#7804=IFCPROPERTYSINGLEVALUE('WeldType','WeldType',IFCLABEL('Fillet'),$);
#7805=IFCPROPERTYSET('2HAZ6RlLn5cfb_llJRMajg',#6,'Pset_WeldCommon',$,(#7804));
#7806=IFCRELDEFINESBYPROPERTIES('0FIWEwBcr2HwYXzptuC$GO',#6,$,$,(#7799),#7805);
#7807=IFCQUANTITYLENGTH('Length','Length',$,98.45);
#7808=IFCQUANTITYLENGTH('Depth','Depth',$,5.);
#7809=IFCELEMENTQUANTITY('2M2HfdNnvEkAMjByk$GzCY',#6,'Qto_WeldBaseQuantities',$,'Custom',(#7807,#7808));
#7810=IFCRELDEFINESBYPROPERTIES('1F118avp96tvPRHLV8XOcs',#6,$,$,(#7799),#7809);
#7811=IFCCARTESIANPOINT((0.,0.));
#7812=IFCCARTESIANPOINT((5.,0.));
#7813=IFCCARTESIANPOINT((0.,5.));
#7814=IFCCARTESIANPOINT((0.,0.));
#7815=IFCPOLYLINE((#7811,#7812,#7813,#7814));
#7816=IFCARBITRARYCLOSEDPROFILEDEF(.AREA.,$,#7815);
#7817=IFCCARTESIANPOINT((-125.,-187.3,524.5));
#7818=IFCDIRECTION((1.,0.,0.));
#7819=IFCDIRECTION((0.,1.,0.));
#7820=IFCAXIS2PLACEMENT3D(#7817,#7818,#7819);
#7821=IFCDIRECTION((0.,0.,1.));
#7822=IFCEXTRUDEDAREASOLID(#7816,#7820,#7821,98.45);
#7823=IFCCARTESIANPOINT((-125.,-187.3,524.5));
#7824=IFCDIRECTION((1.,0.,0.));
#7825=IFCDIRECTION((0.,1.,0.));
#7826=IFCAXIS2PLACEMENT3D(#7823,#7824,#7825);
#7827=IFCLOCALPLACEMENT(#30,#7826);
#7828=IFCSHAPEREPRESENTATION(#18,'Body','SweptSolid',(#7822));
#7829=IFCPRODUCTDEFINITIONSHAPE($,$,(#7828));
#7830=IFCFASTENER('2m4Yp7bVX8pO2xiPa1Vk1Q',#6,'Weld Joint',$,'WELD',#7827,#7829,$);
#7831=IFCPROPERTYSINGLEVALUE('DesignCode','DesignCode',IFCLABEL('IS 800:2007'),$);
#7832=IFCPROPERTYSINGLEVALUE('ExportTime','ExportTime',IFCLABEL('2026-04-07 11:25:01'),$);
#7833=IFCPROPERTYSET('0ira4UgHrFZfKgymKq66Xp',#6,'Pset_OsdagDesignData',$,(#7831,#7832));
#7834=IFCRELDEFINESBYPROPERTIES('3D8GKbaFHCMO2CYg1C6wH6',#6,$,$,(#7830),#7833);
#7835=IFCPROPERTYSINGLEVALUE('WeldType','WeldType',IFCLABEL('Fillet'),$);
#7836=IFCPROPERTYSET('3BiLeysGL8aPQ1PZRxsnpv',#6,'Pset_WeldCommon',$,(#7835));
#7837=IFCRELDEFINESBYPROPERTIES('0Hqxe2Bdj9eQ6CEpjwAIyb',#6,$,$,(#7830),#7836);
#7838=IFCQUANTITYLENGTH('Length','Length',$,98.45);
#7839=IFCQUANTITYLENGTH('Depth','Depth',$,5.);
#7840=IFCELEMENTQUANTITY('2wbvOrDan1hvTmGb55nhTf',#6,'Qto_WeldBaseQuantities',$,'Custom',(#7838,#7839));
#7841=IFCRELDEFINESBYPROPERTIES('029VKmuzr21grn65m2ubQs',#6,$,$,(#7830),#7840);
#7842=IFCCARTESIANPOINT((0.,0.));
#7843=IFCCARTESIANPOINT((5.,0.));
#7844=IFCCARTESIANPOINT((0.,5.));
#7845=IFCCARTESIANPOINT((0.,0.));
#7846=IFCPOLYLINE((#7842,#7843,#7844,#7845));
#7847=IFCARBITRARYCLOSEDPROFILEDEF(.AREA.,$,#7846);
#7848=IFCCARTESIANPOINT((-4.55,-165.3,524.5));
#7849=IFCDIRECTION((0.,1.,0.));
#7850=IFCDIRECTION((-1.,0.,0.));
#7851=IFCAXIS2PLACEMENT3D(#7848,#7849,#7850);
#7852=IFCDIRECTION((0.,0.,1.));
#7853=IFCEXTRUDEDAREASOLID(#7847,#7851,#7852,330.6);
#7854=IFCCARTESIANPOINT((-4.55,-165.3,524.5));
#7855=IFCDIRECTION((0.,1.,0.));
#7856=IFCDIRECTION((-1.,0.,0.));
#7857=IFCAXIS2PLACEMENT3D(#7854,#7855,#7856);
#7858=IFCLOCALPLACEMENT(#30,#7857);
#7859=IFCSHAPEREPRESENTATION(#18,'Body','SweptSolid',(#7853));
#7860=IFCPRODUCTDEFINITIONSHAPE($,$,(#7859));
#7861=IFCFASTENER('0RoOQcYkX29RxjRQuxby78',#6,'Weld Joint',$,'WELD',#7858,#7860,$);
#7862=IFCPROPERTYSINGLEVALUE('DesignCode','DesignCode',IFCLABEL('IS 800:2007'),$);
#7863=IFCPROPERTYSINGLEVALUE('ExportTime','ExportTime',IFCLABEL('2026-04-07 11:25:01'),$);
#7864=IFCPROPERTYSET('0JlH$mXBD7bOkvDyo4mr2N',#6,'Pset_OsdagDesignData',$,(#7862,#7863));
#7865=IFCRELDEFINESBYPROPERTIES('2QO40pls13HxPsrrnVTc_K',#6,$,$,(#7861),#7864);
#7866=IFCPROPERTYSINGLEVALUE('WeldType','WeldType',IFCLABEL('Fillet'),$);
#7867=IFCPROPERTYSET('0__aMua9r9Pe8zRNGJJnLy',#6,'Pset_WeldCommon',$,(#7866));
#7868=IFCRELDEFINESBYPROPERTIES('0nOF77TznASguU3IlPTv5e',#6,$,$,(#7861),#7867);
#7869=IFCQUANTITYLENGTH('Length','Length',$,330.6);
#7870=IFCQUANTITYLENGTH('Depth','Depth',$,5.);
#7871=IFCELEMENTQUANTITY('1d3eGzsef9WRQGyGLCu2x3',#6,'Qto_WeldBaseQuantities',$,'Custom',(#7869,#7870));
#7872=IFCRELDEFINESBYPROPERTIES('1JYUfU3ST5$fzSRwFX6v6b',#6,$,$,(#7861),#7871);
#7873=IFCCARTESIANPOINT((0.,0.));
#7874=IFCCARTESIANPOINT((5.,0.));
#7875=IFCCARTESIANPOINT((0.,5.));
#7876=IFCCARTESIANPOINT((0.,0.));
#7877=IFCPOLYLINE((#7873,#7874,#7875,#7876));
#7878=IFCARBITRARYCLOSEDPROFILEDEF(.AREA.,$,#7877);
#7879=IFCCARTESIANPOINT((-125.,187.3,524.5));
#7880=IFCDIRECTION((1.,0.,0.));
#7881=IFCDIRECTION((0.,0.,1.));
#7882=IFCAXIS2PLACEMENT3D(#7879,#7880,#7881);
#7883=IFCDIRECTION((0.,0.,1.));
#7884=IFCEXTRUDEDAREASOLID(#7878,#7882,#7883,98.45);
#7885=IFCCARTESIANPOINT((-125.,187.3,524.5));
#7886=IFCDIRECTION((1.,0.,0.));
#7887=IFCDIRECTION((0.,0.,1.));
#7888=IFCAXIS2PLACEMENT3D(#7885,#7886,#7887);
#7889=IFCLOCALPLACEMENT(#30,#7888);
#7890=IFCSHAPEREPRESENTATION(#18,'Body','SweptSolid',(#7884));
#7891=IFCPRODUCTDEFINITIONSHAPE($,$,(#7890));
#7892=IFCFASTENER('26qPjHtALFlhz40qRKvcDT',#6,'Weld Joint',$,'WELD',#7889,#7891,$);
#7893=IFCPROPERTYSINGLEVALUE('DesignCode','DesignCode',IFCLABEL('IS 800:2007'),$);
#7894=IFCPROPERTYSINGLEVALUE('ExportTime','ExportTime',IFCLABEL('2026-04-07 11:25:01'),$);
#7895=IFCPROPERTYSET('1GMboCqM11Iu$b2n2ySUM1',#6,'Pset_OsdagDesignData',$,(#7893,#7894));
#7896=IFCRELDEFINESBYPROPERTIES('3cvlgWV298nPygi6xFqodr',#6,$,$,(#7892),#7895);
#7897=IFCPROPERTYSINGLEVALUE('WeldType','WeldType',IFCLABEL('Fillet'),$);
#7898=IFCPROPERTYSET('2Pg4FRkjX7MuEHA_figVMJ',#6,'Pset_WeldCommon',$,(#7897));
#7899=IFCRELDEFINESBYPROPERTIES('0jV43z$HL0pO0ryE3nhydN',#6,$,$,(#7892),#7898);
#7900=IFCQUANTITYLENGTH('Length','Length',$,98.45);
#7901=IFCQUANTITYLENGTH('Depth','Depth',$,5.);
#7902=IFCELEMENTQUANTITY('09OIi1wFXFdQMAL9TJSWQR',#6,'Qto_WeldBaseQuantities',$,'Custom',(#7900,#7901));
#7903=IFCRELDEFINESBYPROPERTIES('2yRdOiBzPE3OJqlnkQbex9',#6,$,$,(#7892),#7902);
#7904=IFCRELCONNECTSELEMENTS('1OfAU1YEj6WQv5mjf7bKwd',#6,$,$,$,#59,#649);
#7905=IFCRELCONNECTSELEMENTS('0cLXqwJ3DC48qVNwvKj7k5',#6,$,$,$,#59,#1227);
#7906=IFCRELCONNECTSELEMENTS('0vCBgFsHL0PRQmQyejpjWF',#6,$,$,$,#59,#1813);
#7907=IFCRELCONNECTSELEMENTS('3aG24sFEb5yR52Z_9PLMtV',#6,$,$,$,#59,#2399);
#7908=IFCRELCONNECTSELEMENTS('3icJkORIz7JhDHofdFI08b',#6,$,$,$,#59,#2985);
#7909=IFCRELCONNECTSELEMENTS('11AAX1Lk1Bl9BIJOAz6Jac',#6,$,$,$,#59,#3571);
#7910=IFCELEMENTASSEMBLY('3sY7YDTNbFJ8pyseaUS5j0',#6,'Connection_Beam-to-Column_End_Plate_Connection',$,'CONNECTION',#7916,$,$,$,.USERDEFINED.);
#7911=IFCRELAGGREGATES('3Mks6YSSbBORsPJ9fGupOU',#6,$,$,#7910,(#59,#649,#1227,#1813,#2399,#2985,#3571,#4173,#4222,#4271,#4320,#4369,#4418,#4467,#4516,#4565,#4614,#4663,#4712,#4761,#4810,#4859,#4908,#4957,#5006,#5055,#5104,#5153,#5202,#5251,#5300,#5349,#5398,#5447,#5496,#5545,#5594,#5643,#5692,#5735,#5778,#5821,#5864,#5907,#5950,#5993,#6036,#6079,#6122,#6165,#6208,#6251,#6294,#6337,#6380,#6423,#6466,#6509,#6552,#6595,#6638,#6681,#6724,#6767,#6810,#6853,#6896,#6939,#6982,#7025,#7068,#7090,#7119,#7148,#7179,#7210,#7241,#7272,#7303,#7334,#7365,#7396,#7427,#7458,#7489,#7520,#7551,#7582,#7613,#7644,#7675,#7706,#7737,#7768,#7799,#7830,#7861,#7892));
#7912=IFCCARTESIANPOINT((0.,0.,0.));
#7913=IFCDIRECTION((0.,0.,1.));
#7914=IFCDIRECTION((1.,0.,0.));
#7915=IFCAXIS2PLACEMENT3D(#7912,#7913,#7914);
#7916=IFCLOCALPLACEMENT(#30,#7915);
#7917=IFCPROPERTYSINGLEVALUE('Material','Material',IFCLABEL('E 250 (Fe 410 W)A'),$);
#7918=IFCPROPERTYSINGLEVALUE('Supporting_Profile','Supporting_Profile',IFCLABEL('HB 400'),$);
#7919=IFCPROPERTYSINGLEVALUE('Supported_Profile','Supported_Profile',IFCLABEL('WB 300'),$);
#7920=IFCPROPERTYSINGLEVALUE('Moment_kNm','Moment_kNm',IFCREAL(80.),$);
#7921=IFCPROPERTYSINGLEVALUE('ShearForce_kN','ShearForce_kN',IFCREAL(50.),$);
#7922=IFCPROPERTYSINGLEVALUE('AxialForce_kN','AxialForce_kN',IFCREAL(0.),$);
#7923=IFCPROPERTYSINGLEVALUE('ConnectionType','ConnectionType',IFCLABEL('Beam-to-Column End Plate Connection'),$);
#7924=IFCPROPERTYSINGLEVALUE('DesignStatus','DesignStatus',IFCLABEL('True'),$);
#7925=IFCPROPERTYSINGLEVALUE('CAD_Class','CAD_Class',IFCLABEL('BeamColumnEndPlate'),$);
#7926=IFCPROPERTYSET('2e6a3kGmXEQw5QUT20Flxz',#6,'Pset_OsdagDesignData',$,(#7917,#7918,#7919,#7920,#7921,#7922,#7923,#7924,#7925));
#7927=IFCRELDEFINESBYPROPERTIES('1Gd0TzPKHF$OLh$3gojDOk',#6,$,$,(#7910),#7926);
#7928=IFCRELCONTAINEDINSPATIALSTRUCTURE('07FieTpi5AphaljzCbjQwr',#6,$,$,(#7910),#24);
#7929=IFCPROPERTYSINGLEVALUE('Overlap_1','Overlap_1',IFCLABEL('Beam intersects Connection Plate (volume=630000.0 mm3)'),$);
#7930=IFCPROPERTYSINGLEVALUE('Overlap_2','Overlap_2',IFCLABEL('Beam intersects Continuity Plate (volume=39688.3 mm3)'),$);
#7931=IFCPROPERTYSINGLEVALUE('Overlap_3','Overlap_3',IFCLABEL('Beam intersects Continuity Plate (volume=111127.2 mm3)'),$);
#7932=IFCPROPERTYSINGLEVALUE('Overlap_4','Overlap_4',IFCLABEL('Beam intersects Continuity Plate (volume=111127.2 mm3)'),$);
#7933=IFCPROPERTYSINGLEVALUE('Overlap_5','Overlap_5',IFCLABEL('Beam intersects Continuity Plate (volume=39688.3 mm3)'),$);
#7934=IFCPROPERTYSINGLEVALUE('OverlapCount','OverlapCount',IFCINTEGER(5),$);
#7935=IFCPROPERTYSET('1sJNOcUC10HhYqAYmQ4BtP',#6,'Pset_OsdagOverlapDetection',$,(#7934,#7929,#7930,#7931,#7932,#7933));
#7936=IFCRELDEFINESBYPROPERTIES('0bn55B3Uv3CxhYRrF_6jLC',#6,$,$,(#19),#7935);
ENDSEC;
END-ISO-10303-21;
